2026-06-07 22:44:51 DEBUG org.springframework.core.env.PropertySourcesPropertyResolver - Found key 'spring.application.name' in PropertySource 'configurationProperties' with value of type String
2026-06-07 22:44:51 INFO  com.pup.taguig.app.OrderManagementApplication - Starting OrderManagementApplication using Java 23.0.2 with PID 56764 (/Users/aronstephencordova/eclipse-workspace/OrderManagement/target/classes started by aronstephencordova in /Users/aronstephencordova/eclipse-workspace/OrderManagement)
2026-06-07 22:44:51 DEBUG com.pup.taguig.app.OrderManagementApplication - Running with Spring Boot v4.0.6, Spring v7.0.7
2026-06-07 22:44:51 INFO  com.pup.taguig.app.OrderManagementApplication - No active profile set, falling back to 1 default profile: "default"
2026-06-07 22:44:51 DEBUG org.springframework.boot.SpringApplication - Loading source class com.pup.taguig.app.OrderManagementApplication
2026-06-07 22:44:51 DEBUG org.springframework.boot.web.server.servlet.context.AnnotationConfigServletWebServerApplicationContext - Refreshing org.springframework.boot.web.server.servlet.context.AnnotationConfigServletWebServerApplicationContext@402f80f5
2026-06-07 22:44:51 DEBUG org.springframework.beans.factory.support.DefaultListableBeanFactory - Creating shared instance of singleton bean 'org.springframework.context.annotation.internalConfigurationAnnotationProcessor'
2026-06-07 22:44:51 DEBUG org.springframework.beans.factory.support.DefaultListableBeanFactory - Creating shared instance of singleton bean 'org.springframework.boot.autoconfigure.internalCachingMetadataReaderFactory'
2026-06-07 22:44:51 DEBUG org.springframework.beans.factory.support.DefaultListableBeanFactory - Creating shared instance of singleton bean 'org.springframework.boot.autoconfigure.AutoConfigurationPackages'
2026-06-07 22:44:51 DEBUG org.springframework.boot.autoconfigure.AutoConfigurationPackages - @EnableAutoConfiguration was declared on a class in the package 'com.pup.taguig.app'. Automatic @Repository and @Entity scanning is enabled.
2026-06-07 22:44:51 DEBUG org.mybatis.spring.boot.autoconfigure.MybatisAutoConfiguration - Searching for mappers annotated with @Mapper
2026-06-07 22:44:51 DEBUG org.mybatis.spring.boot.autoconfigure.MybatisAutoConfiguration - Using auto-configuration base package 'com.pup.taguig.app'
2026-06-07 22:44:51 INFO  org.springframework.data.repository.config.RepositoryConfigurationDelegate - Bootstrapping Spring Data JPA repositories in DEFAULT mode.
2026-06-07 22:44:51 DEBUG org.springframework.data.repository.config.RepositoryConfigurationDelegate - Scanning for JPA repositories in packages com.pup.taguig.app.
2026-06-07 22:44:51 INFO  org.springframework.data.repository.config.RepositoryConfigurationDelegate - Finished Spring Data repository scanning in 2 ms. Found 0 JPA repository interfaces.
2026-06-07 22:44:51 DEBUG org.springframework.beans.factory.support.DefaultListableBeanFactory - Creating shared instance of singleton bean 'org.mybatis.spring.mapper.MapperScannerConfigurer'
2026-06-07 22:44:51 DEBUG org.springframework.beans.factory.support.DefaultListableBeanFactory - Creating shared instance of singleton bean 'propertySourcesPlaceholderConfigurer'
2026-06-07 22:44:51 DEBUG org.apache.ibatis.logging.LogFactory - Logging initialized using 'class org.apache.ibatis.logging.slf4j.Slf4jImpl' adapter.
2026-06-07 22:44:51 WARN  org.mybatis.spring.mapper.ClassPathMapperScanner - No MyBatis mapper was found in '[com.pup.taguig.app]' package. Please check your configuration.
2026-06-07 22:44:51 DEBUG org.springframework.beans.factory.support.DefaultListableBeanFactory - Creating shared instance of singleton bean 'org.springframework.boot.sql.init.dependency.DatabaseInitializationDependencyConfigurer$DependsOnDatabaseInitializationPostProcessor'
2026-06-07 22:44:51 DEBUG org.springframework.beans.factory.support.DefaultListableBeanFactory - Creating shared instance of singleton bean 'org.springframework.context.event.internalEventListenerProcessor'
2026-06-07 22:44:51 DEBUG org.springframework.beans.factory.support.DefaultListableBeanFactory - Creating shared instance of singleton bean 'bootstrapExecutorAliasPostProcessor'
2026-06-07 22:44:51 DEBUG org.springframework.beans.factory.support.DefaultListableBeanFactory - Creating shared instance of singleton bean 'preserveErrorControllerTargetClassPostProcessor'
2026-06-07 22:44:51 DEBUG org.springframework.beans.factory.support.DefaultListableBeanFactory - Creating shared instance of singleton bean 'org.springframework.context.event.internalEventListenerFactory'
2026-06-07 22:44:51 DEBUG org.springframework.beans.factory.support.DefaultListableBeanFactory - Creating shared instance of singleton bean 'org.springframework.transaction.config.internalTransactionalEventListenerFactory'
2026-06-07 22:44:51 DEBUG org.springframework.beans.factory.support.DefaultListableBeanFactory - Creating shared instance of singleton bean 'org.springframework.context.annotation.internalAutowiredAnnotationProcessor'
2026-06-07 22:44:51 DEBUG org.springframework.beans.factory.support.DefaultListableBeanFactory - Creating shared instance of singleton bean 'org.springframework.context.annotation.internalCommonAnnotationProcessor'
2026-06-07 22:44:51 DEBUG org.springframework.beans.factory.support.DefaultListableBeanFactory - Creating shared instance of singleton bean 'org.springframework.context.annotation.internalPersistenceAnnotationProcessor'
2026-06-07 22:44:51 DEBUG org.springframework.beans.factory.support.DefaultListableBeanFactory - Creating shared instance of singleton bean 'org.springframework.boot.context.properties.ConfigurationPropertiesBindingPostProcessor'
2026-06-07 22:44:51 DEBUG org.springframework.beans.factory.support.DefaultListableBeanFactory - Creating shared instance of singleton bean 'org.springframework.boot.context.internalConfigurationPropertiesBinder'
2026-06-07 22:44:51 DEBUG org.springframework.beans.factory.support.DefaultListableBeanFactory - Creating shared instance of singleton bean 'jdbcConnectionDetailsHikariBeanPostProcessor'
2026-06-07 22:44:51 DEBUG org.springframework.beans.factory.support.DefaultListableBeanFactory - Creating shared instance of singleton bean 'org.springframework.aop.config.internalAutoProxyCreator'
2026-06-07 22:44:51 DEBUG org.springframework.beans.factory.support.DefaultListableBeanFactory - Creating shared instance of singleton bean 'org.springframework.aop.framework.autoproxy.defaultProxyConfig'
2026-06-07 22:44:51 DEBUG org.springframework.beans.factory.support.DefaultListableBeanFactory - Creating shared instance of singleton bean 'persistenceExceptionTranslationPostProcessor'
2026-06-07 22:44:51 DEBUG org.springframework.beans.factory.support.DefaultListableBeanFactory - Autowiring by type from bean name 'persistenceExceptionTranslationPostProcessor' via factory method to bean named 'environment'
2026-06-07 22:44:51 DEBUG org.springframework.beans.factory.support.DefaultListableBeanFactory - Creating shared instance of singleton bean 'projectingArgumentResolverBeanPostProcessor'
2026-06-07 22:44:51 DEBUG org.springframework.beans.factory.support.DefaultListableBeanFactory - Creating shared instance of singleton bean 'org.springframework.transaction.config.internalTransactionAdvisor'
2026-06-07 22:44:51 DEBUG org.springframework.beans.factory.support.DefaultListableBeanFactory - Creating shared instance of singleton bean 'org.springframework.transaction.annotation.ProxyTransactionManagementConfiguration'
2026-06-07 22:44:51 DEBUG org.springframework.beans.factory.support.DefaultListableBeanFactory - Creating shared instance of singleton bean 'transactionAttributeSource'
2026-06-07 22:44:51 DEBUG org.springframework.beans.factory.support.DefaultListableBeanFactory - Creating shared instance of singleton bean 'transactionInterceptor'
2026-06-07 22:44:51 DEBUG org.springframework.beans.factory.support.DefaultListableBeanFactory - Autowiring by type from bean name 'transactionInterceptor' via factory method to bean named 'transactionAttributeSource'
2026-06-07 22:44:51 DEBUG org.springframework.beans.factory.support.DefaultListableBeanFactory - Autowiring by type from bean name 'org.springframework.transaction.config.internalTransactionAdvisor' via factory method to bean named 'transactionAttributeSource'
2026-06-07 22:44:51 DEBUG org.springframework.beans.factory.support.DefaultListableBeanFactory - Autowiring by type from bean name 'org.springframework.transaction.config.internalTransactionAdvisor' via factory method to bean named 'transactionInterceptor'
2026-06-07 22:44:51 DEBUG org.springframework.beans.factory.support.DefaultListableBeanFactory - Creating shared instance of singleton bean 'webServerFactoryCustomizerBeanPostProcessor'
2026-06-07 22:44:51 DEBUG org.springframework.beans.factory.support.DefaultListableBeanFactory - Creating shared instance of singleton bean 'errorPageRegistrarBeanPostProcessor'
2026-06-07 22:44:51 DEBUG org.springframework.beans.factory.support.DefaultListableBeanFactory - Creating shared instance of singleton bean 'tomcatServletWebServerFactory'
2026-06-07 22:44:51 DEBUG org.springframework.beans.factory.support.DefaultListableBeanFactory - Creating shared instance of singleton bean 'org.springframework.boot.tomcat.autoconfigure.servlet.TomcatServletWebServerAutoConfiguration'
2026-06-07 22:44:51 DEBUG org.springframework.beans.factory.support.DefaultListableBeanFactory - Creating shared instance of singleton bean 'server.tomcat-org.springframework.boot.tomcat.autoconfigure.TomcatServerProperties'
2026-06-07 22:44:51 DEBUG org.springframework.beans.factory.support.DefaultListableBeanFactory - Creating shared instance of singleton bean 'org.springframework.boot.context.properties.BoundConfigurationProperties'
2026-06-07 22:44:51 DEBUG org.springframework.beans.factory.support.DefaultListableBeanFactory - Autowiring by type from bean name 'org.springframework.boot.tomcat.autoconfigure.servlet.TomcatServletWebServerAutoConfiguration' via constructor to bean named 'server.tomcat-org.springframework.boot.tomcat.autoconfigure.TomcatServerProperties'
2026-06-07 22:44:51 DEBUG org.springframework.beans.factory.support.DefaultListableBeanFactory - Creating shared instance of singleton bean 'servletWebServerFactoryCustomizer'
2026-06-07 22:44:51 DEBUG org.springframework.beans.factory.support.DefaultListableBeanFactory - Creating shared instance of singleton bean 'org.springframework.boot.web.server.autoconfigure.servlet.ServletWebServerConfiguration'
2026-06-07 22:44:51 DEBUG org.springframework.beans.factory.support.DefaultListableBeanFactory - Creating shared instance of singleton bean 'server-org.springframework.boot.web.server.autoconfigure.ServerProperties'
2026-06-07 22:44:51 DEBUG org.springframework.beans.factory.support.DefaultListableBeanFactory - Autowiring by type from bean name 'servletWebServerFactoryCustomizer' via factory method to bean named 'server-org.springframework.boot.web.server.autoconfigure.ServerProperties'
2026-06-07 22:44:51 DEBUG org.springframework.beans.factory.support.DefaultListableBeanFactory - Creating shared instance of singleton bean 'sslBundleRegistry'
2026-06-07 22:44:51 DEBUG org.springframework.beans.factory.support.DefaultListableBeanFactory - Creating shared instance of singleton bean 'org.springframework.boot.autoconfigure.ssl.SslAutoConfiguration'
2026-06-07 22:44:51 DEBUG org.springframework.beans.factory.support.DefaultListableBeanFactory - Creating shared instance of singleton bean 'spring.ssl-org.springframework.boot.autoconfigure.ssl.SslProperties'
2026-06-07 22:44:51 DEBUG org.springframework.beans.factory.support.DefaultListableBeanFactory - Autowiring by type from bean name 'org.springframework.boot.autoconfigure.ssl.SslAutoConfiguration' via constructor to bean named 'org.springframework.boot.web.server.servlet.context.AnnotationConfigServletWebServerApplicationContext@402f80f5'
2026-06-07 22:44:51 DEBUG org.springframework.beans.factory.support.DefaultListableBeanFactory - Autowiring by type from bean name 'org.springframework.boot.autoconfigure.ssl.SslAutoConfiguration' via constructor to bean named 'spring.ssl-org.springframework.boot.autoconfigure.ssl.SslProperties'
2026-06-07 22:44:51 DEBUG org.springframework.beans.factory.support.DefaultListableBeanFactory - Creating shared instance of singleton bean 'sslPropertiesSslBundleRegistrar'
2026-06-07 22:44:51 DEBUG org.springframework.beans.factory.support.DefaultListableBeanFactory - Creating shared instance of singleton bean 'fileWatcher'
2026-06-07 22:44:51 DEBUG org.springframework.beans.factory.support.DefaultListableBeanFactory - Autowiring by type from bean name 'sslPropertiesSslBundleRegistrar' via factory method to bean named 'fileWatcher'
2026-06-07 22:44:51 DEBUG org.springframework.beans.factory.support.DefaultListableBeanFactory - Creating shared instance of singleton bean 'webSocketWebServerCustomizer'
2026-06-07 22:44:51 DEBUG org.springframework.beans.factory.support.DefaultListableBeanFactory - Creating shared instance of singleton bean 'org.springframework.boot.tomcat.autoconfigure.TomcatWebServerConfiguration$TomcatWebSocketConfiguration'
2026-06-07 22:44:51 DEBUG org.springframework.beans.factory.support.DefaultListableBeanFactory - Creating shared instance of singleton bean 'tomcatWebServerFactoryCustomizer'
2026-06-07 22:44:51 DEBUG org.springframework.beans.factory.support.DefaultListableBeanFactory - Creating shared instance of singleton bean 'org.springframework.boot.tomcat.autoconfigure.TomcatWebServerConfiguration'
2026-06-07 22:44:51 DEBUG org.springframework.beans.factory.support.DefaultListableBeanFactory - Creating shared instance of singleton bean 'spring.web-org.springframework.boot.autoconfigure.web.WebProperties'
2026-06-07 22:44:51 DEBUG org.springframework.beans.factory.support.DefaultListableBeanFactory - Autowiring by type from bean name 'tomcatWebServerFactoryCustomizer' via factory method to bean named 'environment'
2026-06-07 22:44:51 DEBUG org.springframework.beans.factory.support.DefaultListableBeanFactory - Autowiring by type from bean name 'tomcatWebServerFactoryCustomizer' via factory method to bean named 'server-org.springframework.boot.web.server.autoconfigure.ServerProperties'
2026-06-07 22:44:51 DEBUG org.springframework.beans.factory.support.DefaultListableBeanFactory - Autowiring by type from bean name 'tomcatWebServerFactoryCustomizer' via factory method to bean named 'server.tomcat-org.springframework.boot.tomcat.autoconfigure.TomcatServerProperties'
2026-06-07 22:44:51 DEBUG org.springframework.beans.factory.support.DefaultListableBeanFactory - Autowiring by type from bean name 'tomcatWebServerFactoryCustomizer' via factory method to bean named 'spring.web-org.springframework.boot.autoconfigure.web.WebProperties'
2026-06-07 22:44:51 DEBUG org.springframework.beans.factory.support.DefaultListableBeanFactory - Creating shared instance of singleton bean 'tomcatServletWebServerFactoryCustomizer'
2026-06-07 22:44:51 DEBUG org.springframework.beans.factory.support.DefaultListableBeanFactory - Autowiring by type from bean name 'tomcatServletWebServerFactoryCustomizer' via factory method to bean named 'server.tomcat-org.springframework.boot.tomcat.autoconfigure.TomcatServerProperties'
2026-06-07 22:44:51 DEBUG org.springframework.beans.factory.support.DefaultListableBeanFactory - Creating shared instance of singleton bean 'errorPageCustomizer'
2026-06-07 22:44:51 DEBUG org.springframework.beans.factory.support.DefaultListableBeanFactory - Creating shared instance of singleton bean 'org.springframework.boot.webmvc.autoconfigure.error.ErrorMvcAutoConfiguration'
2026-06-07 22:44:51 DEBUG org.springframework.beans.factory.support.DefaultListableBeanFactory - Autowiring by type from bean name 'org.springframework.boot.webmvc.autoconfigure.error.ErrorMvcAutoConfiguration' via constructor to bean named 'spring.web-org.springframework.boot.autoconfigure.web.WebProperties'
2026-06-07 22:44:51 DEBUG org.springframework.beans.factory.support.DefaultListableBeanFactory - Creating shared instance of singleton bean 'dispatcherServletRegistration'
2026-06-07 22:44:51 DEBUG org.springframework.beans.factory.support.DefaultListableBeanFactory - Creating shared instance of singleton bean 'org.springframework.boot.webmvc.autoconfigure.DispatcherServletAutoConfiguration$DispatcherServletRegistrationConfiguration'
2026-06-07 22:44:51 DEBUG org.springframework.beans.factory.support.DefaultListableBeanFactory - Creating shared instance of singleton bean 'dispatcherServlet'
2026-06-07 22:44:51 DEBUG org.springframework.beans.factory.support.DefaultListableBeanFactory - Creating shared instance of singleton bean 'org.springframework.boot.webmvc.autoconfigure.DispatcherServletAutoConfiguration$DispatcherServletConfiguration'
2026-06-07 22:44:51 DEBUG org.springframework.beans.factory.support.DefaultListableBeanFactory - Creating shared instance of singleton bean 'spring.mvc-org.springframework.boot.webmvc.autoconfigure.WebMvcProperties'
2026-06-07 22:44:51 DEBUG org.springframework.beans.factory.support.DefaultListableBeanFactory - Autowiring by type from bean name 'dispatcherServlet' via factory method to bean named 'spring.mvc-org.springframework.boot.webmvc.autoconfigure.WebMvcProperties'
2026-06-07 22:44:51 DEBUG org.springframework.beans.factory.support.DefaultListableBeanFactory - Autowiring by type from bean name 'dispatcherServletRegistration' via factory method to bean named 'dispatcherServlet'
2026-06-07 22:44:51 DEBUG org.springframework.beans.factory.support.DefaultListableBeanFactory - Autowiring by type from bean name 'dispatcherServletRegistration' via factory method to bean named 'spring.mvc-org.springframework.boot.webmvc.autoconfigure.WebMvcProperties'
2026-06-07 22:44:51 DEBUG org.springframework.beans.factory.support.DefaultListableBeanFactory - Creating shared instance of singleton bean 'multipartConfigElement'
2026-06-07 22:44:51 DEBUG org.springframework.beans.factory.support.DefaultListableBeanFactory - Creating shared instance of singleton bean 'org.springframework.boot.servlet.autoconfigure.MultipartAutoConfiguration'
2026-06-07 22:44:51 DEBUG org.springframework.beans.factory.support.DefaultListableBeanFactory - Creating shared instance of singleton bean 'spring.servlet.multipart-org.springframework.boot.servlet.autoconfigure.MultipartProperties'
2026-06-07 22:44:51 DEBUG org.springframework.beans.factory.support.DefaultListableBeanFactory - Autowiring by type from bean name 'org.springframework.boot.servlet.autoconfigure.MultipartAutoConfiguration' via constructor to bean named 'spring.servlet.multipart-org.springframework.boot.servlet.autoconfigure.MultipartProperties'
2026-06-07 22:44:51 DEBUG org.springframework.beans.factory.support.DefaultListableBeanFactory - Autowiring by type from bean name 'errorPageCustomizer' via factory method to bean named 'dispatcherServletRegistration'
2026-06-07 22:44:51 DEBUG org.springframework.boot.tomcat.servlet.TomcatServletWebServerFactory - Code archive: /Users/aronstephencordova/.m2/repository/org/springframework/boot/spring-boot-web-server/4.0.6/spring-boot-web-server-4.0.6.jar
2026-06-07 22:44:51 DEBUG org.springframework.boot.tomcat.servlet.TomcatServletWebServerFactory - Code archive: /Users/aronstephencordova/.m2/repository/org/springframework/boot/spring-boot-web-server/4.0.6/spring-boot-web-server-4.0.6.jar
2026-06-07 22:44:51 DEBUG org.springframework.boot.tomcat.servlet.TomcatServletWebServerFactory - None of the document roots [src/main/webapp, public, static] point to a directory and will be ignored.
2026-06-07 22:44:51 INFO  org.springframework.boot.tomcat.TomcatWebServer - Tomcat initialized with port 8080 (http)
2026-06-07 22:44:51 INFO  org.apache.coyote.http11.Http11NioProtocol - Initializing ProtocolHandler ["http-nio-8080"]
2026-06-07 22:44:51 DEBUG org.apache.catalina.util.LifecycleBase - Setting state for [Connector["http-nio-8080"]] to [INITIALIZED]
2026-06-07 22:44:51 DEBUG org.apache.catalina.util.LifecycleBase - Setting state for [StandardService[Tomcat]] to [INITIALIZED]
2026-06-07 22:44:51 DEBUG org.apache.catalina.util.LifecycleBase - Setting state for [StandardServer[-1]] to [INITIALIZED]
2026-06-07 22:44:51 DEBUG org.apache.catalina.util.LifecycleBase - Setting state for [StandardServer[-1]] to [STARTING_PREP]
2026-06-07 22:44:51 DEBUG org.apache.catalina.util.LifecycleBase - Setting state for [StandardServer[-1]] to [STARTING]
2026-06-07 22:44:51 DEBUG org.apache.catalina.util.LifecycleBase - Setting state for [org.apache.catalina.deploy.NamingResourcesImpl@61db86bf] to [STARTING_PREP]
2026-06-07 22:44:51 DEBUG org.apache.catalina.util.LifecycleBase - Setting state for [org.apache.catalina.deploy.NamingResourcesImpl@61db86bf] to [STARTING]
2026-06-07 22:44:51 DEBUG org.apache.catalina.util.LifecycleBase - Setting state for [org.apache.catalina.deploy.NamingResourcesImpl@61db86bf] to [STARTED]
2026-06-07 22:44:51 DEBUG org.apache.catalina.util.LifecycleBase - Setting state for [StandardService[Tomcat]] to [STARTING_PREP]
2026-06-07 22:44:51 INFO  org.apache.catalina.core.StandardService - Starting service [Tomcat]
2026-06-07 22:44:51 DEBUG org.apache.catalina.util.LifecycleBase - Setting state for [StandardService[Tomcat]] to [STARTING]
2026-06-07 22:44:51 DEBUG org.apache.catalina.util.LifecycleBase - Setting state for [StandardEngine[Tomcat]] to [STARTING_PREP]
2026-06-07 22:44:51 INFO  org.apache.catalina.core.StandardEngine - Starting Servlet engine: [Apache Tomcat/11.0.21]
2026-06-07 22:44:51 DEBUG org.apache.catalina.util.LifecycleBase - Setting state for [SimpleRealm[StandardEngine[Tomcat]]] to [INITIALIZING]
2026-06-07 22:44:51 DEBUG org.apache.catalina.util.LifecycleBase - Setting state for [SimpleRealm[StandardEngine[Tomcat]]] to [INITIALIZED]
2026-06-07 22:44:51 DEBUG org.apache.catalina.util.LifecycleBase - Setting state for [SimpleRealm[StandardEngine[Tomcat]]] to [STARTING_PREP]
2026-06-07 22:44:51 DEBUG org.apache.catalina.util.LifecycleBase - Setting state for [SimpleRealm[StandardEngine[Tomcat]]] to [STARTING]
2026-06-07 22:44:51 DEBUG org.apache.catalina.util.LifecycleBase - Setting state for [SimpleRealm[StandardEngine[Tomcat]]] to [STARTED]
2026-06-07 22:44:51 DEBUG org.apache.catalina.util.LifecycleBase - Setting state for [StandardEngine[Tomcat].StandardHost[localhost]] to [INITIALIZING]
2026-06-07 22:44:51 DEBUG org.apache.catalina.util.LifecycleBase - Setting state for [StandardEngine[Tomcat].StandardHost[localhost]] to [INITIALIZED]
2026-06-07 22:44:51 DEBUG org.apache.catalina.util.LifecycleBase - Setting state for [StandardEngine[Tomcat].StandardHost[localhost]] to [STARTING_PREP]
2026-06-07 22:44:51 DEBUG org.apache.catalina.util.LifecycleBase - Setting state for [StandardEngine[Tomcat].StandardHost[localhost].TomcatEmbeddedContext[]] to [INITIALIZING]
2026-06-07 22:44:51 DEBUG org.apache.catalina.util.LifecycleBase - Setting state for [StandardEngine[Tomcat].StandardHost[localhost].TomcatEmbeddedContext[]] to [INITIALIZED]
2026-06-07 22:44:51 DEBUG org.apache.catalina.util.LifecycleBase - Setting state for [StandardEngine[Tomcat].StandardHost[localhost].TomcatEmbeddedContext[]] to [STARTING_PREP]
2026-06-07 22:44:51 DEBUG org.apache.catalina.util.LifecycleBase - Setting state for [org.apache.catalina.webresources.StandardRoot@22d7fd41] to [INITIALIZING]
2026-06-07 22:44:51 DEBUG org.apache.catalina.util.LifecycleBase - Setting state for [org.apache.catalina.webresources.StandardRoot@22d7fd41] to [INITIALIZED]
2026-06-07 22:44:51 DEBUG org.apache.catalina.util.LifecycleBase - Setting state for [org.apache.catalina.webresources.StandardRoot@22d7fd41] to [STARTING_PREP]
2026-06-07 22:44:51 DEBUG org.apache.catalina.util.LifecycleBase - Setting state for [org.apache.catalina.webresources.DirResourceSet@602f8f94] to [INITIALIZING]
2026-06-07 22:44:51 DEBUG org.apache.catalina.util.LifecycleBase - Setting state for [org.apache.catalina.webresources.DirResourceSet@602f8f94] to [INITIALIZED]
2026-06-07 22:44:51 DEBUG org.apache.catalina.util.LifecycleBase - Setting state for [org.apache.catalina.webresources.DirResourceSet@602f8f94] to [STARTING_PREP]
2026-06-07 22:44:51 DEBUG org.apache.catalina.util.LifecycleBase - Setting state for [org.apache.catalina.webresources.DirResourceSet@602f8f94] to [STARTING]
2026-06-07 22:44:51 DEBUG org.apache.catalina.util.LifecycleBase - Setting state for [org.apache.catalina.webresources.DirResourceSet@602f8f94] to [STARTED]
2026-06-07 22:44:51 DEBUG org.apache.catalina.util.LifecycleBase - Setting state for [org.apache.catalina.webresources.StandardRoot@22d7fd41] to [STARTING]
2026-06-07 22:44:51 DEBUG org.apache.catalina.util.LifecycleBase - Setting state for [org.apache.catalina.webresources.StandardRoot@22d7fd41] to [STARTED]
2026-06-07 22:44:51 DEBUG org.apache.catalina.util.LifecycleBase - Setting state for [WebappLoader[StandardEngine[Tomcat].StandardHost[localhost].TomcatEmbeddedContext[]]] to [INITIALIZING]
2026-06-07 22:44:51 DEBUG org.apache.catalina.util.LifecycleBase - Setting state for [WebappLoader[StandardEngine[Tomcat].StandardHost[localhost].TomcatEmbeddedContext[]]] to [INITIALIZED]
2026-06-07 22:44:51 DEBUG org.apache.catalina.util.LifecycleBase - Setting state for [WebappLoader[StandardEngine[Tomcat].StandardHost[localhost].TomcatEmbeddedContext[]]] to [STARTING_PREP]
2026-06-07 22:44:51 DEBUG org.apache.catalina.loader.WebappLoader - Starting this Loader
2026-06-07 22:44:51 DEBUG org.apache.catalina.webresources.Cache - Increased cache size by [531] for item [org.apache.catalina.webresources.CachedResource@576b7c74] at [/WEB-INF/classes] making total cache size [531]
2026-06-07 22:44:51 DEBUG org.apache.catalina.util.LifecycleBase - Setting state for [WebappLoader[StandardEngine[Tomcat].StandardHost[localhost].TomcatEmbeddedContext[]]] to [STARTING]
2026-06-07 22:44:51 DEBUG org.apache.catalina.util.LifecycleBase - Setting state for [WebappLoader[StandardEngine[Tomcat].StandardHost[localhost].TomcatEmbeddedContext[]]] to [STARTED]
2026-06-07 22:44:51 DEBUG org.apache.catalina.util.LifecycleBase - Setting state for [StandardPipeline[StandardEngine[Tomcat].StandardHost[localhost].TomcatEmbeddedContext[]]] to [INITIALIZING]
2026-06-07 22:44:51 DEBUG org.apache.catalina.util.LifecycleBase - Setting state for [StandardPipeline[StandardEngine[Tomcat].StandardHost[localhost].TomcatEmbeddedContext[]]] to [INITIALIZED]
2026-06-07 22:44:51 DEBUG org.apache.catalina.util.LifecycleBase - Setting state for [StandardPipeline[StandardEngine[Tomcat].StandardHost[localhost].TomcatEmbeddedContext[]]] to [STARTING_PREP]
2026-06-07 22:44:51 DEBUG org.apache.catalina.util.LifecycleBase - Setting state for [NonLoginAuthenticator[StandardEngine[Tomcat].StandardHost[localhost].TomcatEmbeddedContext[]]] to [INITIALIZING]
2026-06-07 22:44:51 DEBUG org.apache.catalina.util.LifecycleBase - Setting state for [NonLoginAuthenticator[StandardEngine[Tomcat].StandardHost[localhost].TomcatEmbeddedContext[]]] to [INITIALIZED]
2026-06-07 22:44:51 DEBUG org.apache.catalina.util.LifecycleBase - Setting state for [NonLoginAuthenticator[StandardEngine[Tomcat].StandardHost[localhost].TomcatEmbeddedContext[]]] to [STARTING_PREP]
2026-06-07 22:44:51 DEBUG org.apache.catalina.util.LifecycleBase - Setting state for [NonLoginAuthenticator[StandardEngine[Tomcat].StandardHost[localhost].TomcatEmbeddedContext[]]] to [STARTING]
2026-06-07 22:44:51 DEBUG org.apache.catalina.util.LifecycleBase - Setting state for [NonLoginAuthenticator[StandardEngine[Tomcat].StandardHost[localhost].TomcatEmbeddedContext[]]] to [STARTED]
2026-06-07 22:44:51 DEBUG org.apache.catalina.util.LifecycleBase - Setting state for [StandardContextValve[StandardEngine[Tomcat].StandardHost[localhost].TomcatEmbeddedContext[]]] to [INITIALIZING]
2026-06-07 22:44:51 DEBUG org.apache.catalina.util.LifecycleBase - Setting state for [StandardContextValve[StandardEngine[Tomcat].StandardHost[localhost].TomcatEmbeddedContext[]]] to [INITIALIZED]
2026-06-07 22:44:51 DEBUG org.apache.catalina.util.LifecycleBase - Setting state for [StandardContextValve[StandardEngine[Tomcat].StandardHost[localhost].TomcatEmbeddedContext[]]] to [STARTING_PREP]
2026-06-07 22:44:51 DEBUG org.apache.catalina.util.LifecycleBase - Setting state for [StandardContextValve[StandardEngine[Tomcat].StandardHost[localhost].TomcatEmbeddedContext[]]] to [STARTING]
2026-06-07 22:44:51 DEBUG org.apache.catalina.util.LifecycleBase - Setting state for [StandardContextValve[StandardEngine[Tomcat].StandardHost[localhost].TomcatEmbeddedContext[]]] to [STARTED]
2026-06-07 22:44:51 DEBUG org.apache.catalina.util.LifecycleBase - Setting state for [StandardPipeline[StandardEngine[Tomcat].StandardHost[localhost].TomcatEmbeddedContext[]]] to [STARTING]
2026-06-07 22:44:51 DEBUG org.apache.catalina.util.LifecycleBase - Setting state for [StandardPipeline[StandardEngine[Tomcat].StandardHost[localhost].TomcatEmbeddedContext[]]] to [STARTED]
2026-06-07 22:44:51 DEBUG org.apache.catalina.core.StandardContext - No manager found. Checking if cluster manager should be used. Cluster configured: [false], Application distributable: [false]
2026-06-07 22:44:51 DEBUG org.apache.catalina.core.StandardContext - Configured a manager of class [org.apache.catalina.session.StandardManager]
2026-06-07 22:44:51 DEBUG org.apache.catalina.util.LifecycleBase - Setting state for [org.apache.catalina.deploy.NamingResourcesImpl@3e214105] to [INITIALIZING]
2026-06-07 22:44:51 DEBUG org.apache.catalina.util.LifecycleBase - Setting state for [org.apache.catalina.deploy.NamingResourcesImpl@3e214105] to [INITIALIZED]
2026-06-07 22:44:51 DEBUG org.apache.catalina.util.LifecycleBase - Setting state for [org.apache.catalina.deploy.NamingResourcesImpl@3e214105] to [STARTING_PREP]
2026-06-07 22:44:51 DEBUG org.apache.catalina.util.LifecycleBase - Setting state for [org.apache.catalina.deploy.NamingResourcesImpl@3e214105] to [STARTING]
2026-06-07 22:44:51 DEBUG org.apache.catalina.util.LifecycleBase - Setting state for [org.apache.catalina.deploy.NamingResourcesImpl@3e214105] to [STARTED]
2026-06-07 22:44:51 DEBUG org.springframework.boot.web.context.servlet.WebApplicationContextInitializer - Published root WebApplicationContext as ServletContext attribute with name [org.springframework.web.context.WebApplicationContext.ROOT]
2026-06-07 22:44:51 INFO  org.springframework.boot.web.context.servlet.WebApplicationContextInitializer - Root WebApplicationContext: initialization completed in 575 ms
2026-06-07 22:44:51 DEBUG org.springframework.beans.factory.support.DefaultListableBeanFactory - Creating shared instance of singleton bean 'requestContextFilter'
2026-06-07 22:44:51 DEBUG org.springframework.beans.factory.support.DefaultListableBeanFactory - Creating shared instance of singleton bean 'formContentFilter'
2026-06-07 22:44:51 DEBUG org.springframework.beans.factory.support.DefaultListableBeanFactory - Creating shared instance of singleton bean 'org.springframework.boot.webmvc.autoconfigure.WebMvcAutoConfiguration'
2026-06-07 22:44:51 DEBUG org.springframework.beans.factory.support.DefaultListableBeanFactory - Creating shared instance of singleton bean 'characterEncodingFilter'
2026-06-07 22:44:51 DEBUG org.springframework.beans.factory.support.DefaultListableBeanFactory - Creating shared instance of singleton bean 'org.springframework.boot.servlet.autoconfigure.HttpEncodingAutoConfiguration'
2026-06-07 22:44:51 DEBUG org.springframework.beans.factory.support.DefaultListableBeanFactory - Creating shared instance of singleton bean 'spring.servlet.encoding-org.springframework.boot.servlet.autoconfigure.ServletEncodingProperties'
2026-06-07 22:44:51 DEBUG org.springframework.beans.factory.support.DefaultListableBeanFactory - Autowiring by type from bean name 'characterEncodingFilter' via factory method to bean named 'spring.servlet.encoding-org.springframework.boot.servlet.autoconfigure.ServletEncodingProperties'
2026-06-07 22:44:51 DEBUG org.springframework.boot.web.servlet.ServletContextInitializerBeans - Mapping filters: characterEncodingFilter urls=[/*] order=-2147483648, formContentFilter urls=[/*] order=-9900, requestContextFilter urls=[/*] order=-105
2026-06-07 22:44:51 DEBUG org.springframework.boot.web.servlet.ServletContextInitializerBeans - Mapping servlets: dispatcherServlet urls=[/]
2026-06-07 22:44:51 DEBUG org.apache.catalina.core.ContainerBase - Add container child [StandardWrapper[dispatcherServlet]] to container [StandardEngine[Tomcat].StandardHost[localhost].TomcatEmbeddedContext[]]
2026-06-07 22:44:51 DEBUG org.apache.catalina.util.LifecycleBase - Setting state for [StandardEngine[Tomcat].StandardHost[localhost].TomcatEmbeddedContext[].StandardWrapper[dispatcherServlet]] to [INITIALIZING]
2026-06-07 22:44:51 DEBUG org.apache.catalina.util.LifecycleBase - Setting state for [StandardEngine[Tomcat].StandardHost[localhost].TomcatEmbeddedContext[].StandardWrapper[dispatcherServlet]] to [INITIALIZED]
2026-06-07 22:44:51 DEBUG org.apache.catalina.util.LifecycleBase - Setting state for [StandardEngine[Tomcat].StandardHost[localhost].TomcatEmbeddedContext[].StandardWrapper[dispatcherServlet]] to [STARTING_PREP]
2026-06-07 22:44:51 DEBUG org.apache.catalina.util.LifecycleBase - Setting state for [StandardPipeline[StandardEngine[Tomcat].StandardHost[localhost].TomcatEmbeddedContext[].StandardWrapper[dispatcherServlet]]] to [INITIALIZING]
2026-06-07 22:44:51 DEBUG org.apache.catalina.util.LifecycleBase - Setting state for [StandardPipeline[StandardEngine[Tomcat].StandardHost[localhost].TomcatEmbeddedContext[].StandardWrapper[dispatcherServlet]]] to [INITIALIZED]
2026-06-07 22:44:51 DEBUG org.apache.catalina.util.LifecycleBase - Setting state for [StandardPipeline[StandardEngine[Tomcat].StandardHost[localhost].TomcatEmbeddedContext[].StandardWrapper[dispatcherServlet]]] to [STARTING_PREP]
2026-06-07 22:44:51 DEBUG org.apache.catalina.util.LifecycleBase - Setting state for [StandardWrapperValve[StandardEngine[Tomcat].StandardHost[localhost].TomcatEmbeddedContext[].StandardWrapper[dispatcherServlet]]] to [INITIALIZING]
2026-06-07 22:44:51 DEBUG org.apache.catalina.util.LifecycleBase - Setting state for [StandardWrapperValve[StandardEngine[Tomcat].StandardHost[localhost].TomcatEmbeddedContext[].StandardWrapper[dispatcherServlet]]] to [INITIALIZED]
2026-06-07 22:44:51 DEBUG org.apache.catalina.util.LifecycleBase - Setting state for [StandardWrapperValve[StandardEngine[Tomcat].StandardHost[localhost].TomcatEmbeddedContext[].StandardWrapper[dispatcherServlet]]] to [STARTING_PREP]
2026-06-07 22:44:51 DEBUG org.apache.catalina.util.LifecycleBase - Setting state for [StandardWrapperValve[StandardEngine[Tomcat].StandardHost[localhost].TomcatEmbeddedContext[].StandardWrapper[dispatcherServlet]]] to [STARTING]
2026-06-07 22:44:51 DEBUG org.apache.catalina.util.LifecycleBase - Setting state for [StandardWrapperValve[StandardEngine[Tomcat].StandardHost[localhost].TomcatEmbeddedContext[].StandardWrapper[dispatcherServlet]]] to [STARTED]
2026-06-07 22:44:51 DEBUG org.apache.catalina.util.LifecycleBase - Setting state for [StandardPipeline[StandardEngine[Tomcat].StandardHost[localhost].TomcatEmbeddedContext[].StandardWrapper[dispatcherServlet]]] to [STARTING]
2026-06-07 22:44:51 DEBUG org.apache.catalina.util.LifecycleBase - Setting state for [StandardPipeline[StandardEngine[Tomcat].StandardHost[localhost].TomcatEmbeddedContext[].StandardWrapper[dispatcherServlet]]] to [STARTED]
2026-06-07 22:44:51 DEBUG org.apache.catalina.util.LifecycleBase - Setting state for [StandardEngine[Tomcat].StandardHost[localhost].TomcatEmbeddedContext[].StandardWrapper[dispatcherServlet]] to [STARTING]
2026-06-07 22:44:51 DEBUG org.apache.catalina.util.LifecycleBase - Setting state for [StandardEngine[Tomcat].StandardHost[localhost].TomcatEmbeddedContext[].StandardWrapper[dispatcherServlet]] to [STARTED]
2026-06-07 22:44:51 DEBUG org.apache.catalina.util.LifecycleBase - Setting state for [StandardManager[StandardEngine[Tomcat].StandardHost[localhost].TomcatEmbeddedContext[]]] to [INITIALIZING]
2026-06-07 22:44:51 DEBUG org.apache.catalina.util.LifecycleBase - Setting state for [StandardManager[StandardEngine[Tomcat].StandardHost[localhost].TomcatEmbeddedContext[]]] to [INITIALIZED]
2026-06-07 22:44:51 DEBUG org.apache.catalina.util.LifecycleBase - Setting state for [StandardManager[StandardEngine[Tomcat].StandardHost[localhost].TomcatEmbeddedContext[]]] to [STARTING_PREP]
2026-06-07 22:44:51 DEBUG org.apache.catalina.util.LifecycleBase - Setting state for [org.springframework.boot.tomcat.LazySessionIdGenerator@c8f97a7] to [INITIALIZING]
2026-06-07 22:44:51 DEBUG org.apache.catalina.util.LifecycleBase - Setting state for [org.springframework.boot.tomcat.LazySessionIdGenerator@c8f97a7] to [INITIALIZED]
2026-06-07 22:44:51 DEBUG org.apache.catalina.util.LifecycleBase - Setting state for [org.springframework.boot.tomcat.LazySessionIdGenerator@c8f97a7] to [STARTING_PREP]
2026-06-07 22:44:51 DEBUG org.apache.catalina.util.LifecycleBase - Setting state for [org.springframework.boot.tomcat.LazySessionIdGenerator@c8f97a7] to [STARTING]
2026-06-07 22:44:51 DEBUG org.apache.catalina.util.LifecycleBase - Setting state for [org.springframework.boot.tomcat.LazySessionIdGenerator@c8f97a7] to [STARTED]
2026-06-07 22:44:51 DEBUG org.apache.catalina.util.LifecycleBase - Setting state for [StandardManager[StandardEngine[Tomcat].StandardHost[localhost].TomcatEmbeddedContext[]]] to [STARTING]
2026-06-07 22:44:51 DEBUG org.apache.catalina.util.LifecycleBase - Setting state for [StandardManager[StandardEngine[Tomcat].StandardHost[localhost].TomcatEmbeddedContext[]]] to [STARTED]
2026-06-07 22:44:51 DEBUG org.springframework.boot.servlet.filter.OrderedRequestContextFilter - Filter 'requestContextFilter' configured for use
2026-06-07 22:44:51 DEBUG org.springframework.boot.servlet.filter.OrderedCharacterEncodingFilter - Filter 'characterEncodingFilter' configured for use
2026-06-07 22:44:51 DEBUG org.springframework.boot.servlet.filter.OrderedFormContentFilter - Filter 'formContentFilter' configured for use
2026-06-07 22:44:51 DEBUG org.apache.catalina.util.LifecycleBase - Setting state for [StandardEngine[Tomcat].StandardHost[localhost].TomcatEmbeddedContext[]] to [STARTING]
2026-06-07 22:44:51 DEBUG org.apache.catalina.util.LifecycleBase - Setting state for [StandardEngine[Tomcat].StandardHost[localhost].TomcatEmbeddedContext[]] to [STARTED]
2026-06-07 22:44:52 DEBUG org.apache.catalina.util.LifecycleBase - Setting state for [StandardPipeline[StandardEngine[Tomcat].StandardHost[localhost]]] to [INITIALIZING]
2026-06-07 22:44:52 DEBUG org.apache.catalina.util.LifecycleBase - Setting state for [StandardPipeline[StandardEngine[Tomcat].StandardHost[localhost]]] to [INITIALIZED]
2026-06-07 22:44:52 DEBUG org.apache.catalina.util.LifecycleBase - Setting state for [StandardPipeline[StandardEngine[Tomcat].StandardHost[localhost]]] to [STARTING_PREP]
2026-06-07 22:44:52 DEBUG org.apache.catalina.util.LifecycleBase - Setting state for [ErrorReportValve[StandardEngine[Tomcat].StandardHost[localhost]]] to [INITIALIZING]
2026-06-07 22:44:52 DEBUG org.apache.catalina.util.LifecycleBase - Setting state for [ErrorReportValve[StandardEngine[Tomcat].StandardHost[localhost]]] to [INITIALIZED]
2026-06-07 22:44:52 DEBUG org.apache.catalina.util.LifecycleBase - Setting state for [ErrorReportValve[StandardEngine[Tomcat].StandardHost[localhost]]] to [STARTING_PREP]
2026-06-07 22:44:52 DEBUG org.apache.catalina.util.LifecycleBase - Setting state for [ErrorReportValve[StandardEngine[Tomcat].StandardHost[localhost]]] to [STARTING]
2026-06-07 22:44:52 DEBUG org.apache.catalina.util.LifecycleBase - Setting state for [ErrorReportValve[StandardEngine[Tomcat].StandardHost[localhost]]] to [STARTED]
2026-06-07 22:44:52 DEBUG org.apache.catalina.util.LifecycleBase - Setting state for [StandardHostValve[StandardEngine[Tomcat].StandardHost[localhost]]] to [INITIALIZING]
2026-06-07 22:44:52 DEBUG org.apache.catalina.util.LifecycleBase - Setting state for [StandardHostValve[StandardEngine[Tomcat].StandardHost[localhost]]] to [INITIALIZED]
2026-06-07 22:44:52 DEBUG org.apache.catalina.util.LifecycleBase - Setting state for [StandardHostValve[StandardEngine[Tomcat].StandardHost[localhost]]] to [STARTING_PREP]
2026-06-07 22:44:52 DEBUG org.apache.catalina.util.LifecycleBase - Setting state for [StandardHostValve[StandardEngine[Tomcat].StandardHost[localhost]]] to [STARTING]
2026-06-07 22:44:52 DEBUG org.apache.catalina.util.LifecycleBase - Setting state for [StandardHostValve[StandardEngine[Tomcat].StandardHost[localhost]]] to [STARTED]
2026-06-07 22:44:52 DEBUG org.apache.catalina.util.LifecycleBase - Setting state for [StandardPipeline[StandardEngine[Tomcat].StandardHost[localhost]]] to [STARTING]
2026-06-07 22:44:52 DEBUG org.apache.catalina.util.LifecycleBase - Setting state for [StandardPipeline[StandardEngine[Tomcat].StandardHost[localhost]]] to [STARTED]
2026-06-07 22:44:52 DEBUG org.apache.catalina.util.LifecycleBase - Setting state for [StandardEngine[Tomcat].StandardHost[localhost]] to [STARTING]
2026-06-07 22:44:52 DEBUG org.apache.catalina.util.LifecycleBase - Setting state for [StandardEngine[Tomcat].StandardHost[localhost]] to [STARTED]
2026-06-07 22:44:52 DEBUG org.apache.catalina.util.LifecycleBase - Setting state for [StandardPipeline[StandardEngine[Tomcat]]] to [INITIALIZING]
2026-06-07 22:44:52 DEBUG org.apache.catalina.util.LifecycleBase - Setting state for [StandardPipeline[StandardEngine[Tomcat]]] to [INITIALIZED]
2026-06-07 22:44:52 DEBUG org.apache.catalina.util.LifecycleBase - Setting state for [StandardPipeline[StandardEngine[Tomcat]]] to [STARTING_PREP]
2026-06-07 22:44:52 DEBUG org.apache.catalina.util.LifecycleBase - Setting state for [StandardEngineValve[StandardEngine[Tomcat]]] to [INITIALIZING]
2026-06-07 22:44:52 DEBUG org.apache.catalina.util.LifecycleBase - Setting state for [StandardEngineValve[StandardEngine[Tomcat]]] to [INITIALIZED]
2026-06-07 22:44:52 DEBUG org.apache.catalina.util.LifecycleBase - Setting state for [StandardEngineValve[StandardEngine[Tomcat]]] to [STARTING_PREP]
2026-06-07 22:44:52 DEBUG org.apache.catalina.util.LifecycleBase - Setting state for [StandardEngineValve[StandardEngine[Tomcat]]] to [STARTING]
2026-06-07 22:44:52 DEBUG org.apache.catalina.util.LifecycleBase - Setting state for [StandardEngineValve[StandardEngine[Tomcat]]] to [STARTED]
2026-06-07 22:44:52 DEBUG org.apache.catalina.util.LifecycleBase - Setting state for [StandardPipeline[StandardEngine[Tomcat]]] to [STARTING]
2026-06-07 22:44:52 DEBUG org.apache.catalina.util.LifecycleBase - Setting state for [StandardPipeline[StandardEngine[Tomcat]]] to [STARTED]
2026-06-07 22:44:52 DEBUG org.apache.catalina.util.LifecycleBase - Setting state for [StandardEngine[Tomcat]] to [STARTING]
2026-06-07 22:44:52 DEBUG org.apache.catalina.util.LifecycleBase - Setting state for [StandardEngine[Tomcat]] to [STARTED]
2026-06-07 22:44:52 DEBUG org.apache.catalina.util.LifecycleBase - Setting state for [org.apache.catalina.mapper.MapperListener@29079032] to [STARTING_PREP]
2026-06-07 22:44:52 DEBUG org.apache.catalina.util.LifecycleBase - Setting state for [org.apache.catalina.mapper.MapperListener@29079032] to [STARTING]
2026-06-07 22:44:52 DEBUG org.apache.catalina.mapper.Mapper - Registered host [localhost]
2026-06-07 22:44:52 DEBUG org.apache.catalina.mapper.MapperListener - Register Wrapper [dispatcherServlet] in Context [] for service [StandardService[Tomcat]]
2026-06-07 22:44:52 DEBUG org.apache.catalina.mapper.MapperListener - Register Context [] for service [StandardService[Tomcat]]
2026-06-07 22:44:52 DEBUG org.apache.catalina.mapper.MapperListener - Register host [localhost] at domain [null] for service [StandardService[Tomcat]]
2026-06-07 22:44:52 DEBUG org.apache.catalina.util.LifecycleBase - Setting state for [org.apache.catalina.mapper.MapperListener@29079032] to [STARTED]
2026-06-07 22:44:52 DEBUG org.apache.catalina.util.LifecycleBase - Setting state for [StandardService[Tomcat]] to [STARTED]
2026-06-07 22:44:52 DEBUG org.apache.catalina.util.LifecycleBase - Setting state for [StandardServer[-1]] to [STARTED]
2026-06-07 22:44:52 DEBUG org.springframework.beans.factory.support.DefaultListableBeanFactory - Creating shared instance of singleton bean 'applicationTaskExecutor'
2026-06-07 22:44:52 DEBUG org.springframework.beans.factory.support.DefaultListableBeanFactory - Creating shared instance of singleton bean 'org.springframework.boot.autoconfigure.task.TaskExecutorConfigurations$TaskExecutorConfiguration'
2026-06-07 22:44:52 DEBUG org.springframework.beans.factory.support.DefaultListableBeanFactory - Creating shared instance of singleton bean 'threadPoolTaskExecutorBuilder'
2026-06-07 22:44:52 DEBUG org.springframework.beans.factory.support.DefaultListableBeanFactory - Creating shared instance of singleton bean 'org.springframework.boot.autoconfigure.task.TaskExecutorConfigurations$ThreadPoolTaskExecutorBuilderConfiguration'
2026-06-07 22:44:52 DEBUG org.springframework.beans.factory.support.DefaultListableBeanFactory - Creating shared instance of singleton bean 'spring.task.execution-org.springframework.boot.autoconfigure.task.TaskExecutionProperties'
2026-06-07 22:44:52 DEBUG org.springframework.beans.factory.support.DefaultListableBeanFactory - Autowiring by type from bean name 'threadPoolTaskExecutorBuilder' via factory method to bean named 'spring.task.execution-org.springframework.boot.autoconfigure.task.TaskExecutionProperties'
2026-06-07 22:44:52 DEBUG org.springframework.beans.factory.support.DefaultListableBeanFactory - Autowiring by type from bean name 'applicationTaskExecutor' via factory method to bean named 'threadPoolTaskExecutorBuilder'
2026-06-07 22:44:52 DEBUG org.springframework.scheduling.concurrent.ThreadPoolTaskExecutor - Initializing ExecutorService 'applicationTaskExecutor'
2026-06-07 22:44:52 DEBUG org.springframework.beans.factory.support.DefaultListableBeanFactory - Creating shared instance of singleton bean 'dataSourceScriptDatabaseInitializer'
2026-06-07 22:44:52 DEBUG org.springframework.beans.factory.support.DefaultListableBeanFactory - Creating shared instance of singleton bean 'org.springframework.boot.jdbc.autoconfigure.DataSourceInitializationAutoConfiguration'
2026-06-07 22:44:52 DEBUG org.springframework.beans.factory.support.DefaultListableBeanFactory - Creating shared instance of singleton bean 'dataSource'
2026-06-07 22:44:52 DEBUG org.springframework.beans.factory.support.DefaultListableBeanFactory - Creating shared instance of singleton bean 'org.springframework.boot.jdbc.autoconfigure.DataSourceConfiguration$Hikari'
2026-06-07 22:44:52 DEBUG org.springframework.beans.factory.support.DefaultListableBeanFactory - Creating shared instance of singleton bean 'spring.datasource-org.springframework.boot.jdbc.autoconfigure.DataSourceProperties'
2026-06-07 22:44:52 DEBUG org.springframework.beans.factory.support.DefaultListableBeanFactory - Creating shared instance of singleton bean 'jdbcConnectionDetails'
2026-06-07 22:44:52 DEBUG org.springframework.beans.factory.support.DefaultListableBeanFactory - Creating shared instance of singleton bean 'org.springframework.boot.jdbc.autoconfigure.DataSourceAutoConfiguration$PooledDataSourceConfiguration'
2026-06-07 22:44:52 DEBUG org.springframework.beans.factory.support.DefaultListableBeanFactory - Autowiring by type from bean name 'jdbcConnectionDetails' via factory method to bean named 'spring.datasource-org.springframework.boot.jdbc.autoconfigure.DataSourceProperties'
2026-06-07 22:44:52 DEBUG org.springframework.beans.factory.support.DefaultListableBeanFactory - Autowiring by type from bean name 'dataSource' via factory method to bean named 'spring.datasource-org.springframework.boot.jdbc.autoconfigure.DataSourceProperties'
2026-06-07 22:44:52 DEBUG org.springframework.beans.factory.support.DefaultListableBeanFactory - Autowiring by type from bean name 'dataSource' via factory method to bean named 'jdbcConnectionDetails'
2026-06-07 22:44:52 DEBUG org.springframework.beans.factory.support.DefaultListableBeanFactory - Autowiring by type from bean name 'dataSource' via factory method to bean named 'environment'
2026-06-07 22:44:52 WARN  org.springframework.boot.web.server.servlet.context.AnnotationConfigServletWebServerApplicationContext - Exception encountered during context initialization - cancelling refresh attempt: org.springframework.beans.factory.BeanCreationException: Error creating bean with name 'entityManagerFactory' defined in class path resource [org/springframework/boot/hibernate/autoconfigure/HibernateJpaConfiguration.class]: Failed to initialize dependency 'dataSourceScriptDatabaseInitializer' of LoadTimeWeaverAware bean 'entityManagerFactory': Error creating bean with name 'dataSourceScriptDatabaseInitializer' defined in class path resource [org/springframework/boot/jdbc/autoconfigure/DataSourceInitializationAutoConfiguration.class]: Unsatisfied dependency expressed through method 'dataSourceScriptDatabaseInitializer' parameter 0: Error creating bean with name 'dataSource' defined in class path resource [org/springframework/boot/jdbc/autoconfigure/DataSourceConfiguration$Hikari.class]: Failed to instantiate [com.zaxxer.hikari.HikariDataSource]: Factory method 'dataSource' threw exception with message: Failed to determine a suitable driver class
2026-06-07 22:44:52 DEBUG org.springframework.scheduling.concurrent.ThreadPoolTaskExecutor - Shutting down ExecutorService 'applicationTaskExecutor'
2026-06-07 22:44:52 DEBUG org.apache.catalina.util.LifecycleBase - Setting state for [StandardServer[-1]] to [STOPPING_PREP]
2026-06-07 22:44:52 DEBUG org.apache.catalina.util.LifecycleBase - Setting state for [StandardServer[-1]] to [STOPPING]
2026-06-07 22:44:52 DEBUG org.apache.catalina.util.LifecycleBase - Setting state for [StandardService[Tomcat]] to [STOPPING_PREP]
2026-06-07 22:44:52 INFO  org.apache.catalina.core.StandardService - Stopping service [Tomcat]
2026-06-07 22:44:52 DEBUG org.apache.catalina.util.LifecycleBase - Setting state for [StandardService[Tomcat]] to [STOPPING]
2026-06-07 22:44:52 DEBUG org.apache.catalina.util.LifecycleBase - Setting state for [StandardEngine[Tomcat]] to [STOPPING_PREP]
2026-06-07 22:44:52 DEBUG org.apache.catalina.util.LifecycleBase - Setting state for [StandardEngine[Tomcat]] to [STOPPING]
2026-06-07 22:44:52 DEBUG org.apache.catalina.util.LifecycleBase - Setting state for [StandardPipeline[StandardEngine[Tomcat]]] to [STOPPING_PREP]
2026-06-07 22:44:52 DEBUG org.apache.catalina.util.LifecycleBase - Setting state for [StandardPipeline[StandardEngine[Tomcat]]] to [STOPPING]
2026-06-07 22:44:52 DEBUG org.apache.catalina.util.LifecycleBase - Setting state for [StandardEngineValve[StandardEngine[Tomcat]]] to [STOPPING_PREP]
2026-06-07 22:44:52 DEBUG org.apache.catalina.util.LifecycleBase - Setting state for [StandardEngineValve[StandardEngine[Tomcat]]] to [STOPPING]
2026-06-07 22:44:52 DEBUG org.apache.catalina.util.LifecycleBase - Setting state for [StandardEngineValve[StandardEngine[Tomcat]]] to [STOPPED]
2026-06-07 22:44:52 DEBUG org.apache.catalina.util.LifecycleBase - Setting state for [StandardPipeline[StandardEngine[Tomcat]]] to [STOPPED]
2026-06-07 22:44:52 DEBUG org.apache.catalina.util.LifecycleBase - Setting state for [StandardEngine[Tomcat].StandardHost[localhost]] to [STOPPING_PREP]
2026-06-07 22:44:52 DEBUG org.apache.catalina.mapper.MapperListener - Unregister host [localhost] at domain [null] for service [StandardService[Tomcat]]
2026-06-07 22:44:52 DEBUG org.apache.catalina.util.LifecycleBase - Setting state for [StandardEngine[Tomcat].StandardHost[localhost]] to [STOPPING]
2026-06-07 22:44:52 DEBUG org.apache.catalina.util.LifecycleBase - Setting state for [StandardPipeline[StandardEngine[Tomcat].StandardHost[localhost]]] to [STOPPING_PREP]
2026-06-07 22:44:52 DEBUG org.apache.catalina.util.LifecycleBase - Setting state for [StandardPipeline[StandardEngine[Tomcat].StandardHost[localhost]]] to [STOPPING]
2026-06-07 22:44:52 DEBUG org.apache.catalina.util.LifecycleBase - Setting state for [ErrorReportValve[StandardEngine[Tomcat].StandardHost[localhost]]] to [STOPPING_PREP]
2026-06-07 22:44:52 DEBUG org.apache.catalina.util.LifecycleBase - Setting state for [ErrorReportValve[StandardEngine[Tomcat].StandardHost[localhost]]] to [STOPPING]
2026-06-07 22:44:52 DEBUG org.apache.catalina.util.LifecycleBase - Setting state for [ErrorReportValve[StandardEngine[Tomcat].StandardHost[localhost]]] to [STOPPED]
2026-06-07 22:44:52 DEBUG org.apache.catalina.util.LifecycleBase - Setting state for [StandardHostValve[StandardEngine[Tomcat].StandardHost[localhost]]] to [STOPPING_PREP]
2026-06-07 22:44:52 DEBUG org.apache.catalina.util.LifecycleBase - Setting state for [StandardHostValve[StandardEngine[Tomcat].StandardHost[localhost]]] to [STOPPING]
2026-06-07 22:44:52 DEBUG org.apache.catalina.util.LifecycleBase - Setting state for [StandardHostValve[StandardEngine[Tomcat].StandardHost[localhost]]] to [STOPPED]
2026-06-07 22:44:52 DEBUG org.apache.catalina.util.LifecycleBase - Setting state for [StandardPipeline[StandardEngine[Tomcat].StandardHost[localhost]]] to [STOPPED]
2026-06-07 22:44:52 DEBUG org.apache.catalina.util.LifecycleBase - Setting state for [StandardEngine[Tomcat].StandardHost[localhost].TomcatEmbeddedContext[]] to [STOPPING_PREP]
2026-06-07 22:44:52 DEBUG org.apache.catalina.mapper.MapperListener - Unregister Context [] for service [StandardService[Tomcat]]
2026-06-07 22:44:52 DEBUG org.apache.catalina.util.LifecycleBase - Setting state for [StandardEngine[Tomcat].StandardHost[localhost].TomcatEmbeddedContext[]] to [STOPPING]
2026-06-07 22:44:52 DEBUG org.apache.catalina.util.LifecycleBase - Setting state for [StandardEngine[Tomcat].StandardHost[localhost].TomcatEmbeddedContext[].StandardWrapper[dispatcherServlet]] to [STOPPING_PREP]
2026-06-07 22:44:52 DEBUG org.apache.catalina.mapper.MapperListener - Unregister Wrapper [dispatcherServlet] in Context [] for service [StandardService[Tomcat]]
2026-06-07 22:44:52 DEBUG org.apache.catalina.util.LifecycleBase - Setting state for [StandardEngine[Tomcat].StandardHost[localhost].TomcatEmbeddedContext[].StandardWrapper[dispatcherServlet]] to [STOPPING]
2026-06-07 22:44:52 DEBUG org.apache.catalina.util.LifecycleBase - Setting state for [StandardPipeline[StandardEngine[Tomcat].StandardHost[localhost].TomcatEmbeddedContext[].StandardWrapper[dispatcherServlet]]] to [STOPPING_PREP]
2026-06-07 22:44:52 DEBUG org.apache.catalina.util.LifecycleBase - Setting state for [StandardPipeline[StandardEngine[Tomcat].StandardHost[localhost].TomcatEmbeddedContext[].StandardWrapper[dispatcherServlet]]] to [STOPPING]
2026-06-07 22:44:52 DEBUG org.apache.catalina.util.LifecycleBase - Setting state for [StandardWrapperValve[StandardEngine[Tomcat].StandardHost[localhost].TomcatEmbeddedContext[].StandardWrapper[dispatcherServlet]]] to [STOPPING_PREP]
2026-06-07 22:44:52 DEBUG org.apache.catalina.util.LifecycleBase - Setting state for [StandardWrapperValve[StandardEngine[Tomcat].StandardHost[localhost].TomcatEmbeddedContext[].StandardWrapper[dispatcherServlet]]] to [STOPPING]
2026-06-07 22:44:52 DEBUG org.apache.catalina.util.LifecycleBase - Setting state for [StandardWrapperValve[StandardEngine[Tomcat].StandardHost[localhost].TomcatEmbeddedContext[].StandardWrapper[dispatcherServlet]]] to [STOPPED]
2026-06-07 22:44:52 DEBUG org.apache.catalina.util.LifecycleBase - Setting state for [StandardPipeline[StandardEngine[Tomcat].StandardHost[localhost].TomcatEmbeddedContext[].StandardWrapper[dispatcherServlet]]] to [STOPPED]
2026-06-07 22:44:52 DEBUG org.apache.catalina.util.LifecycleBase - Setting state for [StandardEngine[Tomcat].StandardHost[localhost].TomcatEmbeddedContext[].StandardWrapper[dispatcherServlet]] to [STOPPED]
2026-06-07 22:44:52 DEBUG org.apache.catalina.core.ApplicationFilterConfig - JMX de-registration complete for filter of type [org.springframework.boot.servlet.filter.OrderedRequestContextFilter] and name [requestContextFilter]
2026-06-07 22:44:52 DEBUG org.apache.catalina.core.ApplicationFilterConfig - JMX de-registration complete for filter of type [org.apache.tomcat.websocket.server.WsFilter] and name [Tomcat WebSocket (JSR356) Filter]
2026-06-07 22:44:52 DEBUG org.apache.catalina.core.ApplicationFilterConfig - JMX de-registration complete for filter of type [org.springframework.boot.servlet.filter.OrderedCharacterEncodingFilter] and name [characterEncodingFilter]
2026-06-07 22:44:52 DEBUG org.apache.catalina.core.ApplicationFilterConfig - JMX de-registration complete for filter of type [org.springframework.boot.servlet.filter.OrderedFormContentFilter] and name [formContentFilter]
2026-06-07 22:44:52 DEBUG org.apache.catalina.util.LifecycleBase - Setting state for [StandardManager[StandardEngine[Tomcat].StandardHost[localhost].TomcatEmbeddedContext[]]] to [STOPPING_PREP]
2026-06-07 22:44:52 DEBUG org.apache.catalina.util.LifecycleBase - Setting state for [StandardManager[StandardEngine[Tomcat].StandardHost[localhost].TomcatEmbeddedContext[]]] to [STOPPING]
2026-06-07 22:44:52 DEBUG org.apache.catalina.session.StandardManager - No persisted sessions to unload
2026-06-07 22:44:52 DEBUG org.apache.catalina.util.LifecycleBase - Setting state for [org.springframework.boot.tomcat.LazySessionIdGenerator@c8f97a7] to [STOPPING_PREP]
2026-06-07 22:44:52 DEBUG org.apache.catalina.util.LifecycleBase - Setting state for [org.springframework.boot.tomcat.LazySessionIdGenerator@c8f97a7] to [STOPPING]
2026-06-07 22:44:52 DEBUG org.apache.catalina.util.LifecycleBase - Setting state for [org.springframework.boot.tomcat.LazySessionIdGenerator@c8f97a7] to [STOPPED]
2026-06-07 22:44:52 DEBUG org.apache.catalina.util.LifecycleBase - Setting state for [StandardManager[StandardEngine[Tomcat].StandardHost[localhost].TomcatEmbeddedContext[]]] to [STOPPED]
2026-06-07 22:44:52 DEBUG org.apache.catalina.util.LifecycleBase - Setting state for [org.apache.catalina.deploy.NamingResourcesImpl@3e214105] to [STOPPING_PREP]
2026-06-07 22:44:52 DEBUG org.apache.catalina.util.LifecycleBase - Setting state for [org.apache.catalina.deploy.NamingResourcesImpl@3e214105] to [STOPPING]
2026-06-07 22:44:52 DEBUG org.apache.catalina.util.LifecycleBase - Setting state for [org.apache.catalina.deploy.NamingResourcesImpl@3e214105] to [STOPPED]
2026-06-07 22:44:52 DEBUG org.apache.catalina.util.LifecycleBase - Setting state for [StandardPipeline[StandardEngine[Tomcat].StandardHost[localhost].TomcatEmbeddedContext[]]] to [STOPPING_PREP]
2026-06-07 22:44:52 DEBUG org.apache.catalina.util.LifecycleBase - Setting state for [StandardPipeline[StandardEngine[Tomcat].StandardHost[localhost].TomcatEmbeddedContext[]]] to [STOPPING]
2026-06-07 22:44:52 DEBUG org.apache.catalina.util.LifecycleBase - Setting state for [NonLoginAuthenticator[StandardEngine[Tomcat].StandardHost[localhost].TomcatEmbeddedContext[]]] to [STOPPING_PREP]
2026-06-07 22:44:52 DEBUG org.apache.catalina.util.LifecycleBase - Setting state for [NonLoginAuthenticator[StandardEngine[Tomcat].StandardHost[localhost].TomcatEmbeddedContext[]]] to [STOPPING]
2026-06-07 22:44:52 DEBUG org.apache.catalina.util.LifecycleBase - Setting state for [NonLoginAuthenticator[StandardEngine[Tomcat].StandardHost[localhost].TomcatEmbeddedContext[]]] to [STOPPED]
2026-06-07 22:44:52 DEBUG org.apache.catalina.util.LifecycleBase - Setting state for [StandardContextValve[StandardEngine[Tomcat].StandardHost[localhost].TomcatEmbeddedContext[]]] to [STOPPING_PREP]
2026-06-07 22:44:52 DEBUG org.apache.catalina.util.LifecycleBase - Setting state for [StandardContextValve[StandardEngine[Tomcat].StandardHost[localhost].TomcatEmbeddedContext[]]] to [STOPPING]
2026-06-07 22:44:52 DEBUG org.apache.catalina.util.LifecycleBase - Setting state for [StandardContextValve[StandardEngine[Tomcat].StandardHost[localhost].TomcatEmbeddedContext[]]] to [STOPPED]
2026-06-07 22:44:52 DEBUG org.apache.catalina.util.LifecycleBase - Setting state for [StandardPipeline[StandardEngine[Tomcat].StandardHost[localhost].TomcatEmbeddedContext[]]] to [STOPPED]
2026-06-07 22:44:52 DEBUG org.apache.catalina.util.LifecycleBase - Setting state for [WebappLoader[StandardEngine[Tomcat].StandardHost[localhost].TomcatEmbeddedContext[]]] to [STOPPING_PREP]
2026-06-07 22:44:52 DEBUG org.apache.catalina.loader.WebappLoader - Stopping this Loader
2026-06-07 22:44:52 DEBUG org.apache.catalina.util.LifecycleBase - Setting state for [WebappLoader[StandardEngine[Tomcat].StandardHost[localhost].TomcatEmbeddedContext[]]] to [STOPPING]
2026-06-07 22:44:52 DEBUG org.apache.catalina.util.LifecycleBase - Setting state for [WebappLoader[StandardEngine[Tomcat].StandardHost[localhost].TomcatEmbeddedContext[]]] to [STOPPED]
2026-06-07 22:44:52 DEBUG org.apache.catalina.util.LifecycleBase - Setting state for [org.apache.catalina.webresources.StandardRoot@22d7fd41] to [STOPPING_PREP]
2026-06-07 22:44:52 DEBUG org.apache.catalina.util.LifecycleBase - Setting state for [org.apache.catalina.webresources.DirResourceSet@602f8f94] to [STOPPING_PREP]
2026-06-07 22:44:52 DEBUG org.apache.catalina.util.LifecycleBase - Setting state for [org.apache.catalina.webresources.DirResourceSet@602f8f94] to [STOPPING]
2026-06-07 22:44:52 DEBUG org.apache.catalina.util.LifecycleBase - Setting state for [org.apache.catalina.webresources.DirResourceSet@602f8f94] to [STOPPED]
2026-06-07 22:44:52 DEBUG org.apache.catalina.util.LifecycleBase - Setting state for [org.apache.catalina.webresources.DirResourceSet@602f8f94] to [DESTROYING]
2026-06-07 22:44:52 DEBUG org.apache.catalina.util.LifecycleBase - Setting state for [org.apache.catalina.webresources.DirResourceSet@602f8f94] to [DESTROYED]
2026-06-07 22:44:52 DEBUG org.apache.catalina.util.LifecycleBase - Setting state for [org.apache.catalina.webresources.StandardRoot@22d7fd41] to [STOPPING]
2026-06-07 22:44:52 DEBUG org.apache.catalina.util.LifecycleBase - Setting state for [org.apache.catalina.webresources.StandardRoot@22d7fd41] to [STOPPED]
2026-06-07 22:44:52 DEBUG org.apache.catalina.util.LifecycleBase - Setting state for [StandardEngine[Tomcat].StandardHost[localhost].TomcatEmbeddedContext[].StandardWrapper[dispatcherServlet]] to [DESTROYING]
2026-06-07 22:44:52 DEBUG org.apache.catalina.util.LifecycleBase - Setting state for [StandardPipeline[StandardEngine[Tomcat].StandardHost[localhost].TomcatEmbeddedContext[].StandardWrapper[dispatcherServlet]]] to [DESTROYING]
2026-06-07 22:44:52 DEBUG org.apache.catalina.util.LifecycleBase - Setting state for [StandardWrapperValve[Container is null]] to [DESTROYING]
2026-06-07 22:44:52 DEBUG org.apache.catalina.util.LifecycleBase - Setting state for [StandardWrapperValve[Container is null]] to [DESTROYED]
2026-06-07 22:44:52 DEBUG org.apache.catalina.util.LifecycleBase - Setting state for [StandardPipeline[StandardEngine[Tomcat].StandardHost[localhost].TomcatEmbeddedContext[].StandardWrapper[dispatcherServlet]]] to [DESTROYED]
2026-06-07 22:44:52 DEBUG org.apache.catalina.util.LifecycleBase - Setting state for [StandardEngine[Tomcat].StandardHost[localhost].TomcatEmbeddedContext[].StandardWrapper[dispatcherServlet]] to [DESTROYED]
2026-06-07 22:44:52 DEBUG org.apache.catalina.util.LifecycleBase - Setting state for [StandardEngine[Tomcat].StandardHost[localhost].TomcatEmbeddedContext[]] to [STOPPED]
2026-06-07 22:44:52 DEBUG org.apache.catalina.util.LifecycleBase - Setting state for [StandardEngine[Tomcat].StandardHost[localhost]] to [STOPPED]
2026-06-07 22:44:52 DEBUG org.apache.catalina.util.LifecycleBase - Setting state for [SimpleRealm[StandardEngine[Tomcat]]] to [STOPPING_PREP]
2026-06-07 22:44:52 DEBUG org.apache.catalina.util.LifecycleBase - Setting state for [SimpleRealm[StandardEngine[Tomcat]]] to [STOPPING]
2026-06-07 22:44:52 DEBUG org.apache.catalina.util.LifecycleBase - Setting state for [SimpleRealm[StandardEngine[Tomcat]]] to [STOPPED]
2026-06-07 22:44:52 DEBUG org.apache.catalina.util.LifecycleBase - Setting state for [StandardEngine[Tomcat]] to [STOPPED]
2026-06-07 22:44:52 DEBUG org.apache.catalina.util.LifecycleBase - Setting state for [org.apache.catalina.mapper.MapperListener@29079032] to [STOPPING_PREP]
2026-06-07 22:44:52 DEBUG org.apache.catalina.util.LifecycleBase - Setting state for [org.apache.catalina.mapper.MapperListener@29079032] to [STOPPING]
2026-06-07 22:44:52 DEBUG org.apache.catalina.util.LifecycleBase - Setting state for [org.apache.catalina.mapper.MapperListener@29079032] to [STOPPED]
2026-06-07 22:44:52 DEBUG org.apache.catalina.util.LifecycleBase - Setting state for [StandardService[Tomcat]] to [STOPPED]
2026-06-07 22:44:52 DEBUG org.apache.catalina.util.LifecycleBase - Setting state for [org.apache.catalina.deploy.NamingResourcesImpl@61db86bf] to [STOPPING_PREP]
2026-06-07 22:44:52 DEBUG org.apache.catalina.util.LifecycleBase - Setting state for [org.apache.catalina.deploy.NamingResourcesImpl@61db86bf] to [STOPPING]
2026-06-07 22:44:52 DEBUG org.apache.catalina.util.LifecycleBase - Setting state for [org.apache.catalina.deploy.NamingResourcesImpl@61db86bf] to [STOPPED]
2026-06-07 22:44:52 DEBUG org.apache.catalina.util.LifecycleBase - Setting state for [StandardServer[-1]] to [STOPPED]
2026-06-07 22:44:52 DEBUG org.apache.catalina.util.LifecycleBase - Setting state for [StandardServer[-1]] to [DESTROYING]
2026-06-07 22:44:52 DEBUG org.apache.catalina.util.LifecycleBase - Setting state for [StandardService[Tomcat]] to [DESTROYING]
2026-06-07 22:44:52 DEBUG org.apache.catalina.util.LifecycleBase - Setting state for [org.apache.catalina.mapper.MapperListener@29079032] to [DESTROYING]
2026-06-07 22:44:52 DEBUG org.apache.catalina.util.LifecycleBase - Setting state for [org.apache.catalina.mapper.MapperListener@29079032] to [DESTROYED]
2026-06-07 22:44:52 DEBUG org.apache.catalina.util.LifecycleBase - Setting state for [StandardEngine[Tomcat]] to [DESTROYING]
2026-06-07 22:44:52 DEBUG org.apache.catalina.util.LifecycleBase - Setting state for [SimpleRealm[StandardEngine[Tomcat]]] to [DESTROYING]
2026-06-07 22:44:52 DEBUG org.apache.catalina.util.LifecycleBase - Setting state for [SimpleRealm[StandardEngine[Tomcat]]] to [DESTROYED]
2026-06-07 22:44:52 DEBUG org.apache.catalina.util.LifecycleBase - Setting state for [StandardPipeline[StandardEngine[Tomcat]]] to [DESTROYING]
2026-06-07 22:44:52 DEBUG org.apache.catalina.util.LifecycleBase - Setting state for [StandardEngineValve[Container is null]] to [DESTROYING]
2026-06-07 22:44:52 DEBUG org.apache.catalina.util.LifecycleBase - Setting state for [StandardEngineValve[Container is null]] to [DESTROYED]
2026-06-07 22:44:52 DEBUG org.apache.catalina.util.LifecycleBase - Setting state for [StandardPipeline[StandardEngine[Tomcat]]] to [DESTROYED]
2026-06-07 22:44:52 DEBUG org.apache.catalina.util.LifecycleBase - Setting state for [StandardEngine[Tomcat].StandardHost[localhost]] to [DESTROYING]
2026-06-07 22:44:52 DEBUG org.apache.catalina.util.LifecycleBase - Setting state for [StandardPipeline[StandardEngine[Tomcat].StandardHost[localhost]]] to [DESTROYING]
2026-06-07 22:44:52 DEBUG org.apache.catalina.util.LifecycleBase - Setting state for [ErrorReportValve[Container is null]] to [DESTROYING]
2026-06-07 22:44:52 DEBUG org.apache.catalina.util.LifecycleBase - Setting state for [ErrorReportValve[Container is null]] to [DESTROYED]
2026-06-07 22:44:52 DEBUG org.apache.catalina.util.LifecycleBase - Setting state for [StandardHostValve[Container is null]] to [DESTROYING]
2026-06-07 22:44:52 DEBUG org.apache.catalina.util.LifecycleBase - Setting state for [StandardHostValve[Container is null]] to [DESTROYED]
2026-06-07 22:44:52 DEBUG org.apache.catalina.util.LifecycleBase - Setting state for [StandardPipeline[StandardEngine[Tomcat].StandardHost[localhost]]] to [DESTROYED]
2026-06-07 22:44:52 DEBUG org.apache.catalina.util.LifecycleBase - Setting state for [StandardEngine[Tomcat].StandardHost[localhost].TomcatEmbeddedContext[]] to [DESTROYING]
2026-06-07 22:44:52 DEBUG org.apache.catalina.util.LifecycleBase - Setting state for [org.apache.catalina.deploy.NamingResourcesImpl@3e214105] to [DESTROYING]
2026-06-07 22:44:52 DEBUG org.apache.catalina.util.LifecycleBase - Setting state for [org.apache.catalina.deploy.NamingResourcesImpl@3e214105] to [DESTROYED]
2026-06-07 22:44:52 DEBUG org.apache.catalina.util.LifecycleBase - Setting state for [WebappLoader[StandardEngine[Tomcat].StandardHost[localhost].TomcatEmbeddedContext[]]] to [DESTROYING]
2026-06-07 22:44:52 DEBUG org.apache.catalina.util.LifecycleBase - Setting state for [WebappLoader[StandardEngine[Tomcat].StandardHost[localhost].TomcatEmbeddedContext[]]] to [DESTROYED]
2026-06-07 22:44:52 DEBUG org.apache.catalina.util.LifecycleBase - Setting state for [StandardManager[StandardEngine[Tomcat].StandardHost[localhost].TomcatEmbeddedContext[]]] to [DESTROYING]
2026-06-07 22:44:52 DEBUG org.apache.catalina.util.LifecycleBase - Setting state for [StandardManager[StandardEngine[Tomcat].StandardHost[localhost].TomcatEmbeddedContext[]]] to [DESTROYED]
2026-06-07 22:44:52 DEBUG org.apache.catalina.util.LifecycleBase - Setting state for [org.apache.catalina.webresources.StandardRoot@22d7fd41] to [DESTROYING]
2026-06-07 22:44:52 DEBUG org.apache.catalina.util.LifecycleBase - Setting state for [org.apache.catalina.webresources.StandardRoot@22d7fd41] to [DESTROYED]
2026-06-07 22:44:52 DEBUG org.apache.catalina.util.LifecycleBase - Setting state for [StandardPipeline[StandardEngine[Tomcat].StandardHost[localhost].TomcatEmbeddedContext[]]] to [DESTROYING]
2026-06-07 22:44:52 DEBUG org.apache.catalina.util.LifecycleBase - Setting state for [NonLoginAuthenticator[Container is null]] to [DESTROYING]
2026-06-07 22:44:52 DEBUG org.apache.catalina.util.LifecycleBase - Setting state for [NonLoginAuthenticator[Container is null]] to [DESTROYED]
2026-06-07 22:44:52 DEBUG org.apache.catalina.util.LifecycleBase - Setting state for [StandardContextValve[Container is null]] to [DESTROYING]
2026-06-07 22:44:52 DEBUG org.apache.catalina.util.LifecycleBase - Setting state for [StandardContextValve[Container is null]] to [DESTROYED]
2026-06-07 22:44:52 DEBUG org.apache.catalina.util.LifecycleBase - Setting state for [StandardPipeline[StandardEngine[Tomcat].StandardHost[localhost].TomcatEmbeddedContext[]]] to [DESTROYED]
2026-06-07 22:44:52 DEBUG org.apache.catalina.util.LifecycleBase - Setting state for [StandardEngine[Tomcat].StandardHost[localhost].TomcatEmbeddedContext[]] to [DESTROYED]
2026-06-07 22:44:52 DEBUG org.apache.catalina.util.LifecycleBase - Setting state for [StandardEngine[Tomcat].StandardHost[localhost]] to [DESTROYED]
2026-06-07 22:44:52 DEBUG org.apache.catalina.util.LifecycleBase - Setting state for [StandardEngine[Tomcat]] to [DESTROYED]
2026-06-07 22:44:52 DEBUG org.apache.catalina.util.LifecycleBase - Setting state for [StandardService[Tomcat]] to [DESTROYED]
2026-06-07 22:44:52 DEBUG org.apache.catalina.util.LifecycleBase - Setting state for [org.apache.catalina.deploy.NamingResourcesImpl@61db86bf] to [DESTROYING]
2026-06-07 22:44:52 DEBUG org.apache.catalina.util.LifecycleBase - Setting state for [org.apache.catalina.deploy.NamingResourcesImpl@61db86bf] to [DESTROYED]
2026-06-07 22:44:52 DEBUG org.apache.catalina.util.LifecycleBase - Setting state for [StandardServer[-1]] to [DESTROYED]
2026-06-07 22:44:52 DEBUG org.springframework.boot.autoconfigure.logging.ConditionEvaluationReportLogger - 


============================
CONDITIONS EVALUATION REPORT
============================


Positive matches:
-----------------

   AopAutoConfiguration matched:
      - @ConditionalOnBooleanProperty (spring.aop.auto=true) matched (OnPropertyCondition)

   AopAutoConfiguration.AspectJAutoProxyingConfiguration matched:
      - @ConditionalOnClass found required class 'org.aspectj.weaver.Advice' (OnClassCondition)

   AopAutoConfiguration.AspectJAutoProxyingConfiguration.CglibAutoProxyConfiguration matched:
      - @ConditionalOnBooleanProperty (spring.aop.proxy-target-class=true) matched (OnPropertyCondition)

   ApplicationAvailabilityAutoConfiguration#applicationAvailability matched:
      - @ConditionalOnMissingBean (types: org.springframework.boot.availability.ApplicationAvailability; SearchStrategy: all) did not find any beans (OnBeanCondition)

   DataJpaRepositoriesAutoConfiguration matched:
      - @ConditionalOnClass found required class 'org.springframework.data.jpa.repository.JpaRepository' (OnClassCondition)
      - @ConditionalOnBooleanProperty (spring.data.jpa.repositories.enabled=true) matched (OnPropertyCondition)
      - @ConditionalOnBean (types: javax.sql.DataSource; SearchStrategy: all) found bean 'dataSource'; @ConditionalOnMissingBean (types: org.springframework.data.jpa.repository.support.JpaRepositoryFactoryBean,org.springframework.data.jpa.repository.config.JpaRepositoryConfigExtension; SearchStrategy: all) did not find any beans (OnBeanCondition)

   DataSourceAutoConfiguration matched:
      - @ConditionalOnClass found required classes 'javax.sql.DataSource', 'org.springframework.jdbc.datasource.embedded.EmbeddedDatabaseType' (OnClassCondition)
      - @ConditionalOnMissingBean (types: io.r2dbc.spi.ConnectionFactory; SearchStrategy: all) did not find any beans (OnBeanCondition)

   DataSourceAutoConfiguration.PooledDataSourceConfiguration matched:
      - AnyNestedCondition 1 matched 1 did not; NestedCondition on DataSourceAutoConfiguration.PooledDataSourceCondition.PooledDataSourceAvailable PooledDataSource found supported DataSource; NestedCondition on DataSourceAutoConfiguration.PooledDataSourceCondition.ExplicitType @ConditionalOnProperty (spring.datasource.type) did not find property 'spring.datasource.type' (DataSourceAutoConfiguration.PooledDataSourceCondition)
      - @ConditionalOnMissingBean (types: javax.sql.DataSource,javax.sql.XADataSource; SearchStrategy: all) did not find any beans (OnBeanCondition)

   DataSourceAutoConfiguration.PooledDataSourceConfiguration#jdbcConnectionDetails matched:
      - @ConditionalOnMissingBean (types: org.springframework.boot.jdbc.autoconfigure.JdbcConnectionDetails; SearchStrategy: all) did not find any beans (OnBeanCondition)

   DataSourceConfiguration.Hikari matched:
      - @ConditionalOnClass found required class 'com.zaxxer.hikari.HikariDataSource' (OnClassCondition)
      - @ConditionalOnProperty (spring.datasource.type=com.zaxxer.hikari.HikariDataSource) matched (OnPropertyCondition)
      - @ConditionalOnMissingBean (types: javax.sql.DataSource; SearchStrategy: all) did not find any beans (OnBeanCondition)

   DataSourceInitializationAutoConfiguration matched:
      - @ConditionalOnClass found required class 'org.springframework.jdbc.datasource.init.DatabasePopulator' (OnClassCondition)
      - SQL InitializationDatabase Initialization default value is EMBEDDED (OnSqlInitializationCondition)
      - @ConditionalOnSingleCandidate (types: javax.sql.DataSource; SearchStrategy: all) found a single bean 'dataSource'; @ConditionalOnMissingBean (types: org.springframework.boot.sql.autoconfigure.init.ApplicationScriptDatabaseInitializer; SearchStrategy: all) did not find any beans (OnBeanCondition)

   DataSourceJmxConfiguration matched:
      - @ConditionalOnBooleanProperty (spring.jmx.enabled=true) matched (OnPropertyCondition)

   DataSourceJmxConfiguration.Hikari matched:
      - @ConditionalOnClass found required class 'com.zaxxer.hikari.HikariDataSource' (OnClassCondition)
      - @ConditionalOnSingleCandidate (types: javax.sql.DataSource; SearchStrategy: all) found a single bean 'dataSource' (OnBeanCondition)

   DataSourcePoolMetadataProvidersConfiguration.HikariPoolDataSourceMetadataProviderConfiguration matched:
      - @ConditionalOnClass found required class 'com.zaxxer.hikari.HikariDataSource' (OnClassCondition)

   DataSourceTransactionManagerAutoConfiguration matched:
      - @ConditionalOnClass found required classes 'javax.sql.DataSource', 'org.springframework.jdbc.core.JdbcTemplate', 'org.springframework.transaction.TransactionManager' (OnClassCondition)

   DataSourceTransactionManagerAutoConfiguration.JdbcTransactionManagerConfiguration matched:
      - @ConditionalOnSingleCandidate (types: javax.sql.DataSource; SearchStrategy: all) found a single bean 'dataSource' (OnBeanCondition)

   DataWebAutoConfiguration matched:
      - @ConditionalOnClass found required classes 'org.springframework.data.web.PageableHandlerMethodArgumentResolver', 'org.springframework.web.servlet.config.annotation.WebMvcConfigurer' (OnClassCondition)
      - found 'session' scope (OnWebApplicationCondition)
      - @ConditionalOnMissingBean (types: org.springframework.data.web.PageableHandlerMethodArgumentResolver; SearchStrategy: all) did not find any beans (OnBeanCondition)

   DataWebAutoConfiguration#pageableCustomizer matched:
      - @ConditionalOnMissingBean (types: org.springframework.data.web.config.PageableHandlerMethodArgumentResolverCustomizer; SearchStrategy: all) did not find any beans (OnBeanCondition)

   DataWebAutoConfiguration#sortCustomizer matched:
      - @ConditionalOnMissingBean (types: org.springframework.data.web.config.SortHandlerMethodArgumentResolverCustomizer; SearchStrategy: all) did not find any beans (OnBeanCondition)

   DataWebAutoConfiguration#springDataWebSettings matched:
      - @ConditionalOnMissingBean (types: org.springframework.data.web.config.SpringDataWebSettings; SearchStrategy: all) did not find any beans (OnBeanCondition)

   DispatcherServletAutoConfiguration matched:
      - @ConditionalOnClass found required class 'org.springframework.web.servlet.DispatcherServlet' (OnClassCondition)
      - found 'session' scope (OnWebApplicationCondition)

   DispatcherServletAutoConfiguration.DispatcherServletConfiguration matched:
      - @ConditionalOnClass found required class 'jakarta.servlet.ServletRegistration' (OnClassCondition)
      - Default DispatcherServlet did not find dispatcher servlet beans (DispatcherServletAutoConfiguration.DefaultDispatcherServletCondition)

   DispatcherServletAutoConfiguration.DispatcherServletRegistrationConfiguration matched:
      - @ConditionalOnClass found required class 'jakarta.servlet.ServletRegistration' (OnClassCondition)
      - DispatcherServlet Registration did not find servlet registration bean (DispatcherServletAutoConfiguration.DispatcherServletRegistrationCondition)

   DispatcherServletAutoConfiguration.DispatcherServletRegistrationConfiguration#dispatcherServletRegistration matched:
      - @ConditionalOnBean (names: dispatcherServlet types: org.springframework.web.servlet.DispatcherServlet; SearchStrategy: all) found bean 'dispatcherServlet' (OnBeanCondition)

   ErrorMvcAutoConfiguration matched:
      - @ConditionalOnClass found required classes 'jakarta.servlet.Servlet', 'org.springframework.web.servlet.DispatcherServlet' (OnClassCondition)
      - found 'session' scope (OnWebApplicationCondition)

   ErrorMvcAutoConfiguration#basicErrorController matched:
      - @ConditionalOnMissingBean (types: org.springframework.boot.webmvc.error.ErrorController; SearchStrategy: current) did not find any beans (OnBeanCondition)

   ErrorMvcAutoConfiguration#errorAttributes matched:
      - @ConditionalOnMissingBean (types: org.springframework.boot.webmvc.error.ErrorAttributes; SearchStrategy: current) did not find any beans (OnBeanCondition)

   ErrorMvcAutoConfiguration.DefaultErrorViewResolverConfiguration#conventionErrorViewResolver matched:
      - @ConditionalOnBean (types: org.springframework.web.servlet.DispatcherServlet; SearchStrategy: all) found bean 'dispatcherServlet'; @ConditionalOnMissingBean (types: org.springframework.boot.webmvc.autoconfigure.error.ErrorViewResolver; SearchStrategy: all) did not find any beans (OnBeanCondition)

   ErrorMvcAutoConfiguration.WhitelabelErrorViewConfiguration matched:
      - @ConditionalOnBooleanProperty (spring.web.error.whitelabel.enabled=true) matched (OnPropertyCondition)
      - ErrorTemplate Missing did not find error template view (ErrorMvcAutoConfiguration.ErrorTemplateMissingCondition)

   ErrorMvcAutoConfiguration.WhitelabelErrorViewConfiguration#beanNameViewResolver matched:
      - @ConditionalOnMissingBean (types: org.springframework.web.servlet.view.BeanNameViewResolver; SearchStrategy: all) did not find any beans (OnBeanCondition)

   ErrorMvcAutoConfiguration.WhitelabelErrorViewConfiguration#defaultErrorView matched:
      - @ConditionalOnMissingBean (names: error; SearchStrategy: all) did not find any beans (OnBeanCondition)

   HibernateJpaAutoConfiguration matched:
      - @ConditionalOnClass found required classes 'org.springframework.orm.jpa.LocalContainerEntityManagerFactoryBean', 'jakarta.persistence.EntityManager', 'org.hibernate.engine.spi.SessionImplementor' (OnClassCondition)

   HibernateJpaConfiguration matched:
      - @ConditionalOnSingleCandidate (types: javax.sql.DataSource; SearchStrategy: all) found a single bean 'dataSource' (OnBeanCondition)

   HttpEncodingAutoConfiguration matched:
      - @ConditionalOnClass found required class 'org.springframework.web.filter.CharacterEncodingFilter' (OnClassCondition)
      - found 'session' scope (OnWebApplicationCondition)
      - @ConditionalOnBooleanProperty (spring.servlet.encoding.enabled=true) matched (OnPropertyCondition)

   HttpEncodingAutoConfiguration#characterEncodingFilter matched:
      - @ConditionalOnMissingBean (types: org.springframework.web.filter.CharacterEncodingFilter; SearchStrategy: all) did not find any beans (OnBeanCondition)

   HttpMessageConvertersAutoConfiguration matched:
      - @ConditionalOnClass found required class 'org.springframework.http.converter.HttpMessageConverter' (OnClassCondition)
      - NoneNestedConditions 0 matched 1 did not; NestedCondition on HttpMessageConvertersAutoConfiguration.NotReactiveWebApplicationCondition.ReactiveWebApplication did not find reactive web application classes (HttpMessageConvertersAutoConfiguration.NotReactiveWebApplicationCondition)

   HttpMessageConvertersAutoConfiguration.StringHttpMessageConverterConfiguration#stringHttpMessageConvertersCustomizer matched:
      - @ConditionalOnMissingBean (types: org.springframework.http.converter.StringHttpMessageConverter; SearchStrategy: all) did not find any beans (OnBeanCondition)

   JacksonAutoConfiguration matched:
      - @ConditionalOnClass found required class 'tools.jackson.databind.json.JsonMapper' (OnClassCondition)

   JacksonAutoConfiguration#jacksonJsonMapper matched:
      - @ConditionalOnMissingBean (types: tools.jackson.databind.json.JsonMapper; SearchStrategy: all) did not find any beans (OnBeanCondition)

   JacksonAutoConfiguration#jsonMapperBuilder matched:
      - @ConditionalOnMissingBean (types: tools.jackson.databind.json.JsonMapper$Builder; SearchStrategy: all) did not find any beans (OnBeanCondition)

   JacksonAutoConfiguration.JsonProblemDetailsConfiguration matched:
      - @ConditionalOnClass found required class 'org.springframework.http.ProblemDetail' (OnClassCondition)

   JacksonHttpMessageConvertersConfiguration.JacksonJsonHttpMessageConverterConfiguration matched:
      - @ConditionalOnClass found required class 'tools.jackson.databind.json.JsonMapper' (OnClassCondition)
      - @ConditionalOnProperty (spring.http.converters.preferred-json-mapper=jackson) matched (OnPropertyCondition)
      - @ConditionalOnBean (types: tools.jackson.databind.json.JsonMapper; SearchStrategy: all) found bean 'jacksonJsonMapper' (OnBeanCondition)

   JacksonHttpMessageConvertersConfiguration.JacksonJsonHttpMessageConverterConfiguration#jacksonJsonHttpMessageConvertersCustomizer matched:
      - @ConditionalOnMissingBean (types: org.springframework.http.converter.json.JacksonJsonHttpMessageConverter ignored: org.springframework.hateoas.server.mvc.TypeConstrainedJacksonJsonHttpMessageConverter,org.springframework.data.rest.webmvc.alps.AlpsJacksonJsonHttpMessageConverter; SearchStrategy: all) did not find any beans (OnBeanCondition)

   JdbcClientAutoConfiguration matched:
      - @ConditionalOnSingleCandidate (types: org.springframework.jdbc.core.namedparam.NamedParameterJdbcTemplate; SearchStrategy: all) found a single bean 'namedParameterJdbcTemplate'; @ConditionalOnMissingBean (types: org.springframework.jdbc.core.simple.JdbcClient; SearchStrategy: all) did not find any beans (OnBeanCondition)

   JdbcTemplateAutoConfiguration matched:
      - @ConditionalOnClass found required classes 'javax.sql.DataSource', 'org.springframework.jdbc.core.JdbcTemplate' (OnClassCondition)
      - @ConditionalOnSingleCandidate (types: javax.sql.DataSource; SearchStrategy: all) found a single bean 'dataSource' (OnBeanCondition)

   JdbcTemplateConfiguration matched:
      - @ConditionalOnMissingBean (types: org.springframework.jdbc.core.JdbcOperations; SearchStrategy: all) did not find any beans (OnBeanCondition)

   JmxAutoConfiguration matched:
      - @ConditionalOnClass found required class 'org.springframework.jmx.export.MBeanExporter' (OnClassCondition)
      - @ConditionalOnBooleanProperty (spring.jmx.enabled=true) matched (OnPropertyCondition)

   JmxAutoConfiguration#mbeanExporter matched:
      - @ConditionalOnMissingBean (types: org.springframework.jmx.export.MBeanExporter; SearchStrategy: current) did not find any beans (OnBeanCondition)

   JmxAutoConfiguration#mbeanServer matched:
      - @ConditionalOnMissingBean (types: javax.management.MBeanServer; SearchStrategy: all) did not find any beans (OnBeanCondition)

   JmxAutoConfiguration#objectNamingStrategy matched:
      - @ConditionalOnMissingBean (types: org.springframework.jmx.export.naming.ObjectNamingStrategy; SearchStrategy: current) did not find any beans (OnBeanCondition)

   JpaBaseConfiguration#entityManagerFactory matched:
      - @ConditionalOnMissingBean (types: org.springframework.orm.jpa.LocalContainerEntityManagerFactoryBean,jakarta.persistence.EntityManagerFactory; SearchStrategy: all) did not find any beans (OnBeanCondition)

   JpaBaseConfiguration#entityManagerFactoryBuilder matched:
      - @ConditionalOnMissingBean (types: org.springframework.boot.jpa.EntityManagerFactoryBuilder; SearchStrategy: all) did not find any beans (OnBeanCondition)

   JpaBaseConfiguration#jpaVendorAdapter matched:
      - @ConditionalOnMissingBean (types: org.springframework.orm.jpa.JpaVendorAdapter; SearchStrategy: all) did not find any beans (OnBeanCondition)

   JpaBaseConfiguration#transactionManager matched:
      - @ConditionalOnMissingBean (types: org.springframework.transaction.TransactionManager; SearchStrategy: all) did not find any beans (OnBeanCondition)

   JpaBaseConfiguration.JpaWebConfiguration matched:
      - @ConditionalOnClass found required class 'org.springframework.web.servlet.config.annotation.WebMvcConfigurer' (OnClassCondition)
      - found 'session' scope (OnWebApplicationCondition)
      - @ConditionalOnBooleanProperty (spring.jpa.open-in-view=true) matched (OnPropertyCondition)
      - @ConditionalOnMissingBean (types: org.springframework.orm.jpa.support.OpenEntityManagerInViewInterceptor,org.springframework.orm.jpa.support.OpenEntityManagerInViewFilter; SearchStrategy: all) did not find any beans (OnBeanCondition)

   JpaBaseConfiguration.PersistenceManagedTypesConfiguration matched:
      - @ConditionalOnMissingBean (types: org.springframework.orm.jpa.LocalContainerEntityManagerFactoryBean,jakarta.persistence.EntityManagerFactory; SearchStrategy: all) did not find any beans (OnBeanCondition)

   JpaBaseConfiguration.PersistenceManagedTypesConfiguration#persistenceManagedTypes matched:
      - @ConditionalOnMissingBean (types: org.springframework.orm.jpa.persistenceunit.PersistenceManagedTypes; SearchStrategy: all) did not find any beans (OnBeanCondition)

   JtaAutoConfiguration matched:
      - @ConditionalOnClass found required class 'jakarta.transaction.Transaction' (OnClassCondition)
      - @ConditionalOnBooleanProperty (spring.jta.enabled=true) matched (OnPropertyCondition)

   LifecycleAutoConfiguration#defaultLifecycleProcessor matched:
      - @ConditionalOnMissingBean (names: lifecycleProcessor; SearchStrategy: current) did not find any beans (OnBeanCondition)

   MultipartAutoConfiguration matched:
      - @ConditionalOnClass found required classes 'jakarta.servlet.Servlet', 'org.springframework.web.multipart.support.StandardServletMultipartResolver', 'jakarta.servlet.MultipartConfigElement' (OnClassCondition)
      - found 'session' scope (OnWebApplicationCondition)
      - @ConditionalOnBooleanProperty (spring.servlet.multipart.enabled=true) matched (OnPropertyCondition)

   MultipartAutoConfiguration#multipartConfigElement matched:
      - @ConditionalOnMissingBean (types: jakarta.servlet.MultipartConfigElement; SearchStrategy: all) did not find any beans (OnBeanCondition)

   MultipartAutoConfiguration#multipartResolver matched:
      - @ConditionalOnMissingBean (types: org.springframework.web.multipart.MultipartResolver; SearchStrategy: all) did not find any beans (OnBeanCondition)

   MybatisAutoConfiguration matched:
      - @ConditionalOnClass found required classes 'org.apache.ibatis.session.SqlSessionFactory', 'org.mybatis.spring.SqlSessionFactoryBean' (OnClassCondition)
      - @ConditionalOnSingleCandidate (types: javax.sql.DataSource; SearchStrategy: all) found a single bean 'dataSource' (OnBeanCondition)

   MybatisAutoConfiguration#sqlSessionFactory matched:
      - @ConditionalOnMissingBean (types: org.apache.ibatis.session.SqlSessionFactory; SearchStrategy: all) did not find any beans (OnBeanCondition)

   MybatisAutoConfiguration#sqlSessionTemplate matched:
      - @ConditionalOnMissingBean (types: org.mybatis.spring.SqlSessionTemplate; SearchStrategy: all) did not find any beans (OnBeanCondition)

   MybatisAutoConfiguration.MapperScannerRegistrarNotFoundConfiguration matched:
      - @ConditionalOnMissingBean (types: org.mybatis.spring.mapper.MapperFactoryBean,org.mybatis.spring.mapper.MapperScannerConfigurer; SearchStrategy: all) did not find any beans (OnBeanCondition)

   MybatisLanguageDriverAutoConfiguration matched:
      - @ConditionalOnClass found required class 'org.apache.ibatis.scripting.LanguageDriver' (OnClassCondition)

   NamedParameterJdbcTemplateConfiguration matched:
      - @ConditionalOnSingleCandidate (types: org.springframework.jdbc.core.JdbcTemplate; SearchStrategy: all) found a single bean 'jdbcTemplate'; @ConditionalOnMissingBean (types: org.springframework.jdbc.core.namedparam.NamedParameterJdbcOperations; SearchStrategy: all) did not find any beans (OnBeanCondition)

   PersistenceExceptionTranslationAutoConfiguration matched:
      - @ConditionalOnClass found required class 'org.springframework.dao.annotation.PersistenceExceptionTranslationPostProcessor' (OnClassCondition)

   PersistenceExceptionTranslationAutoConfiguration#persistenceExceptionTranslationPostProcessor matched:
      - @ConditionalOnBooleanProperty (spring.persistence.exceptiontranslation.enabled=true) matched (OnPropertyCondition)
      - @ConditionalOnMissingBean (types: org.springframework.dao.annotation.PersistenceExceptionTranslationPostProcessor; SearchStrategy: all) did not find any beans (OnBeanCondition)

   PropertyPlaceholderAutoConfiguration#propertySourcesPlaceholderConfigurer matched:
      - @ConditionalOnMissingBean (types: org.springframework.context.support.PropertySourcesPlaceholderConfigurer; SearchStrategy: current) did not find any beans (OnBeanCondition)

   SpringApplicationAdminJmxAutoConfiguration matched:
      - @ConditionalOnBooleanProperty (spring.application.admin.enabled=true) matched (OnPropertyCondition)

   SpringApplicationAdminJmxAutoConfiguration#springApplicationAdminRegistrar matched:
      - @ConditionalOnMissingBean (types: org.springframework.boot.admin.SpringApplicationAdminMXBeanRegistrar; SearchStrategy: all) did not find any beans (OnBeanCondition)

   SslAutoConfiguration#sslBundleRegistry matched:
      - @ConditionalOnMissingBean (types: org.springframework.boot.ssl.SslBundleRegistry,org.springframework.boot.ssl.SslBundles; SearchStrategy: all) did not find any beans (OnBeanCondition)

   TaskExecutionAutoConfiguration matched:
      - @ConditionalOnClass found required class 'org.springframework.scheduling.concurrent.ThreadPoolTaskExecutor' (OnClassCondition)

   TaskExecutorConfigurations.AsyncConfigurerConfiguration matched:
      - @ConditionalOnMissingBean (types: org.springframework.scheduling.annotation.AsyncConfigurer; SearchStrategy: all) did not find any beans (OnBeanCondition)

   TaskExecutorConfigurations.SimpleAsyncTaskExecutorBuilderConfiguration#simpleAsyncTaskExecutorBuilder matched:
      - @ConditionalOnMissingBean (types: org.springframework.boot.task.SimpleAsyncTaskExecutorBuilder; SearchStrategy: all) did not find any beans (OnBeanCondition)
      - @ConditionalOnThreading found PLATFORM (OnThreadingCondition)

   TaskExecutorConfigurations.TaskExecutorConfiguration matched:
      - AnyNestedCondition 1 matched 1 did not; NestedCondition on TaskExecutorConfigurations.OnExecutorCondition.ModelCondition @ConditionalOnProperty (spring.task.execution.mode=force) did not find property 'spring.task.execution.mode'; NestedCondition on TaskExecutorConfigurations.OnExecutorCondition.ExecutorBeanCondition @ConditionalOnMissingBean (types: java.util.concurrent.Executor; SearchStrategy: all) did not find any beans (TaskExecutorConfigurations.OnExecutorCondition)

   TaskExecutorConfigurations.TaskExecutorConfiguration#applicationTaskExecutor matched:
      - @ConditionalOnThreading found PLATFORM (OnThreadingCondition)

   TaskExecutorConfigurations.ThreadPoolTaskExecutorBuilderConfiguration#threadPoolTaskExecutorBuilder matched:
      - @ConditionalOnMissingBean (types: org.springframework.boot.task.ThreadPoolTaskExecutorBuilder; SearchStrategy: all) did not find any beans (OnBeanCondition)

   TaskSchedulingAutoConfiguration matched:
      - @ConditionalOnClass found required class 'org.springframework.scheduling.concurrent.ThreadPoolTaskScheduler' (OnClassCondition)

   TaskSchedulingConfigurations.SimpleAsyncTaskSchedulerBuilderConfiguration#simpleAsyncTaskSchedulerBuilder matched:
      - @ConditionalOnMissingBean (types: org.springframework.boot.task.SimpleAsyncTaskSchedulerBuilder; SearchStrategy: all) did not find any beans (OnBeanCondition)
      - @ConditionalOnThreading found PLATFORM (OnThreadingCondition)

   TaskSchedulingConfigurations.ThreadPoolTaskSchedulerBuilderConfiguration#threadPoolTaskSchedulerBuilder matched:
      - @ConditionalOnMissingBean (types: org.springframework.boot.task.ThreadPoolTaskSchedulerBuilder; SearchStrategy: all) did not find any beans (OnBeanCondition)

   TomcatServletWebServerAutoConfiguration matched:
      - @ConditionalOnClass found required classes 'jakarta.servlet.ServletRequest', 'org.apache.catalina.startup.Tomcat', 'org.apache.coyote.UpgradeProtocol', 'org.springframework.boot.tomcat.servlet.TomcatServletWebServerFactory' (OnClassCondition)
      - found 'session' scope (OnWebApplicationCondition)

   TomcatServletWebServerAutoConfiguration#tomcatServletWebServerFactory matched:
      - @ConditionalOnMissingBean (types: org.springframework.boot.web.server.servlet.ServletWebServerFactory; SearchStrategy: current) did not find any beans (OnBeanCondition)

   TomcatWebServerConfiguration matched:
      - @ConditionalOnWarDeployment the application is not deployed as a WAR file. (OnWarDeploymentCondition)

   TomcatWebServerConfiguration.TomcatWebSocketConfiguration matched:
      - @ConditionalOnClass found required class 'org.apache.tomcat.websocket.server.WsSci' (OnClassCondition)

   TransactionAutoConfiguration matched:
      - @ConditionalOnClass found required class 'org.springframework.transaction.PlatformTransactionManager' (OnClassCondition)

   TransactionAutoConfiguration.EnableTransactionManagementConfiguration matched:
      - @ConditionalOnBean (types: org.springframework.transaction.TransactionManager; SearchStrategy: all) found bean 'transactionManager'; @ConditionalOnMissingBean (types: org.springframework.transaction.annotation.AbstractTransactionManagementConfiguration; SearchStrategy: all) did not find any beans (OnBeanCondition)

   TransactionAutoConfiguration.EnableTransactionManagementConfiguration.CglibAutoProxyConfiguration matched:
      - @ConditionalOnBooleanProperty (spring.aop.proxy-target-class=true) matched (OnPropertyCondition)

   TransactionAutoConfiguration.TransactionTemplateConfiguration matched:
      - @ConditionalOnSingleCandidate (types: org.springframework.transaction.PlatformTransactionManager; SearchStrategy: all) found a single bean 'transactionManager' (OnBeanCondition)

   TransactionAutoConfiguration.TransactionTemplateConfiguration#transactionTemplate matched:
      - @ConditionalOnMissingBean (types: org.springframework.transaction.support.TransactionOperations; SearchStrategy: all) did not find any beans (OnBeanCondition)

   TransactionManagerCustomizationAutoConfiguration matched:
      - @ConditionalOnClass found required class 'org.springframework.transaction.PlatformTransactionManager' (OnClassCondition)

   TransactionManagerCustomizationAutoConfiguration#platformTransactionManagerCustomizers matched:
      - @ConditionalOnMissingBean (types: org.springframework.boot.transaction.autoconfigure.TransactionManagerCustomizers; SearchStrategy: all) did not find any beans (OnBeanCondition)

   WebMvcAutoConfiguration matched:
      - @ConditionalOnClass found required classes 'jakarta.servlet.Servlet', 'org.springframework.web.servlet.DispatcherServlet', 'org.springframework.web.servlet.config.annotation.WebMvcConfigurer' (OnClassCondition)
      - found 'session' scope (OnWebApplicationCondition)
      - @ConditionalOnMissingBean (types: org.springframework.web.servlet.config.annotation.WebMvcConfigurationSupport; SearchStrategy: all) did not find any beans (OnBeanCondition)

   WebMvcAutoConfiguration#formContentFilter matched:
      - @ConditionalOnBooleanProperty (spring.mvc.formcontent.filter.enabled=true) matched (OnPropertyCondition)
      - @ConditionalOnMissingBean (types: org.springframework.web.filter.FormContentFilter; SearchStrategy: all) did not find any beans (OnBeanCondition)

   WebMvcAutoConfiguration.EnableWebMvcConfiguration#flashMapManager matched:
      - @ConditionalOnMissingBean (names: flashMapManager; SearchStrategy: all) did not find any beans (OnBeanCondition)

   WebMvcAutoConfiguration.EnableWebMvcConfiguration#localeResolver matched:
      - @ConditionalOnMissingBean (names: localeResolver; SearchStrategy: all) did not find any beans (OnBeanCondition)

   WebMvcAutoConfiguration.EnableWebMvcConfiguration#viewNameTranslator matched:
      - @ConditionalOnMissingBean (names: viewNameTranslator; SearchStrategy: all) did not find any beans (OnBeanCondition)

   WebMvcAutoConfiguration.WebMvcAutoConfigurationAdapter#defaultViewResolver matched:
      - @ConditionalOnMissingBean (types: org.springframework.web.servlet.view.InternalResourceViewResolver; SearchStrategy: all) did not find any beans (OnBeanCondition)

   WebMvcAutoConfiguration.WebMvcAutoConfigurationAdapter#requestContextFilter matched:
      - @ConditionalOnMissingBean (types: org.springframework.web.context.request.RequestContextListener,org.springframework.web.filter.RequestContextFilter; SearchStrategy: all) did not find any beans (OnBeanCondition)

   WebMvcAutoConfiguration.WebMvcAutoConfigurationAdapter#viewResolver matched:
      - @ConditionalOnBean (types: org.springframework.web.servlet.ViewResolver; SearchStrategy: all) found beans 'defaultViewResolver', 'beanNameViewResolver', 'mvcViewResolver'; @ConditionalOnMissingBean (names: viewResolver types: org.springframework.web.servlet.view.ContentNegotiatingViewResolver; SearchStrategy: all) did not find any beans (OnBeanCondition)


Negative matches:
-----------------

   AopAutoConfiguration.AspectJAutoProxyingConfiguration.JdkDynamicAutoProxyConfiguration:
      Did not match:
         - @ConditionalOnBooleanProperty (spring.aop.proxy-target-class=false) did not find property 'spring.aop.proxy-target-class' (OnPropertyCondition)

   AopAutoConfiguration.ClassProxyingConfiguration:
      Did not match:
         - @ConditionalOnMissingClass found unwanted class 'org.aspectj.weaver.Advice' (OnClassCondition)

   DataJpaRepositoriesAutoConfiguration#entityManagerFactoryBootstrapExecutorCustomizer:
      Did not match:
         - AnyNestedCondition 0 matched 2 did not; NestedCondition on DataJpaRepositoriesAutoConfiguration.BootstrapExecutorCondition.LazyBootstrapMode @ConditionalOnProperty (spring.data.jpa.repositories.bootstrap-mode=lazy) did not find property 'spring.data.jpa.repositories.bootstrap-mode'; NestedCondition on DataJpaRepositoriesAutoConfiguration.BootstrapExecutorCondition.DeferredBootstrapMode @ConditionalOnProperty (spring.data.jpa.repositories.bootstrap-mode=deferred) did not find property 'spring.data.jpa.repositories.bootstrap-mode' (DataJpaRepositoriesAutoConfiguration.BootstrapExecutorCondition)

   DataRepositoryMetricsAutoConfiguration:
      Did not match:
         - @ConditionalOnBean did not find required type 'io.micrometer.core.instrument.MeterRegistry' (OnBeanCondition)

   DataSourceAutoConfiguration.EmbeddedDatabaseConfiguration:
      Did not match:
         - EmbeddedDataSource found supported pooled data source (DataSourceAutoConfiguration.EmbeddedDatabaseCondition)

   DataSourceCheckpointRestoreConfiguration:
      Did not match:
         - @ConditionalOnClass did not find required class 'org.crac.Resource' (OnClassCondition)

   DataSourceConfiguration.Dbcp2:
      Did not match:
         - @ConditionalOnClass did not find required class 'org.apache.commons.dbcp2.BasicDataSource' (OnClassCondition)

   DataSourceConfiguration.Generic:
      Did not match:
         - @ConditionalOnProperty (spring.datasource.type) did not find property 'spring.datasource.type' (OnPropertyCondition)

   DataSourceConfiguration.OracleUcp:
      Did not match:
         - @ConditionalOnClass did not find required classes 'oracle.ucp.jdbc.PoolDataSourceImpl', 'oracle.jdbc.OracleConnection' (OnClassCondition)

   DataSourceConfiguration.Tomcat:
      Did not match:
         - @ConditionalOnClass did not find required class 'org.apache.tomcat.jdbc.pool.DataSource' (OnClassCondition)

   DataSourceHealthContributorAutoConfiguration:
      Did not match:
         - @ConditionalOnClass did not find required class 'org.springframework.boot.health.autoconfigure.contributor.ConditionalOnEnabledHealthIndicator' (OnClassCondition)

   DataSourceJmxConfiguration.TomcatDataSourceJmxConfiguration:
      Did not match:
         - @ConditionalOnClass did not find required class 'org.apache.tomcat.jdbc.pool.DataSourceProxy' (OnClassCondition)

   DataSourcePoolMetadataProvidersConfiguration.CommonsDbcp2PoolDataSourceMetadataProviderConfiguration:
      Did not match:
         - @ConditionalOnClass did not find required class 'org.apache.commons.dbcp2.BasicDataSource' (OnClassCondition)

   DataSourcePoolMetadataProvidersConfiguration.OracleUcpPoolDataSourceMetadataProviderConfiguration:
      Did not match:
         - @ConditionalOnClass did not find required classes 'oracle.ucp.jdbc.PoolDataSource', 'oracle.jdbc.OracleConnection' (OnClassCondition)

   DataSourcePoolMetadataProvidersConfiguration.TomcatDataSourcePoolMetadataProviderConfiguration:
      Did not match:
         - @ConditionalOnClass did not find required class 'org.apache.tomcat.jdbc.pool.DataSource' (OnClassCondition)

   DataSourcePoolMetricsAutoConfiguration:
      Did not match:
         - @ConditionalOnClass did not find required class 'io.micrometer.core.instrument.MeterRegistry' (OnClassCondition)

   DataSourceTransactionManagerAutoConfiguration.JdbcTransactionManagerConfiguration#transactionManager:
      Did not match:
         - @ConditionalOnMissingBean (types: org.springframework.transaction.TransactionManager; SearchStrategy: all) found beans of type 'org.springframework.transaction.TransactionManager' transactionManager (OnBeanCondition)

   DispatcherServletAutoConfiguration.DispatcherServletConfiguration#multipartResolver:
      Did not match:
         - @ConditionalOnBean (types: org.springframework.web.multipart.MultipartResolver; SearchStrategy: all) did not find any beans of type org.springframework.web.multipart.MultipartResolver (OnBeanCondition)

   GsonHttpMessageConvertersConfiguration:
      Did not match:
         - @ConditionalOnClass did not find required class 'com.google.gson.Gson' (OnClassCondition)

   HibernateMetricsAutoConfiguration:
      Did not match:
         - @ConditionalOnClass did not find required class 'io.micrometer.core.instrument.MeterRegistry' (OnClassCondition)

   Jackson2HttpMessageConvertersConfiguration.MappingJackson2HttpMessageConverterConfiguration:
      Did not match:
         - @ConditionalOnClass did not find required class 'com.fasterxml.jackson.databind.ObjectMapper' (OnClassCondition)

   Jackson2HttpMessageConvertersConfiguration.MappingJackson2XmlHttpMessageConverterConfiguration:
      Did not match:
         - @ConditionalOnClass did not find required class 'com.fasterxml.jackson.dataformat.xml.XmlMapper' (OnClassCondition)

   JacksonAutoConfiguration.CborConfiguration:
      Did not match:
         - @ConditionalOnClass did not find required class 'tools.jackson.dataformat.cbor.CBORMapper' (OnClassCondition)

   JacksonAutoConfiguration.XmlConfiguration:
      Did not match:
         - @ConditionalOnClass did not find required class 'tools.jackson.dataformat.xml.XmlMapper' (OnClassCondition)

   JacksonHttpMessageConvertersConfiguration.JacksonXmlHttpMessageConverterConfiguration:
      Did not match:
         - @ConditionalOnClass did not find required class 'tools.jackson.dataformat.xml.XmlMapper' (OnClassCondition)

   JndiDataSourceAutoConfiguration:
      Did not match:
         - @ConditionalOnProperty (spring.datasource.jndi-name) did not find property 'spring.datasource.jndi-name' (OnPropertyCondition)
      Matched:
         - @ConditionalOnClass found required classes 'javax.sql.DataSource', 'org.springframework.jdbc.datasource.embedded.EmbeddedDatabaseType' (OnClassCondition)

   JndiJtaConfiguration:
      Did not match:
         - @ConditionalOnJndi JNDI environment is not available (OnJndiCondition)
      Matched:
         - @ConditionalOnClass found required class 'org.springframework.transaction.jta.JtaTransactionManager' (OnClassCondition)

   JsonbHttpMessageConvertersConfiguration:
      Did not match:
         - @ConditionalOnClass did not find required class 'jakarta.json.bind.Jsonb' (OnClassCondition)

   KotlinSerializationHttpMessageConvertersConfiguration:
      Did not match:
         - @ConditionalOnClass did not find required classes 'kotlinx.serialization.Serializable', 'kotlinx.serialization.json.Json' (OnClassCondition)

   MessageSourceAutoConfiguration:
      Did not match:
         - ResourceBundle did not find bundle with basename messages (MessageSourceAutoConfiguration.ResourceBundleCondition)

   MybatisLanguageDriverAutoConfiguration.FreeMarkerConfiguration:
      Did not match:
         - @ConditionalOnClass did not find required classes 'org.mybatis.scripting.freemarker.FreeMarkerLanguageDriver', 'org.mybatis.scripting.freemarker.FreeMarkerLanguageDriverConfig' (OnClassCondition)

   MybatisLanguageDriverAutoConfiguration.LegacyFreeMarkerConfiguration:
      Did not match:
         - @ConditionalOnClass did not find required class 'org.mybatis.scripting.freemarker.FreeMarkerLanguageDriver' (OnClassCondition)

   MybatisLanguageDriverAutoConfiguration.LegacyVelocityConfiguration:
      Did not match:
         - @ConditionalOnClass did not find required class 'org.mybatis.scripting.velocity.Driver' (OnClassCondition)

   MybatisLanguageDriverAutoConfiguration.ThymeleafConfiguration:
      Did not match:
         - @ConditionalOnClass did not find required class 'org.mybatis.scripting.thymeleaf.ThymeleafLanguageDriver' (OnClassCondition)

   MybatisLanguageDriverAutoConfiguration.VelocityConfiguration:
      Did not match:
         - @ConditionalOnClass did not find required classes 'org.mybatis.scripting.velocity.VelocityLanguageDriver', 'org.mybatis.scripting.velocity.VelocityLanguageDriverConfig' (OnClassCondition)

   ProjectInfoAutoConfiguration#buildProperties:
      Did not match:
         - @ConditionalOnResource did not find resource '${spring.info.build.location:classpath:META-INF/build-info.properties}' (OnResourceCondition)

   ProjectInfoAutoConfiguration#gitProperties:
      Did not match:
         - GitResource did not find git info at classpath:git.properties (ProjectInfoAutoConfiguration.GitResourceAvailableCondition)

   ServletHttpExchangesAutoConfiguration:
      Did not match:
         - @ConditionalOnBean did not find required type 'org.springframework.boot.actuate.web.exchanges.HttpExchangeRepository' (OnBeanCondition)

   ServletManagementContextAutoConfiguration:
      Did not match:
         - @ConditionalOnClass did not find required class 'org.springframework.boot.actuate.autoconfigure.endpoint.web.WebEndpointProperties' (OnClassCondition)

   ServletMappingsAutoConfiguration:
      Did not match:
         - @ConditionalOnClass did not find required class 'org.springframework.boot.actuate.autoconfigure.endpoint.condition.ConditionalOnAvailableEndpoint' (OnClassCondition)

   ServletWebServerConfiguration#forwardedHeaderFilter:
      Did not match:
         - @ConditionalOnProperty (server.forward-headers-strategy=framework) did not find property 'server.forward-headers-strategy' (OnPropertyCondition)

   TaskExecutorConfigurations.AsyncConfigurerWrapperConfiguration:
      Did not match:
         - @ConditionalOnBean (types: org.springframework.scheduling.annotation.AsyncConfigurer; SearchStrategy: all) did not find any beans of type org.springframework.scheduling.annotation.AsyncConfigurer (OnBeanCondition)

   TaskExecutorConfigurations.SimpleAsyncTaskExecutorBuilderConfiguration#simpleAsyncTaskExecutorBuilderVirtualThreads:
      Did not match:
         - @ConditionalOnMissingBean (types: org.springframework.boot.task.SimpleAsyncTaskExecutorBuilder; SearchStrategy: all) found beans of type 'org.springframework.boot.task.SimpleAsyncTaskExecutorBuilder' simpleAsyncTaskExecutorBuilder (OnBeanCondition)

   TaskExecutorConfigurations.TaskExecutorConfiguration#applicationTaskExecutorVirtualThreads:
      Did not match:
         - @ConditionalOnThreading did not find VIRTUAL (OnThreadingCondition)

   TaskSchedulingAutoConfiguration#scheduledBeanLazyInitializationExcludeFilter:
      Did not match:
         - @ConditionalOnBean (names: org.springframework.scheduling.config.internalScheduledAnnotationProcessor; SearchStrategy: all) did not find any beans named org.springframework.scheduling.config.internalScheduledAnnotationProcessor (OnBeanCondition)

   TaskSchedulingConfigurations.SimpleAsyncTaskSchedulerBuilderConfiguration#simpleAsyncTaskSchedulerBuilderVirtualThreads:
      Did not match:
         - @ConditionalOnMissingBean (types: org.springframework.boot.task.SimpleAsyncTaskSchedulerBuilder; SearchStrategy: all) found beans of type 'org.springframework.boot.task.SimpleAsyncTaskSchedulerBuilder' simpleAsyncTaskSchedulerBuilder (OnBeanCondition)

   TaskSchedulingConfigurations.TaskSchedulerConfiguration:
      Did not match:
         - @ConditionalOnBean (names: org.springframework.scheduling.config.internalScheduledAnnotationProcessor; SearchStrategy: all) did not find any beans named org.springframework.scheduling.config.internalScheduledAnnotationProcessor (OnBeanCondition)

   TomcatMetricsAutoConfiguration:
      Did not match:
         - @ConditionalOnClass did not find required class 'io.micrometer.core.instrument.binder.tomcat.TomcatMetrics' (OnClassCondition)

   TomcatReactiveManagementContextAutoConfiguration:
      Did not match:
         - @ConditionalOnClass did not find required class 'org.springframework.boot.actuate.autoconfigure.web.server.ManagementContextFactory' (OnClassCondition)

   TomcatReactiveWebServerAutoConfiguration:
      Did not match:
         - @ConditionalOnWebApplication did not find reactive web application classes (OnWebApplicationCondition)

   TomcatServletManagementContextAutoConfiguration:
      Did not match:
         - @ConditionalOnClass did not find required class 'org.springframework.boot.actuate.autoconfigure.web.server.ManagementContextFactory' (OnClassCondition)

   TomcatServletWebServerAutoConfiguration#tomcatForwardedHeaderFilterCustomizer:
      Did not match:
         - @ConditionalOnProperty (server.forward-headers-strategy=framework) did not find property 'server.forward-headers-strategy' (OnPropertyCondition)

   TomcatWebServerConfiguration#tomcatVirtualThreadsProtocolHandlerCustomizer:
      Did not match:
         - @ConditionalOnThreading did not find VIRTUAL (OnThreadingCondition)

   TransactionAutoConfiguration#transactionalOperator:
      Did not match:
         - @ConditionalOnSingleCandidate (types: org.springframework.transaction.ReactiveTransactionManager; SearchStrategy: all) did not find any beans (OnBeanCondition)

   TransactionAutoConfiguration.AspectJTransactionManagementConfiguration:
      Did not match:
         - @ConditionalOnBean (types: org.springframework.transaction.aspectj.AbstractTransactionAspect; SearchStrategy: all) did not find any beans of type org.springframework.transaction.aspectj.AbstractTransactionAspect (OnBeanCondition)

   TransactionAutoConfiguration.EnableTransactionManagementConfiguration.JdkDynamicAutoProxyConfiguration:
      Did not match:
         - @ConditionalOnBooleanProperty (spring.aop.proxy-target-class=false) did not find property 'spring.aop.proxy-target-class' (OnPropertyCondition)

   WebMvcAutoConfiguration#hiddenHttpMethodFilter:
      Did not match:
         - @ConditionalOnBooleanProperty (spring.mvc.hiddenmethod.filter.enabled=true) did not find property 'spring.mvc.hiddenmethod.filter.enabled' (OnPropertyCondition)

   WebMvcAutoConfiguration.ProblemDetailsErrorHandlingConfiguration:
      Did not match:
         - @ConditionalOnBooleanProperty (spring.mvc.problemdetails.enabled=true) did not find property 'spring.mvc.problemdetails.enabled' (OnPropertyCondition)

   WebMvcAutoConfiguration.ResourceChainCustomizerConfiguration:
      Did not match:
         - @ConditionalOnEnabledResourceChain did not find class org.webjars.WebJarVersionLocator (OnEnabledResourceChainCondition)

   WebMvcAutoConfiguration.WebMvcAutoConfigurationAdapter#beanNameViewResolver:
      Did not match:
         - @ConditionalOnMissingBean (types: org.springframework.web.servlet.view.BeanNameViewResolver; SearchStrategy: all) found beans of type 'org.springframework.web.servlet.view.BeanNameViewResolver' beanNameViewResolver (OnBeanCondition)

   WebMvcHealthEndpointExtensionAutoConfiguration:
      Did not match:
         - @ConditionalOnClass did not find required class 'org.springframework.boot.health.actuate.endpoint.HealthEndpoint' (OnClassCondition)

   WebMvcMappingsAutoConfiguration:
      Did not match:
         - @ConditionalOnClass did not find required class 'org.springframework.boot.actuate.autoconfigure.endpoint.condition.ConditionalOnAvailableEndpoint' (OnClassCondition)

   WebMvcObservationAutoConfiguration:
      Did not match:
         - @ConditionalOnClass did not find required class 'org.springframework.boot.micrometer.observation.autoconfigure.ObservationProperties' (OnClassCondition)

   XADataSourceAutoConfiguration:
      Did not match:
         - @ConditionalOnBean (types: org.springframework.boot.jdbc.XADataSourceWrapper; SearchStrategy: all) did not find any beans of type org.springframework.boot.jdbc.XADataSourceWrapper (OnBeanCondition)
      Matched:
         - @ConditionalOnClass found required classes 'javax.sql.DataSource', 'jakarta.transaction.TransactionManager', 'org.springframework.jdbc.datasource.embedded.EmbeddedDatabaseType' (OnClassCondition)


Exclusions:
-----------

    None


Unconditional classes:
----------------------

    org.springframework.boot.autoconfigure.context.ConfigurationPropertiesAutoConfiguration

    org.springframework.boot.autoconfigure.ssl.SslAutoConfiguration

    org.springframework.boot.autoconfigure.context.LifecycleAutoConfiguration

    org.springframework.boot.autoconfigure.context.PropertyPlaceholderAutoConfiguration

    org.springframework.boot.autoconfigure.availability.ApplicationAvailabilityAutoConfiguration

    org.springframework.boot.autoconfigure.info.ProjectInfoAutoConfiguration



2026-06-07 22:44:52 DEBUG org.springframework.boot.diagnostics.LoggingFailureAnalysisReporter - Application failed to start due to an exception
org.springframework.boot.jdbc.autoconfigure.DataSourceProperties$DataSourceBeanCreationException: Failed to determine a suitable driver class
	at org.springframework.boot.jdbc.autoconfigure.DataSourceProperties.determineDriverClassName(DataSourceProperties.java:179)
	at org.springframework.boot.jdbc.autoconfigure.PropertiesJdbcConnectionDetails.getDriverClassName(PropertiesJdbcConnectionDetails.java:51)
	at org.springframework.boot.jdbc.autoconfigure.DataSourceConfiguration.createDataSource(DataSourceConfiguration.java:63)
	at org.springframework.boot.jdbc.autoconfigure.DataSourceConfiguration$Hikari.dataSource(DataSourceConfiguration.java:128)
	at java.base/jdk.internal.reflect.DirectMethodHandleAccessor.invoke(DirectMethodHandleAccessor.java:103)
	at java.base/java.lang.reflect.Method.invoke(Method.java:580)
	at org.springframework.beans.factory.support.SimpleInstantiationStrategy.lambda$instantiate$0(SimpleInstantiationStrategy.java:155)
	at org.springframework.beans.factory.support.SimpleInstantiationStrategy.instantiateWithFactoryMethod(SimpleInstantiationStrategy.java:72)
	at org.springframework.beans.factory.support.SimpleInstantiationStrategy.instantiate(SimpleInstantiationStrategy.java:152)
	at org.springframework.beans.factory.support.ConstructorResolver.instantiate(ConstructorResolver.java:653)
	at org.springframework.beans.factory.support.ConstructorResolver.instantiateUsingFactoryMethod(ConstructorResolver.java:645)
	at org.springframework.beans.factory.support.AbstractAutowireCapableBeanFactory.instantiateUsingFactoryMethod(AbstractAutowireCapableBeanFactory.java:1362)
	at org.springframework.beans.factory.support.AbstractAutowireCapableBeanFactory.createBeanInstance(AbstractAutowireCapableBeanFactory.java:1194)
	at org.springframework.beans.factory.support.AbstractAutowireCapableBeanFactory.doCreateBean(AbstractAutowireCapableBeanFactory.java:565)
	at org.springframework.beans.factory.support.AbstractAutowireCapableBeanFactory.createBean(AbstractAutowireCapableBeanFactory.java:525)
	at org.springframework.beans.factory.support.AbstractBeanFactory.lambda$doGetBean$0(AbstractBeanFactory.java:333)
	at org.springframework.beans.factory.support.DefaultSingletonBeanRegistry.getSingleton(DefaultSingletonBeanRegistry.java:371)
	at org.springframework.beans.factory.support.AbstractBeanFactory.doGetBean(AbstractBeanFactory.java:331)
	at org.springframework.beans.factory.support.AbstractBeanFactory.getBean(AbstractBeanFactory.java:201)
	at org.springframework.beans.factory.support.DefaultListableBeanFactory.resolveBean(DefaultListableBeanFactory.java:1225)
	at org.springframework.beans.factory.support.DefaultListableBeanFactory.doResolveDependency(DefaultListableBeanFactory.java:1704)
	at org.springframework.beans.factory.support.DefaultListableBeanFactory.resolveDependency(DefaultListableBeanFactory.java:1651)
	at org.springframework.beans.factory.support.ConstructorResolver.resolveAutowiredArgument(ConstructorResolver.java:912)
	at org.springframework.beans.factory.support.ConstructorResolver.createArgumentArray(ConstructorResolver.java:791)
	at org.springframework.beans.factory.support.ConstructorResolver.instantiateUsingFactoryMethod(ConstructorResolver.java:546)
	at org.springframework.beans.factory.support.AbstractAutowireCapableBeanFactory.instantiateUsingFactoryMethod(AbstractAutowireCapableBeanFactory.java:1362)
	at org.springframework.beans.factory.support.AbstractAutowireCapableBeanFactory.createBeanInstance(AbstractAutowireCapableBeanFactory.java:1194)
	at org.springframework.beans.factory.support.AbstractAutowireCapableBeanFactory.doCreateBean(AbstractAutowireCapableBeanFactory.java:565)
	at org.springframework.beans.factory.support.AbstractAutowireCapableBeanFactory.createBean(AbstractAutowireCapableBeanFactory.java:525)
	at org.springframework.beans.factory.support.AbstractBeanFactory.lambda$doGetBean$0(AbstractBeanFactory.java:333)
	at org.springframework.beans.factory.support.DefaultSingletonBeanRegistry.getSingleton(DefaultSingletonBeanRegistry.java:371)
	at org.springframework.beans.factory.support.AbstractBeanFactory.doGetBean(AbstractBeanFactory.java:331)
	at org.springframework.beans.factory.support.AbstractBeanFactory.getBean(AbstractBeanFactory.java:196)
	at org.springframework.beans.factory.support.AbstractBeanFactory.doGetBean(AbstractBeanFactory.java:309)
	at org.springframework.beans.factory.support.AbstractBeanFactory.getBean(AbstractBeanFactory.java:201)
	at org.springframework.context.support.AbstractApplicationContext.finishBeanFactoryInitialization(AbstractApplicationContext.java:977)
	at org.springframework.context.support.AbstractApplicationContext.refresh(AbstractApplicationContext.java:621)
	at org.springframework.boot.web.server.servlet.context.ServletWebServerApplicationContext.refresh(ServletWebServerApplicationContext.java:143)
	at org.springframework.boot.SpringApplication.refresh(SpringApplication.java:756)
	at org.springframework.boot.SpringApplication.refreshContext(SpringApplication.java:445)
	at org.springframework.boot.SpringApplication.run(SpringApplication.java:321)
	at org.springframework.boot.SpringApplication.run(SpringApplication.java:1365)
	at org.springframework.boot.SpringApplication.run(SpringApplication.java:1354)
	at com.pup.taguig.app.OrderManagementApplication.main(OrderManagementApplication.java:10)
2026-06-07 22:44:52 ERROR org.springframework.boot.diagnostics.LoggingFailureAnalysisReporter - 

***************************
APPLICATION FAILED TO START
***************************

Description:

Failed to configure a DataSource: 'url' attribute is not specified and no embedded datasource could be configured.

Reason: Failed to determine a suitable driver class


Action:

Consider the following:
	If you want an embedded database (H2, HSQL or Derby), please put it on the classpath.
	If you have database settings to be loaded from a particular profile you may need to activate it (no profiles are currently active).

2026-06-07 22:47:24 DEBUG org.springframework.core.env.PropertySourcesPropertyResolver - Found key 'spring.application.name' in PropertySource 'configurationProperties' with value of type String
2026-06-07 22:47:24 INFO  com.pup.taguig.app.OrderManagementApplication - Starting OrderManagementApplication using Java 23.0.2 with PID 56791 (/Users/aronstephencordova/eclipse-workspace/OrderManagement/target/classes started by aronstephencordova in /Users/aronstephencordova/eclipse-workspace/OrderManagement)
2026-06-07 22:47:24 DEBUG com.pup.taguig.app.OrderManagementApplication - Running with Spring Boot v4.0.6, Spring v7.0.7
2026-06-07 22:47:24 INFO  com.pup.taguig.app.OrderManagementApplication - No active profile set, falling back to 1 default profile: "default"
2026-06-07 22:47:24 DEBUG org.springframework.boot.SpringApplication - Loading source class com.pup.taguig.app.OrderManagementApplication
2026-06-07 22:47:24 DEBUG org.springframework.boot.web.server.servlet.context.AnnotationConfigServletWebServerApplicationContext - Refreshing org.springframework.boot.web.server.servlet.context.AnnotationConfigServletWebServerApplicationContext@2a7b6f69
2026-06-07 22:47:24 DEBUG org.springframework.beans.factory.support.DefaultListableBeanFactory - Creating shared instance of singleton bean 'org.springframework.context.annotation.internalConfigurationAnnotationProcessor'
2026-06-07 22:47:24 DEBUG org.springframework.beans.factory.support.DefaultListableBeanFactory - Creating shared instance of singleton bean 'org.springframework.boot.autoconfigure.internalCachingMetadataReaderFactory'
2026-06-07 22:47:24 DEBUG org.springframework.beans.factory.support.DefaultListableBeanFactory - Creating shared instance of singleton bean 'org.springframework.boot.autoconfigure.AutoConfigurationPackages'
2026-06-07 22:47:24 DEBUG org.springframework.boot.autoconfigure.AutoConfigurationPackages - @EnableAutoConfiguration was declared on a class in the package 'com.pup.taguig.app'. Automatic @Repository and @Entity scanning is enabled.
2026-06-07 22:47:24 DEBUG org.mybatis.spring.boot.autoconfigure.MybatisAutoConfiguration - Searching for mappers annotated with @Mapper
2026-06-07 22:47:24 DEBUG org.mybatis.spring.boot.autoconfigure.MybatisAutoConfiguration - Using auto-configuration base package 'com.pup.taguig.app'
2026-06-07 22:47:24 INFO  org.springframework.data.repository.config.RepositoryConfigurationDelegate - Bootstrapping Spring Data JPA repositories in DEFAULT mode.
2026-06-07 22:47:24 DEBUG org.springframework.data.repository.config.RepositoryConfigurationDelegate - Scanning for JPA repositories in packages com.pup.taguig.app.
2026-06-07 22:47:24 INFO  org.springframework.data.repository.config.RepositoryConfigurationDelegate - Finished Spring Data repository scanning in 3 ms. Found 0 JPA repository interfaces.
2026-06-07 22:47:24 DEBUG org.springframework.beans.factory.support.DefaultListableBeanFactory - Creating shared instance of singleton bean 'org.mybatis.spring.mapper.MapperScannerConfigurer'
2026-06-07 22:47:24 DEBUG org.springframework.beans.factory.support.DefaultListableBeanFactory - Creating shared instance of singleton bean 'propertySourcesPlaceholderConfigurer'
2026-06-07 22:47:24 DEBUG org.apache.ibatis.logging.LogFactory - Logging initialized using 'class org.apache.ibatis.logging.slf4j.Slf4jImpl' adapter.
2026-06-07 22:47:24 WARN  org.mybatis.spring.mapper.ClassPathMapperScanner - No MyBatis mapper was found in '[com.pup.taguig.app]' package. Please check your configuration.
2026-06-07 22:47:24 DEBUG org.springframework.beans.factory.support.DefaultListableBeanFactory - Creating shared instance of singleton bean 'org.springframework.boot.sql.init.dependency.DatabaseInitializationDependencyConfigurer$DependsOnDatabaseInitializationPostProcessor'
2026-06-07 22:47:24 DEBUG org.springframework.beans.factory.support.DefaultListableBeanFactory - Creating shared instance of singleton bean 'org.springframework.context.event.internalEventListenerProcessor'
2026-06-07 22:47:24 DEBUG org.springframework.beans.factory.support.DefaultListableBeanFactory - Creating shared instance of singleton bean 'bootstrapExecutorAliasPostProcessor'
2026-06-07 22:47:24 DEBUG org.springframework.beans.factory.support.DefaultListableBeanFactory - Creating shared instance of singleton bean 'preserveErrorControllerTargetClassPostProcessor'
2026-06-07 22:47:24 DEBUG org.springframework.beans.factory.support.DefaultListableBeanFactory - Creating shared instance of singleton bean 'org.springframework.context.event.internalEventListenerFactory'
2026-06-07 22:47:24 DEBUG org.springframework.beans.factory.support.DefaultListableBeanFactory - Creating shared instance of singleton bean 'org.springframework.transaction.config.internalTransactionalEventListenerFactory'
2026-06-07 22:47:24 DEBUG org.springframework.beans.factory.support.DefaultListableBeanFactory - Creating shared instance of singleton bean 'org.springframework.context.annotation.internalAutowiredAnnotationProcessor'
2026-06-07 22:47:24 DEBUG org.springframework.beans.factory.support.DefaultListableBeanFactory - Creating shared instance of singleton bean 'org.springframework.context.annotation.internalCommonAnnotationProcessor'
2026-06-07 22:47:24 DEBUG org.springframework.beans.factory.support.DefaultListableBeanFactory - Creating shared instance of singleton bean 'org.springframework.context.annotation.internalPersistenceAnnotationProcessor'
2026-06-07 22:47:24 DEBUG org.springframework.beans.factory.support.DefaultListableBeanFactory - Creating shared instance of singleton bean 'org.springframework.boot.context.properties.ConfigurationPropertiesBindingPostProcessor'
2026-06-07 22:47:24 DEBUG org.springframework.beans.factory.support.DefaultListableBeanFactory - Creating shared instance of singleton bean 'org.springframework.boot.context.internalConfigurationPropertiesBinder'
2026-06-07 22:47:24 DEBUG org.springframework.beans.factory.support.DefaultListableBeanFactory - Creating shared instance of singleton bean 'jdbcConnectionDetailsHikariBeanPostProcessor'
2026-06-07 22:47:24 DEBUG org.springframework.beans.factory.support.DefaultListableBeanFactory - Creating shared instance of singleton bean 'org.springframework.aop.config.internalAutoProxyCreator'
2026-06-07 22:47:24 DEBUG org.springframework.beans.factory.support.DefaultListableBeanFactory - Creating shared instance of singleton bean 'org.springframework.aop.framework.autoproxy.defaultProxyConfig'
2026-06-07 22:47:24 DEBUG org.springframework.beans.factory.support.DefaultListableBeanFactory - Creating shared instance of singleton bean 'persistenceExceptionTranslationPostProcessor'
2026-06-07 22:47:24 DEBUG org.springframework.beans.factory.support.DefaultListableBeanFactory - Autowiring by type from bean name 'persistenceExceptionTranslationPostProcessor' via factory method to bean named 'environment'
2026-06-07 22:47:24 DEBUG org.springframework.beans.factory.support.DefaultListableBeanFactory - Creating shared instance of singleton bean 'projectingArgumentResolverBeanPostProcessor'
2026-06-07 22:47:24 DEBUG org.springframework.beans.factory.support.DefaultListableBeanFactory - Creating shared instance of singleton bean 'org.springframework.transaction.config.internalTransactionAdvisor'
2026-06-07 22:47:24 DEBUG org.springframework.beans.factory.support.DefaultListableBeanFactory - Creating shared instance of singleton bean 'org.springframework.transaction.annotation.ProxyTransactionManagementConfiguration'
2026-06-07 22:47:24 DEBUG org.springframework.beans.factory.support.DefaultListableBeanFactory - Creating shared instance of singleton bean 'transactionAttributeSource'
2026-06-07 22:47:24 DEBUG org.springframework.beans.factory.support.DefaultListableBeanFactory - Creating shared instance of singleton bean 'transactionInterceptor'
2026-06-07 22:47:24 DEBUG org.springframework.beans.factory.support.DefaultListableBeanFactory - Autowiring by type from bean name 'transactionInterceptor' via factory method to bean named 'transactionAttributeSource'
2026-06-07 22:47:24 DEBUG org.springframework.beans.factory.support.DefaultListableBeanFactory - Autowiring by type from bean name 'org.springframework.transaction.config.internalTransactionAdvisor' via factory method to bean named 'transactionAttributeSource'
2026-06-07 22:47:24 DEBUG org.springframework.beans.factory.support.DefaultListableBeanFactory - Autowiring by type from bean name 'org.springframework.transaction.config.internalTransactionAdvisor' via factory method to bean named 'transactionInterceptor'
2026-06-07 22:47:24 DEBUG org.springframework.beans.factory.support.DefaultListableBeanFactory - Creating shared instance of singleton bean 'webServerFactoryCustomizerBeanPostProcessor'
2026-06-07 22:47:24 DEBUG org.springframework.beans.factory.support.DefaultListableBeanFactory - Creating shared instance of singleton bean 'errorPageRegistrarBeanPostProcessor'
2026-06-07 22:47:24 DEBUG org.springframework.beans.factory.support.DefaultListableBeanFactory - Creating shared instance of singleton bean 'tomcatServletWebServerFactory'
2026-06-07 22:47:24 DEBUG org.springframework.beans.factory.support.DefaultListableBeanFactory - Creating shared instance of singleton bean 'org.springframework.boot.tomcat.autoconfigure.servlet.TomcatServletWebServerAutoConfiguration'
2026-06-07 22:47:24 DEBUG org.springframework.beans.factory.support.DefaultListableBeanFactory - Creating shared instance of singleton bean 'server.tomcat-org.springframework.boot.tomcat.autoconfigure.TomcatServerProperties'
2026-06-07 22:47:24 DEBUG org.springframework.beans.factory.support.DefaultListableBeanFactory - Creating shared instance of singleton bean 'org.springframework.boot.context.properties.BoundConfigurationProperties'
2026-06-07 22:47:24 DEBUG org.springframework.beans.factory.support.DefaultListableBeanFactory - Autowiring by type from bean name 'org.springframework.boot.tomcat.autoconfigure.servlet.TomcatServletWebServerAutoConfiguration' via constructor to bean named 'server.tomcat-org.springframework.boot.tomcat.autoconfigure.TomcatServerProperties'
2026-06-07 22:47:24 DEBUG org.springframework.beans.factory.support.DefaultListableBeanFactory - Creating shared instance of singleton bean 'servletWebServerFactoryCustomizer'
2026-06-07 22:47:24 DEBUG org.springframework.beans.factory.support.DefaultListableBeanFactory - Creating shared instance of singleton bean 'org.springframework.boot.web.server.autoconfigure.servlet.ServletWebServerConfiguration'
2026-06-07 22:47:24 DEBUG org.springframework.beans.factory.support.DefaultListableBeanFactory - Creating shared instance of singleton bean 'server-org.springframework.boot.web.server.autoconfigure.ServerProperties'
2026-06-07 22:47:24 DEBUG org.springframework.beans.factory.support.DefaultListableBeanFactory - Autowiring by type from bean name 'servletWebServerFactoryCustomizer' via factory method to bean named 'server-org.springframework.boot.web.server.autoconfigure.ServerProperties'
2026-06-07 22:47:24 DEBUG org.springframework.beans.factory.support.DefaultListableBeanFactory - Creating shared instance of singleton bean 'sslBundleRegistry'
2026-06-07 22:47:24 DEBUG org.springframework.beans.factory.support.DefaultListableBeanFactory - Creating shared instance of singleton bean 'org.springframework.boot.autoconfigure.ssl.SslAutoConfiguration'
2026-06-07 22:47:24 DEBUG org.springframework.beans.factory.support.DefaultListableBeanFactory - Creating shared instance of singleton bean 'spring.ssl-org.springframework.boot.autoconfigure.ssl.SslProperties'
2026-06-07 22:47:24 DEBUG org.springframework.beans.factory.support.DefaultListableBeanFactory - Autowiring by type from bean name 'org.springframework.boot.autoconfigure.ssl.SslAutoConfiguration' via constructor to bean named 'org.springframework.boot.web.server.servlet.context.AnnotationConfigServletWebServerApplicationContext@2a7b6f69'
2026-06-07 22:47:24 DEBUG org.springframework.beans.factory.support.DefaultListableBeanFactory - Autowiring by type from bean name 'org.springframework.boot.autoconfigure.ssl.SslAutoConfiguration' via constructor to bean named 'spring.ssl-org.springframework.boot.autoconfigure.ssl.SslProperties'
2026-06-07 22:47:24 DEBUG org.springframework.beans.factory.support.DefaultListableBeanFactory - Creating shared instance of singleton bean 'sslPropertiesSslBundleRegistrar'
2026-06-07 22:47:24 DEBUG org.springframework.beans.factory.support.DefaultListableBeanFactory - Creating shared instance of singleton bean 'fileWatcher'
2026-06-07 22:47:24 DEBUG org.springframework.beans.factory.support.DefaultListableBeanFactory - Autowiring by type from bean name 'sslPropertiesSslBundleRegistrar' via factory method to bean named 'fileWatcher'
2026-06-07 22:47:24 DEBUG org.springframework.beans.factory.support.DefaultListableBeanFactory - Creating shared instance of singleton bean 'webSocketWebServerCustomizer'
2026-06-07 22:47:24 DEBUG org.springframework.beans.factory.support.DefaultListableBeanFactory - Creating shared instance of singleton bean 'org.springframework.boot.tomcat.autoconfigure.TomcatWebServerConfiguration$TomcatWebSocketConfiguration'
2026-06-07 22:47:24 DEBUG org.springframework.beans.factory.support.DefaultListableBeanFactory - Creating shared instance of singleton bean 'tomcatWebServerFactoryCustomizer'
2026-06-07 22:47:24 DEBUG org.springframework.beans.factory.support.DefaultListableBeanFactory - Creating shared instance of singleton bean 'org.springframework.boot.tomcat.autoconfigure.TomcatWebServerConfiguration'
2026-06-07 22:47:24 DEBUG org.springframework.beans.factory.support.DefaultListableBeanFactory - Creating shared instance of singleton bean 'spring.web-org.springframework.boot.autoconfigure.web.WebProperties'
2026-06-07 22:47:24 DEBUG org.springframework.beans.factory.support.DefaultListableBeanFactory - Autowiring by type from bean name 'tomcatWebServerFactoryCustomizer' via factory method to bean named 'environment'
2026-06-07 22:47:24 DEBUG org.springframework.beans.factory.support.DefaultListableBeanFactory - Autowiring by type from bean name 'tomcatWebServerFactoryCustomizer' via factory method to bean named 'server-org.springframework.boot.web.server.autoconfigure.ServerProperties'
2026-06-07 22:47:24 DEBUG org.springframework.beans.factory.support.DefaultListableBeanFactory - Autowiring by type from bean name 'tomcatWebServerFactoryCustomizer' via factory method to bean named 'server.tomcat-org.springframework.boot.tomcat.autoconfigure.TomcatServerProperties'
2026-06-07 22:47:24 DEBUG org.springframework.beans.factory.support.DefaultListableBeanFactory - Autowiring by type from bean name 'tomcatWebServerFactoryCustomizer' via factory method to bean named 'spring.web-org.springframework.boot.autoconfigure.web.WebProperties'
2026-06-07 22:47:24 DEBUG org.springframework.beans.factory.support.DefaultListableBeanFactory - Creating shared instance of singleton bean 'tomcatServletWebServerFactoryCustomizer'
2026-06-07 22:47:24 DEBUG org.springframework.beans.factory.support.DefaultListableBeanFactory - Autowiring by type from bean name 'tomcatServletWebServerFactoryCustomizer' via factory method to bean named 'server.tomcat-org.springframework.boot.tomcat.autoconfigure.TomcatServerProperties'
2026-06-07 22:47:24 DEBUG org.springframework.beans.factory.support.DefaultListableBeanFactory - Creating shared instance of singleton bean 'errorPageCustomizer'
2026-06-07 22:47:24 DEBUG org.springframework.beans.factory.support.DefaultListableBeanFactory - Creating shared instance of singleton bean 'org.springframework.boot.webmvc.autoconfigure.error.ErrorMvcAutoConfiguration'
2026-06-07 22:47:24 DEBUG org.springframework.beans.factory.support.DefaultListableBeanFactory - Autowiring by type from bean name 'org.springframework.boot.webmvc.autoconfigure.error.ErrorMvcAutoConfiguration' via constructor to bean named 'spring.web-org.springframework.boot.autoconfigure.web.WebProperties'
2026-06-07 22:47:24 DEBUG org.springframework.beans.factory.support.DefaultListableBeanFactory - Creating shared instance of singleton bean 'dispatcherServletRegistration'
2026-06-07 22:47:24 DEBUG org.springframework.beans.factory.support.DefaultListableBeanFactory - Creating shared instance of singleton bean 'org.springframework.boot.webmvc.autoconfigure.DispatcherServletAutoConfiguration$DispatcherServletRegistrationConfiguration'
2026-06-07 22:47:24 DEBUG org.springframework.beans.factory.support.DefaultListableBeanFactory - Creating shared instance of singleton bean 'dispatcherServlet'
2026-06-07 22:47:24 DEBUG org.springframework.beans.factory.support.DefaultListableBeanFactory - Creating shared instance of singleton bean 'org.springframework.boot.webmvc.autoconfigure.DispatcherServletAutoConfiguration$DispatcherServletConfiguration'
2026-06-07 22:47:24 DEBUG org.springframework.beans.factory.support.DefaultListableBeanFactory - Creating shared instance of singleton bean 'spring.mvc-org.springframework.boot.webmvc.autoconfigure.WebMvcProperties'
2026-06-07 22:47:24 DEBUG org.springframework.beans.factory.support.DefaultListableBeanFactory - Autowiring by type from bean name 'dispatcherServlet' via factory method to bean named 'spring.mvc-org.springframework.boot.webmvc.autoconfigure.WebMvcProperties'
2026-06-07 22:47:24 DEBUG org.springframework.beans.factory.support.DefaultListableBeanFactory - Autowiring by type from bean name 'dispatcherServletRegistration' via factory method to bean named 'dispatcherServlet'
2026-06-07 22:47:24 DEBUG org.springframework.beans.factory.support.DefaultListableBeanFactory - Autowiring by type from bean name 'dispatcherServletRegistration' via factory method to bean named 'spring.mvc-org.springframework.boot.webmvc.autoconfigure.WebMvcProperties'
2026-06-07 22:47:24 DEBUG org.springframework.beans.factory.support.DefaultListableBeanFactory - Creating shared instance of singleton bean 'multipartConfigElement'
2026-06-07 22:47:24 DEBUG org.springframework.beans.factory.support.DefaultListableBeanFactory - Creating shared instance of singleton bean 'org.springframework.boot.servlet.autoconfigure.MultipartAutoConfiguration'
2026-06-07 22:47:24 DEBUG org.springframework.beans.factory.support.DefaultListableBeanFactory - Creating shared instance of singleton bean 'spring.servlet.multipart-org.springframework.boot.servlet.autoconfigure.MultipartProperties'
2026-06-07 22:47:24 DEBUG org.springframework.beans.factory.support.DefaultListableBeanFactory - Autowiring by type from bean name 'org.springframework.boot.servlet.autoconfigure.MultipartAutoConfiguration' via constructor to bean named 'spring.servlet.multipart-org.springframework.boot.servlet.autoconfigure.MultipartProperties'
2026-06-07 22:47:24 DEBUG org.springframework.beans.factory.support.DefaultListableBeanFactory - Autowiring by type from bean name 'errorPageCustomizer' via factory method to bean named 'dispatcherServletRegistration'
2026-06-07 22:47:24 DEBUG org.springframework.boot.tomcat.servlet.TomcatServletWebServerFactory - Code archive: /Users/aronstephencordova/.m2/repository/org/springframework/boot/spring-boot-web-server/4.0.6/spring-boot-web-server-4.0.6.jar
2026-06-07 22:47:24 DEBUG org.springframework.boot.tomcat.servlet.TomcatServletWebServerFactory - Code archive: /Users/aronstephencordova/.m2/repository/org/springframework/boot/spring-boot-web-server/4.0.6/spring-boot-web-server-4.0.6.jar
2026-06-07 22:47:24 DEBUG org.springframework.boot.tomcat.servlet.TomcatServletWebServerFactory - None of the document roots [src/main/webapp, public, static] point to a directory and will be ignored.
2026-06-07 22:47:24 INFO  org.springframework.boot.tomcat.TomcatWebServer - Tomcat initialized with port 8080 (http)
2026-06-07 22:47:24 INFO  org.apache.coyote.http11.Http11NioProtocol - Initializing ProtocolHandler ["http-nio-8080"]
2026-06-07 22:47:24 DEBUG org.apache.catalina.util.LifecycleBase - Setting state for [Connector["http-nio-8080"]] to [INITIALIZED]
2026-06-07 22:47:24 DEBUG org.apache.catalina.util.LifecycleBase - Setting state for [StandardService[Tomcat]] to [INITIALIZED]
2026-06-07 22:47:24 DEBUG org.apache.catalina.util.LifecycleBase - Setting state for [StandardServer[-1]] to [INITIALIZED]
2026-06-07 22:47:24 DEBUG org.apache.catalina.util.LifecycleBase - Setting state for [StandardServer[-1]] to [STARTING_PREP]
2026-06-07 22:47:24 DEBUG org.apache.catalina.util.LifecycleBase - Setting state for [StandardServer[-1]] to [STARTING]
2026-06-07 22:47:24 DEBUG org.apache.catalina.util.LifecycleBase - Setting state for [org.apache.catalina.deploy.NamingResourcesImpl@4aa31ffc] to [STARTING_PREP]
2026-06-07 22:47:24 DEBUG org.apache.catalina.util.LifecycleBase - Setting state for [org.apache.catalina.deploy.NamingResourcesImpl@4aa31ffc] to [STARTING]
2026-06-07 22:47:24 DEBUG org.apache.catalina.util.LifecycleBase - Setting state for [org.apache.catalina.deploy.NamingResourcesImpl@4aa31ffc] to [STARTED]
2026-06-07 22:47:24 DEBUG org.apache.catalina.util.LifecycleBase - Setting state for [StandardService[Tomcat]] to [STARTING_PREP]
2026-06-07 22:47:24 INFO  org.apache.catalina.core.StandardService - Starting service [Tomcat]
2026-06-07 22:47:24 DEBUG org.apache.catalina.util.LifecycleBase - Setting state for [StandardService[Tomcat]] to [STARTING]
2026-06-07 22:47:24 DEBUG org.apache.catalina.util.LifecycleBase - Setting state for [StandardEngine[Tomcat]] to [STARTING_PREP]
2026-06-07 22:47:24 INFO  org.apache.catalina.core.StandardEngine - Starting Servlet engine: [Apache Tomcat/11.0.21]
2026-06-07 22:47:24 DEBUG org.apache.catalina.util.LifecycleBase - Setting state for [SimpleRealm[StandardEngine[Tomcat]]] to [INITIALIZING]
2026-06-07 22:47:24 DEBUG org.apache.catalina.util.LifecycleBase - Setting state for [SimpleRealm[StandardEngine[Tomcat]]] to [INITIALIZED]
2026-06-07 22:47:24 DEBUG org.apache.catalina.util.LifecycleBase - Setting state for [SimpleRealm[StandardEngine[Tomcat]]] to [STARTING_PREP]
2026-06-07 22:47:24 DEBUG org.apache.catalina.util.LifecycleBase - Setting state for [SimpleRealm[StandardEngine[Tomcat]]] to [STARTING]
2026-06-07 22:47:24 DEBUG org.apache.catalina.util.LifecycleBase - Setting state for [SimpleRealm[StandardEngine[Tomcat]]] to [STARTED]
2026-06-07 22:47:24 DEBUG org.apache.catalina.util.LifecycleBase - Setting state for [StandardEngine[Tomcat].StandardHost[localhost]] to [INITIALIZING]
2026-06-07 22:47:24 DEBUG org.apache.catalina.util.LifecycleBase - Setting state for [StandardEngine[Tomcat].StandardHost[localhost]] to [INITIALIZED]
2026-06-07 22:47:24 DEBUG org.apache.catalina.util.LifecycleBase - Setting state for [StandardEngine[Tomcat].StandardHost[localhost]] to [STARTING_PREP]
2026-06-07 22:47:24 DEBUG org.apache.catalina.util.LifecycleBase - Setting state for [StandardEngine[Tomcat].StandardHost[localhost].TomcatEmbeddedContext[]] to [INITIALIZING]
2026-06-07 22:47:24 DEBUG org.apache.catalina.util.LifecycleBase - Setting state for [StandardEngine[Tomcat].StandardHost[localhost].TomcatEmbeddedContext[]] to [INITIALIZED]
2026-06-07 22:47:24 DEBUG org.apache.catalina.util.LifecycleBase - Setting state for [StandardEngine[Tomcat].StandardHost[localhost].TomcatEmbeddedContext[]] to [STARTING_PREP]
2026-06-07 22:47:24 DEBUG org.apache.catalina.util.LifecycleBase - Setting state for [org.apache.catalina.webresources.StandardRoot@60cb1ed6] to [INITIALIZING]
2026-06-07 22:47:24 DEBUG org.apache.catalina.util.LifecycleBase - Setting state for [org.apache.catalina.webresources.StandardRoot@60cb1ed6] to [INITIALIZED]
2026-06-07 22:47:24 DEBUG org.apache.catalina.util.LifecycleBase - Setting state for [org.apache.catalina.webresources.StandardRoot@60cb1ed6] to [STARTING_PREP]
2026-06-07 22:47:24 DEBUG org.apache.catalina.util.LifecycleBase - Setting state for [org.apache.catalina.webresources.DirResourceSet@40d52be7] to [INITIALIZING]
2026-06-07 22:47:25 DEBUG org.apache.catalina.util.LifecycleBase - Setting state for [org.apache.catalina.webresources.DirResourceSet@40d52be7] to [INITIALIZED]
2026-06-07 22:47:25 DEBUG org.apache.catalina.util.LifecycleBase - Setting state for [org.apache.catalina.webresources.DirResourceSet@40d52be7] to [STARTING_PREP]
2026-06-07 22:47:25 DEBUG org.apache.catalina.util.LifecycleBase - Setting state for [org.apache.catalina.webresources.DirResourceSet@40d52be7] to [STARTING]
2026-06-07 22:47:25 DEBUG org.apache.catalina.util.LifecycleBase - Setting state for [org.apache.catalina.webresources.DirResourceSet@40d52be7] to [STARTED]
2026-06-07 22:47:25 DEBUG org.apache.catalina.util.LifecycleBase - Setting state for [org.apache.catalina.webresources.StandardRoot@60cb1ed6] to [STARTING]
2026-06-07 22:47:25 DEBUG org.apache.catalina.util.LifecycleBase - Setting state for [org.apache.catalina.webresources.StandardRoot@60cb1ed6] to [STARTED]
2026-06-07 22:47:25 DEBUG org.apache.catalina.util.LifecycleBase - Setting state for [WebappLoader[StandardEngine[Tomcat].StandardHost[localhost].TomcatEmbeddedContext[]]] to [INITIALIZING]
2026-06-07 22:47:25 DEBUG org.apache.catalina.util.LifecycleBase - Setting state for [WebappLoader[StandardEngine[Tomcat].StandardHost[localhost].TomcatEmbeddedContext[]]] to [INITIALIZED]
2026-06-07 22:47:25 DEBUG org.apache.catalina.util.LifecycleBase - Setting state for [WebappLoader[StandardEngine[Tomcat].StandardHost[localhost].TomcatEmbeddedContext[]]] to [STARTING_PREP]
2026-06-07 22:47:25 DEBUG org.apache.catalina.loader.WebappLoader - Starting this Loader
2026-06-07 22:47:25 DEBUG org.apache.catalina.webresources.Cache - Increased cache size by [531] for item [org.apache.catalina.webresources.CachedResource@6f6efa4f] at [/WEB-INF/classes] making total cache size [531]
2026-06-07 22:47:25 DEBUG org.apache.catalina.util.LifecycleBase - Setting state for [WebappLoader[StandardEngine[Tomcat].StandardHost[localhost].TomcatEmbeddedContext[]]] to [STARTING]
2026-06-07 22:47:25 DEBUG org.apache.catalina.util.LifecycleBase - Setting state for [WebappLoader[StandardEngine[Tomcat].StandardHost[localhost].TomcatEmbeddedContext[]]] to [STARTED]
2026-06-07 22:47:25 DEBUG org.apache.catalina.util.LifecycleBase - Setting state for [StandardEngine[Tomcat].StandardHost[localhost].TomcatEmbeddedContext[].StandardWrapper[jsp]] to [INITIALIZING]
2026-06-07 22:47:25 DEBUG org.apache.catalina.util.LifecycleBase - Setting state for [StandardEngine[Tomcat].StandardHost[localhost].TomcatEmbeddedContext[].StandardWrapper[jsp]] to [INITIALIZED]
2026-06-07 22:47:25 DEBUG org.apache.catalina.util.LifecycleBase - Setting state for [StandardEngine[Tomcat].StandardHost[localhost].TomcatEmbeddedContext[].StandardWrapper[jsp]] to [STARTING_PREP]
2026-06-07 22:47:25 DEBUG org.apache.catalina.util.LifecycleBase - Setting state for [StandardPipeline[StandardEngine[Tomcat].StandardHost[localhost].TomcatEmbeddedContext[].StandardWrapper[jsp]]] to [INITIALIZING]
2026-06-07 22:47:25 DEBUG org.apache.catalina.util.LifecycleBase - Setting state for [StandardPipeline[StandardEngine[Tomcat].StandardHost[localhost].TomcatEmbeddedContext[].StandardWrapper[jsp]]] to [INITIALIZED]
2026-06-07 22:47:25 DEBUG org.apache.catalina.util.LifecycleBase - Setting state for [StandardPipeline[StandardEngine[Tomcat].StandardHost[localhost].TomcatEmbeddedContext[].StandardWrapper[jsp]]] to [STARTING_PREP]
2026-06-07 22:47:25 DEBUG org.apache.catalina.util.LifecycleBase - Setting state for [StandardWrapperValve[StandardEngine[Tomcat].StandardHost[localhost].TomcatEmbeddedContext[].StandardWrapper[jsp]]] to [INITIALIZING]
2026-06-07 22:47:25 DEBUG org.apache.catalina.util.LifecycleBase - Setting state for [StandardWrapperValve[StandardEngine[Tomcat].StandardHost[localhost].TomcatEmbeddedContext[].StandardWrapper[jsp]]] to [INITIALIZED]
2026-06-07 22:47:25 DEBUG org.apache.catalina.util.LifecycleBase - Setting state for [StandardWrapperValve[StandardEngine[Tomcat].StandardHost[localhost].TomcatEmbeddedContext[].StandardWrapper[jsp]]] to [STARTING_PREP]
2026-06-07 22:47:25 DEBUG org.apache.catalina.util.LifecycleBase - Setting state for [StandardWrapperValve[StandardEngine[Tomcat].StandardHost[localhost].TomcatEmbeddedContext[].StandardWrapper[jsp]]] to [STARTING]
2026-06-07 22:47:25 DEBUG org.apache.catalina.util.LifecycleBase - Setting state for [StandardWrapperValve[StandardEngine[Tomcat].StandardHost[localhost].TomcatEmbeddedContext[].StandardWrapper[jsp]]] to [STARTED]
2026-06-07 22:47:25 DEBUG org.apache.catalina.util.LifecycleBase - Setting state for [StandardPipeline[StandardEngine[Tomcat].StandardHost[localhost].TomcatEmbeddedContext[].StandardWrapper[jsp]]] to [STARTING]
2026-06-07 22:47:25 DEBUG org.apache.catalina.util.LifecycleBase - Setting state for [StandardPipeline[StandardEngine[Tomcat].StandardHost[localhost].TomcatEmbeddedContext[].StandardWrapper[jsp]]] to [STARTED]
2026-06-07 22:47:25 DEBUG org.apache.catalina.util.LifecycleBase - Setting state for [StandardEngine[Tomcat].StandardHost[localhost].TomcatEmbeddedContext[].StandardWrapper[jsp]] to [STARTING]
2026-06-07 22:47:25 DEBUG org.apache.catalina.util.LifecycleBase - Setting state for [StandardEngine[Tomcat].StandardHost[localhost].TomcatEmbeddedContext[].StandardWrapper[jsp]] to [STARTED]
2026-06-07 22:47:25 DEBUG org.apache.catalina.util.LifecycleBase - Setting state for [StandardPipeline[StandardEngine[Tomcat].StandardHost[localhost].TomcatEmbeddedContext[]]] to [INITIALIZING]
2026-06-07 22:47:25 DEBUG org.apache.catalina.util.LifecycleBase - Setting state for [StandardPipeline[StandardEngine[Tomcat].StandardHost[localhost].TomcatEmbeddedContext[]]] to [INITIALIZED]
2026-06-07 22:47:25 DEBUG org.apache.catalina.util.LifecycleBase - Setting state for [StandardPipeline[StandardEngine[Tomcat].StandardHost[localhost].TomcatEmbeddedContext[]]] to [STARTING_PREP]
2026-06-07 22:47:25 DEBUG org.apache.catalina.util.LifecycleBase - Setting state for [NonLoginAuthenticator[StandardEngine[Tomcat].StandardHost[localhost].TomcatEmbeddedContext[]]] to [INITIALIZING]
2026-06-07 22:47:25 DEBUG org.apache.catalina.util.LifecycleBase - Setting state for [NonLoginAuthenticator[StandardEngine[Tomcat].StandardHost[localhost].TomcatEmbeddedContext[]]] to [INITIALIZED]
2026-06-07 22:47:25 DEBUG org.apache.catalina.util.LifecycleBase - Setting state for [NonLoginAuthenticator[StandardEngine[Tomcat].StandardHost[localhost].TomcatEmbeddedContext[]]] to [STARTING_PREP]
2026-06-07 22:47:25 DEBUG org.apache.catalina.util.LifecycleBase - Setting state for [NonLoginAuthenticator[StandardEngine[Tomcat].StandardHost[localhost].TomcatEmbeddedContext[]]] to [STARTING]
2026-06-07 22:47:25 DEBUG org.apache.catalina.util.LifecycleBase - Setting state for [NonLoginAuthenticator[StandardEngine[Tomcat].StandardHost[localhost].TomcatEmbeddedContext[]]] to [STARTED]
2026-06-07 22:47:25 DEBUG org.apache.catalina.util.LifecycleBase - Setting state for [StandardContextValve[StandardEngine[Tomcat].StandardHost[localhost].TomcatEmbeddedContext[]]] to [INITIALIZING]
2026-06-07 22:47:25 DEBUG org.apache.catalina.util.LifecycleBase - Setting state for [StandardContextValve[StandardEngine[Tomcat].StandardHost[localhost].TomcatEmbeddedContext[]]] to [INITIALIZED]
2026-06-07 22:47:25 DEBUG org.apache.catalina.util.LifecycleBase - Setting state for [StandardContextValve[StandardEngine[Tomcat].StandardHost[localhost].TomcatEmbeddedContext[]]] to [STARTING_PREP]
2026-06-07 22:47:25 DEBUG org.apache.catalina.util.LifecycleBase - Setting state for [StandardContextValve[StandardEngine[Tomcat].StandardHost[localhost].TomcatEmbeddedContext[]]] to [STARTING]
2026-06-07 22:47:25 DEBUG org.apache.catalina.util.LifecycleBase - Setting state for [StandardContextValve[StandardEngine[Tomcat].StandardHost[localhost].TomcatEmbeddedContext[]]] to [STARTED]
2026-06-07 22:47:25 DEBUG org.apache.catalina.util.LifecycleBase - Setting state for [StandardPipeline[StandardEngine[Tomcat].StandardHost[localhost].TomcatEmbeddedContext[]]] to [STARTING]
2026-06-07 22:47:25 DEBUG org.apache.catalina.util.LifecycleBase - Setting state for [StandardPipeline[StandardEngine[Tomcat].StandardHost[localhost].TomcatEmbeddedContext[]]] to [STARTED]
2026-06-07 22:47:25 DEBUG org.apache.catalina.core.StandardContext - No manager found. Checking if cluster manager should be used. Cluster configured: [false], Application distributable: [false]
2026-06-07 22:47:25 DEBUG org.apache.catalina.core.StandardContext - Configured a manager of class [org.apache.catalina.session.StandardManager]
2026-06-07 22:47:25 DEBUG org.apache.catalina.util.LifecycleBase - Setting state for [org.apache.catalina.deploy.NamingResourcesImpl@30bf26df] to [INITIALIZING]
2026-06-07 22:47:25 DEBUG org.apache.catalina.util.LifecycleBase - Setting state for [org.apache.catalina.deploy.NamingResourcesImpl@30bf26df] to [INITIALIZED]
2026-06-07 22:47:25 DEBUG org.apache.catalina.util.LifecycleBase - Setting state for [org.apache.catalina.deploy.NamingResourcesImpl@30bf26df] to [STARTING_PREP]
2026-06-07 22:47:25 DEBUG org.apache.catalina.util.LifecycleBase - Setting state for [org.apache.catalina.deploy.NamingResourcesImpl@30bf26df] to [STARTING]
2026-06-07 22:47:25 DEBUG org.apache.catalina.util.LifecycleBase - Setting state for [org.apache.catalina.deploy.NamingResourcesImpl@30bf26df] to [STARTED]
2026-06-07 22:47:25 DEBUG org.apache.jasper.servlet.JasperInitializer - Initializing Jasper for context [application]
2026-06-07 22:47:25 DEBUG org.apache.jasper.servlet.TldScanner - No TLD files were found in resource path [/WEB-INF/].
2026-06-07 22:47:25 DEBUG org.apache.tomcat.util.scan.StandardJarScanner - Scanning JAR [file:/Users/aronstephencordova/eclipse-workspace/OrderManagement/target/classes/] from classpath
2026-06-07 22:47:25 DEBUG org.apache.tomcat.util.scan.StandardJarScanner - Scanning JAR [file:/Users/aronstephencordova/.m2/repository/jakarta/annotation/jakarta.annotation-api/3.0.0/jakarta.annotation-api-3.0.0.jar] from classpath
2026-06-07 22:47:25 DEBUG org.apache.jasper.servlet.TldScanner - No TLD files were found in [file:/Users/aronstephencordova/.m2/repository/jakarta/annotation/jakarta.annotation-api/3.0.0/jakarta.annotation-api-3.0.0.jar]. Consider adding the JAR to the tomcat.util.scan.StandardJarScanFilter.jarsToSkip property in CATALINA_BASE/conf/catalina.properties file.
2026-06-07 22:47:25 DEBUG org.apache.tomcat.util.scan.StandardJarScanner - Scanning JAR [file:/Users/aronstephencordova/.m2/repository/org/apache/tomcat/embed/tomcat-embed-websocket/11.0.21/tomcat-embed-websocket-11.0.21.jar] from classpath
2026-06-07 22:47:25 DEBUG org.apache.jasper.servlet.TldScanner - No TLD files were found in [file:/Users/aronstephencordova/.m2/repository/org/apache/tomcat/embed/tomcat-embed-websocket/11.0.21/tomcat-embed-websocket-11.0.21.jar]. Consider adding the JAR to the tomcat.util.scan.StandardJarScanFilter.jarsToSkip property in CATALINA_BASE/conf/catalina.properties file.
2026-06-07 22:47:25 DEBUG org.apache.tomcat.util.scan.StandardJarScanner - Scanning JAR [file:/Users/aronstephencordova/.m2/repository/org/springframework/spring-web/7.0.7/spring-web-7.0.7.jar] from classpath
2026-06-07 22:47:25 DEBUG org.apache.jasper.servlet.TldScanner - No TLD files were found in [file:/Users/aronstephencordova/.m2/repository/org/springframework/spring-web/7.0.7/spring-web-7.0.7.jar]. Consider adding the JAR to the tomcat.util.scan.StandardJarScanFilter.jarsToSkip property in CATALINA_BASE/conf/catalina.properties file.
2026-06-07 22:47:25 DEBUG org.apache.tomcat.util.scan.StandardJarScanner - Scanning JAR [file:/Users/aronstephencordova/.m2/repository/io/micrometer/micrometer-observation/1.16.5/micrometer-observation-1.16.5.jar] from classpath
2026-06-07 22:47:25 DEBUG org.apache.jasper.servlet.TldScanner - No TLD files were found in [file:/Users/aronstephencordova/.m2/repository/io/micrometer/micrometer-observation/1.16.5/micrometer-observation-1.16.5.jar]. Consider adding the JAR to the tomcat.util.scan.StandardJarScanFilter.jarsToSkip property in CATALINA_BASE/conf/catalina.properties file.
2026-06-07 22:47:25 DEBUG org.apache.tomcat.util.scan.StandardJarScanner - Scanning JAR [file:/Users/aronstephencordova/.m2/repository/io/micrometer/micrometer-commons/1.16.5/micrometer-commons-1.16.5.jar] from classpath
2026-06-07 22:47:25 DEBUG org.apache.jasper.servlet.TldScanner - No TLD files were found in [file:/Users/aronstephencordova/.m2/repository/io/micrometer/micrometer-commons/1.16.5/micrometer-commons-1.16.5.jar]. Consider adding the JAR to the tomcat.util.scan.StandardJarScanFilter.jarsToSkip property in CATALINA_BASE/conf/catalina.properties file.
2026-06-07 22:47:25 DEBUG org.apache.tomcat.util.scan.StandardJarScanner - Scanning JAR [file:/Users/aronstephencordova/.m2/repository/org/springframework/spring-webmvc/7.0.7/spring-webmvc-7.0.7.jar] from classpath
2026-06-07 22:47:25 DEBUG org.apache.jasper.servlet.TldScanner - TLD files were found in JAR [file:/Users/aronstephencordova/.m2/repository/org/springframework/spring-webmvc/7.0.7/spring-webmvc-7.0.7.jar].
2026-06-07 22:47:25 DEBUG org.apache.tomcat.util.scan.StandardJarScanner - Scanning JAR [file:/Users/aronstephencordova/.m2/repository/org/apache/tomcat/tomcat-jasper/11.0.6/tomcat-jasper-11.0.6.jar] from classpath
2026-06-07 22:47:25 DEBUG org.apache.jasper.servlet.TldScanner - No TLD files were found in [file:/Users/aronstephencordova/.m2/repository/org/apache/tomcat/tomcat-jasper/11.0.6/tomcat-jasper-11.0.6.jar]. Consider adding the JAR to the tomcat.util.scan.StandardJarScanFilter.jarsToSkip property in CATALINA_BASE/conf/catalina.properties file.
2026-06-07 22:47:25 DEBUG org.apache.tomcat.util.scan.StandardJarScanner - Scanning JAR [file:/Users/aronstephencordova/.m2/repository/org/apache/tomcat/tomcat-servlet-api/11.0.6/tomcat-servlet-api-11.0.6.jar] from classpath
2026-06-07 22:47:25 DEBUG org.apache.jasper.servlet.TldScanner - No TLD files were found in [file:/Users/aronstephencordova/.m2/repository/org/apache/tomcat/tomcat-servlet-api/11.0.6/tomcat-servlet-api-11.0.6.jar]. Consider adding the JAR to the tomcat.util.scan.StandardJarScanFilter.jarsToSkip property in CATALINA_BASE/conf/catalina.properties file.
2026-06-07 22:47:25 DEBUG org.apache.tomcat.util.scan.StandardJarScanner - Scanning JAR [file:/Users/aronstephencordova/.m2/repository/org/apache/tomcat/tomcat-juli/11.0.6/tomcat-juli-11.0.6.jar] from classpath
2026-06-07 22:47:25 DEBUG org.apache.jasper.servlet.TldScanner - No TLD files were found in [file:/Users/aronstephencordova/.m2/repository/org/apache/tomcat/tomcat-juli/11.0.6/tomcat-juli-11.0.6.jar]. Consider adding the JAR to the tomcat.util.scan.StandardJarScanFilter.jarsToSkip property in CATALINA_BASE/conf/catalina.properties file.
2026-06-07 22:47:25 DEBUG org.apache.tomcat.util.scan.StandardJarScanner - Scanning JAR [file:/Users/aronstephencordova/.m2/repository/org/apache/tomcat/tomcat-jsp-api/11.0.21/tomcat-jsp-api-11.0.21.jar] from classpath
2026-06-07 22:47:25 DEBUG org.apache.jasper.servlet.TldScanner - No TLD files were found in [file:/Users/aronstephencordova/.m2/repository/org/apache/tomcat/tomcat-jsp-api/11.0.21/tomcat-jsp-api-11.0.21.jar]. Consider adding the JAR to the tomcat.util.scan.StandardJarScanFilter.jarsToSkip property in CATALINA_BASE/conf/catalina.properties file.
2026-06-07 22:47:25 DEBUG org.apache.tomcat.util.scan.StandardJarScanner - Scanning JAR [file:/Users/aronstephencordova/.m2/repository/org/apache/tomcat/tomcat-el-api/11.0.6/tomcat-el-api-11.0.6.jar] from classpath
2026-06-07 22:47:25 DEBUG org.apache.jasper.servlet.TldScanner - No TLD files were found in [file:/Users/aronstephencordova/.m2/repository/org/apache/tomcat/tomcat-el-api/11.0.6/tomcat-el-api-11.0.6.jar]. Consider adding the JAR to the tomcat.util.scan.StandardJarScanFilter.jarsToSkip property in CATALINA_BASE/conf/catalina.properties file.
2026-06-07 22:47:25 DEBUG org.apache.tomcat.util.scan.StandardJarScanner - Scanning JAR [file:/Users/aronstephencordova/.m2/repository/org/apache/tomcat/tomcat-jasper-el/11.0.6/tomcat-jasper-el-11.0.6.jar] from classpath
2026-06-07 22:47:25 DEBUG org.apache.jasper.servlet.TldScanner - No TLD files were found in [file:/Users/aronstephencordova/.m2/repository/org/apache/tomcat/tomcat-jasper-el/11.0.6/tomcat-jasper-el-11.0.6.jar]. Consider adding the JAR to the tomcat.util.scan.StandardJarScanFilter.jarsToSkip property in CATALINA_BASE/conf/catalina.properties file.
2026-06-07 22:47:25 DEBUG org.apache.tomcat.util.scan.StandardJarScanner - Scanning JAR [file:/Users/aronstephencordova/.m2/repository/org/apache/tomcat/tomcat-api/11.0.6/tomcat-api-11.0.6.jar] from classpath
2026-06-07 22:47:25 DEBUG org.apache.jasper.servlet.TldScanner - No TLD files were found in [file:/Users/aronstephencordova/.m2/repository/org/apache/tomcat/tomcat-api/11.0.6/tomcat-api-11.0.6.jar]. Consider adding the JAR to the tomcat.util.scan.StandardJarScanFilter.jarsToSkip property in CATALINA_BASE/conf/catalina.properties file.
2026-06-07 22:47:25 DEBUG org.apache.tomcat.util.scan.StandardJarScanner - Scanning JAR [file:/Users/aronstephencordova/.m2/repository/org/apache/tomcat/tomcat-util-scan/11.0.6/tomcat-util-scan-11.0.6.jar] from classpath
2026-06-07 22:47:25 DEBUG org.apache.jasper.servlet.TldScanner - No TLD files were found in [file:/Users/aronstephencordova/.m2/repository/org/apache/tomcat/tomcat-util-scan/11.0.6/tomcat-util-scan-11.0.6.jar]. Consider adding the JAR to the tomcat.util.scan.StandardJarScanFilter.jarsToSkip property in CATALINA_BASE/conf/catalina.properties file.
2026-06-07 22:47:25 DEBUG org.apache.tomcat.util.scan.StandardJarScanner - Scanning JAR [file:/Users/aronstephencordova/.m2/repository/org/apache/tomcat/tomcat-util/11.0.6/tomcat-util-11.0.6.jar] from classpath
2026-06-07 22:47:25 DEBUG org.apache.jasper.servlet.TldScanner - No TLD files were found in [file:/Users/aronstephencordova/.m2/repository/org/apache/tomcat/tomcat-util/11.0.6/tomcat-util-11.0.6.jar]. Consider adding the JAR to the tomcat.util.scan.StandardJarScanFilter.jarsToSkip property in CATALINA_BASE/conf/catalina.properties file.
2026-06-07 22:47:25 DEBUG org.apache.tomcat.util.scan.StandardJarScanner - Scanning JAR [file:/Users/aronstephencordova/.m2/repository/jakarta/xml/bind/jakarta.xml.bind-api/4.0.4/jakarta.xml.bind-api-4.0.4.jar] from classpath
2026-06-07 22:47:25 DEBUG org.apache.jasper.servlet.TldScanner - No TLD files were found in [file:/Users/aronstephencordova/.m2/repository/jakarta/xml/bind/jakarta.xml.bind-api/4.0.4/jakarta.xml.bind-api-4.0.4.jar]. Consider adding the JAR to the tomcat.util.scan.StandardJarScanFilter.jarsToSkip property in CATALINA_BASE/conf/catalina.properties file.
2026-06-07 22:47:25 DEBUG org.apache.tomcat.util.scan.StandardJarScanner - Scanning JAR [file:/Users/aronstephencordova/.m2/repository/jakarta/activation/jakarta.activation-api/2.1.4/jakarta.activation-api-2.1.4.jar] from classpath
2026-06-07 22:47:25 DEBUG org.apache.jasper.servlet.TldScanner - No TLD files were found in [file:/Users/aronstephencordova/.m2/repository/jakarta/activation/jakarta.activation-api/2.1.4/jakarta.activation-api-2.1.4.jar]. Consider adding the JAR to the tomcat.util.scan.StandardJarScanFilter.jarsToSkip property in CATALINA_BASE/conf/catalina.properties file.
2026-06-07 22:47:25 DEBUG org.apache.tomcat.util.scan.StandardJarScanner - Scanning JAR [file:/Users/aronstephencordova/.m2/repository/net/bytebuddy/byte-buddy/1.17.8/byte-buddy-1.17.8.jar] from classpath
2026-06-07 22:47:25 DEBUG org.apache.jasper.servlet.TldScanner - No TLD files were found in [file:/Users/aronstephencordova/.m2/repository/net/bytebuddy/byte-buddy/1.17.8/byte-buddy-1.17.8.jar]. Consider adding the JAR to the tomcat.util.scan.StandardJarScanFilter.jarsToSkip property in CATALINA_BASE/conf/catalina.properties file.
2026-06-07 22:47:25 DEBUG org.apache.tomcat.util.scan.StandardJarScanner - Scanning JAR [file:/Users/aronstephencordova/.m2/repository/org/jspecify/jspecify/1.0.0/jspecify-1.0.0.jar] from classpath
2026-06-07 22:47:25 DEBUG org.apache.jasper.servlet.TldScanner - No TLD files were found in [file:/Users/aronstephencordova/.m2/repository/org/jspecify/jspecify/1.0.0/jspecify-1.0.0.jar]. Consider adding the JAR to the tomcat.util.scan.StandardJarScanFilter.jarsToSkip property in CATALINA_BASE/conf/catalina.properties file.
2026-06-07 22:47:25 DEBUG org.apache.tomcat.util.scan.StandardJarScanner - Scanning JAR [file:/Users/aronstephencordova/.m2/repository/com/zaxxer/HikariCP/7.0.2/HikariCP-7.0.2.jar] from classpath
2026-06-07 22:47:25 DEBUG org.apache.jasper.servlet.TldScanner - No TLD files were found in [file:/Users/aronstephencordova/.m2/repository/com/zaxxer/HikariCP/7.0.2/HikariCP-7.0.2.jar]. Consider adding the JAR to the tomcat.util.scan.StandardJarScanFilter.jarsToSkip property in CATALINA_BASE/conf/catalina.properties file.
2026-06-07 22:47:25 DEBUG org.apache.tomcat.util.scan.StandardJarScanner - Scanning JAR [file:/Users/aronstephencordova/.m2/repository/jakarta/persistence/jakarta.persistence-api/3.2.0/jakarta.persistence-api-3.2.0.jar] from classpath
2026-06-07 22:47:25 DEBUG org.apache.jasper.servlet.TldScanner - No TLD files were found in [file:/Users/aronstephencordova/.m2/repository/jakarta/persistence/jakarta.persistence-api/3.2.0/jakarta.persistence-api-3.2.0.jar]. Consider adding the JAR to the tomcat.util.scan.StandardJarScanFilter.jarsToSkip property in CATALINA_BASE/conf/catalina.properties file.
2026-06-07 22:47:25 DEBUG org.apache.tomcat.util.scan.StandardJarScanner - Scanning JAR [file:/Users/aronstephencordova/.m2/repository/jakarta/transaction/jakarta.transaction-api/2.0.1/jakarta.transaction-api-2.0.1.jar] from classpath
2026-06-07 22:47:25 DEBUG org.apache.jasper.servlet.TldScanner - No TLD files were found in [file:/Users/aronstephencordova/.m2/repository/jakarta/transaction/jakarta.transaction-api/2.0.1/jakarta.transaction-api-2.0.1.jar]. Consider adding the JAR to the tomcat.util.scan.StandardJarScanFilter.jarsToSkip property in CATALINA_BASE/conf/catalina.properties file.
2026-06-07 22:47:25 DEBUG org.apache.tomcat.util.scan.StandardJarScanner - Scanning JAR [file:/Users/aronstephencordova/.m2/repository/org/eclipse/angus/angus-activation/2.0.3/angus-activation-2.0.3.jar] from classpath
2026-06-07 22:47:25 DEBUG org.apache.jasper.servlet.TldScanner - No TLD files were found in [file:/Users/aronstephencordova/.m2/repository/org/eclipse/angus/angus-activation/2.0.3/angus-activation-2.0.3.jar]. Consider adding the JAR to the tomcat.util.scan.StandardJarScanFilter.jarsToSkip property in CATALINA_BASE/conf/catalina.properties file.
2026-06-07 22:47:25 DEBUG org.apache.tomcat.util.scan.StandardJarScanner - Scanning JAR [file:/Users/aronstephencordova/.m2/repository/org/glassfish/jaxb/txw2/4.0.6/txw2-4.0.6.jar] from classpath
2026-06-07 22:47:25 DEBUG org.apache.jasper.servlet.TldScanner - No TLD files were found in [file:/Users/aronstephencordova/.m2/repository/org/glassfish/jaxb/txw2/4.0.6/txw2-4.0.6.jar]. Consider adding the JAR to the tomcat.util.scan.StandardJarScanFilter.jarsToSkip property in CATALINA_BASE/conf/catalina.properties file.
2026-06-07 22:47:25 DEBUG org.apache.tomcat.util.scan.StandardJarScanner - Scanning JAR [file:/Users/aronstephencordova/.m2/repository/com/sun/istack/istack-commons-runtime/4.1.2/istack-commons-runtime-4.1.2.jar] from classpath
2026-06-07 22:47:25 DEBUG org.apache.jasper.servlet.TldScanner - No TLD files were found in [file:/Users/aronstephencordova/.m2/repository/com/sun/istack/istack-commons-runtime/4.1.2/istack-commons-runtime-4.1.2.jar]. Consider adding the JAR to the tomcat.util.scan.StandardJarScanFilter.jarsToSkip property in CATALINA_BASE/conf/catalina.properties file.
2026-06-07 22:47:25 DEBUG org.apache.tomcat.util.scan.StandardJarScanner - Scanning JAR [file:/Users/aronstephencordova/.m2/repository/jakarta/inject/jakarta.inject-api/2.0.1/jakarta.inject-api-2.0.1.jar] from classpath
2026-06-07 22:47:25 DEBUG org.apache.jasper.servlet.TldScanner - No TLD files were found in [file:/Users/aronstephencordova/.m2/repository/jakarta/inject/jakarta.inject-api/2.0.1/jakarta.inject-api-2.0.1.jar]. Consider adding the JAR to the tomcat.util.scan.StandardJarScanFilter.jarsToSkip property in CATALINA_BASE/conf/catalina.properties file.
2026-06-07 22:47:25 DEBUG org.apache.tomcat.util.scan.StandardJarScanner - Scanning JAR [file:/Users/aronstephencordova/.m2/repository/com/mysql/mysql-connector-j/9.6.0/mysql-connector-j-9.6.0.jar] from classpath
2026-06-07 22:47:25 DEBUG org.apache.jasper.servlet.TldScanner - No TLD files were found in [file:/Users/aronstephencordova/.m2/repository/com/mysql/mysql-connector-j/9.6.0/mysql-connector-j-9.6.0.jar]. Consider adding the JAR to the tomcat.util.scan.StandardJarScanFilter.jarsToSkip property in CATALINA_BASE/conf/catalina.properties file.
2026-06-07 22:47:25 DEBUG org.apache.tomcat.util.scan.StandardJarScanner - Scanning JAR [file:/Users/aronstephencordova/.m2/repository/org/mybatis/spring/boot/mybatis-spring-boot-starter/4.0.0/mybatis-spring-boot-starter-4.0.0.jar] from classpath
2026-06-07 22:47:25 DEBUG org.apache.jasper.servlet.TldScanner - No TLD files were found in [file:/Users/aronstephencordova/.m2/repository/org/mybatis/spring/boot/mybatis-spring-boot-starter/4.0.0/mybatis-spring-boot-starter-4.0.0.jar]. Consider adding the JAR to the tomcat.util.scan.StandardJarScanFilter.jarsToSkip property in CATALINA_BASE/conf/catalina.properties file.
2026-06-07 22:47:25 DEBUG org.apache.tomcat.util.scan.StandardJarScanner - Scanning JAR [file:/Users/aronstephencordova/.m2/repository/org/mybatis/spring/boot/mybatis-spring-boot-autoconfigure/4.0.0/mybatis-spring-boot-autoconfigure-4.0.0.jar] from classpath
2026-06-07 22:47:25 DEBUG org.apache.jasper.servlet.TldScanner - No TLD files were found in [file:/Users/aronstephencordova/.m2/repository/org/mybatis/spring/boot/mybatis-spring-boot-autoconfigure/4.0.0/mybatis-spring-boot-autoconfigure-4.0.0.jar]. Consider adding the JAR to the tomcat.util.scan.StandardJarScanFilter.jarsToSkip property in CATALINA_BASE/conf/catalina.properties file.
2026-06-07 22:47:25 DEBUG org.apache.tomcat.util.scan.StandardJarScanner - Scanning JAR [file:/Users/aronstephencordova/.m2/repository/org/mybatis/mybatis/3.5.19/mybatis-3.5.19.jar] from classpath
2026-06-07 22:47:25 DEBUG org.apache.jasper.servlet.TldScanner - No TLD files were found in [file:/Users/aronstephencordova/.m2/repository/org/mybatis/mybatis/3.5.19/mybatis-3.5.19.jar]. Consider adding the JAR to the tomcat.util.scan.StandardJarScanFilter.jarsToSkip property in CATALINA_BASE/conf/catalina.properties file.
2026-06-07 22:47:25 DEBUG org.apache.tomcat.util.scan.StandardJarScanner - Scanning JAR [file:/Users/aronstephencordova/.m2/repository/org/mybatis/mybatis-spring/4.0.0/mybatis-spring-4.0.0.jar] from classpath
2026-06-07 22:47:25 DEBUG org.apache.jasper.servlet.TldScanner - No TLD files were found in [file:/Users/aronstephencordova/.m2/repository/org/mybatis/mybatis-spring/4.0.0/mybatis-spring-4.0.0.jar]. Consider adding the JAR to the tomcat.util.scan.StandardJarScanFilter.jarsToSkip property in CATALINA_BASE/conf/catalina.properties file.
2026-06-07 22:47:25 DEBUG org.apache.tomcat.util.scan.StandardJarScanner - Scanning JAR [file:/Users/aronstephencordova/.m2/repository/org/projectlombok/lombok/1.18.46/lombok-1.18.46.jar] from classpath
2026-06-07 22:47:25 DEBUG org.apache.jasper.servlet.TldScanner - No TLD files were found in [file:/Users/aronstephencordova/.m2/repository/org/projectlombok/lombok/1.18.46/lombok-1.18.46.jar]. Consider adding the JAR to the tomcat.util.scan.StandardJarScanFilter.jarsToSkip property in CATALINA_BASE/conf/catalina.properties file.
2026-06-07 22:47:25 DEBUG org.apache.tomcat.util.scan.StandardJarScanner - Scanning JAR [jrt:/jdk.compiler] from classpath
2026-06-07 22:47:25 DEBUG org.apache.tomcat.util.scan.StandardJarScanner - Scanning JAR [jrt:/java.desktop] from classpath
2026-06-07 22:47:25 DEBUG org.apache.tomcat.util.scan.StandardJarScanner - Scanning JAR [jrt:/jdk.jartool] from classpath
2026-06-07 22:47:25 DEBUG org.apache.tomcat.util.scan.StandardJarScanner - Scanning JAR [jrt:/java.scripting] from classpath
2026-06-07 22:47:25 DEBUG org.apache.tomcat.util.scan.StandardJarScanner - Scanning JAR [jrt:/jdk.management] from classpath
2026-06-07 22:47:25 DEBUG org.apache.tomcat.util.scan.StandardJarScanner - Scanning JAR [jrt:/java.instrument] from classpath
2026-06-07 22:47:25 DEBUG org.apache.tomcat.util.scan.StandardJarScanner - Scanning JAR [jrt:/java.prefs] from classpath
2026-06-07 22:47:25 DEBUG org.apache.tomcat.util.scan.StandardJarScanner - Scanning JAR [jrt:/jdk.management.agent] from classpath
2026-06-07 22:47:25 DEBUG org.apache.tomcat.util.scan.StandardJarScanner - Scanning JAR [jrt:/jdk.localedata] from classpath
2026-06-07 22:47:25 DEBUG org.apache.tomcat.util.scan.StandardJarScanner - Scanning JAR [jrt:/jdk.jfr] from classpath
2026-06-07 22:47:25 DEBUG org.apache.tomcat.util.scan.StandardJarScanner - Scanning JAR [jrt:/java.compiler] from classpath
2026-06-07 22:47:25 DEBUG org.apache.tomcat.util.scan.StandardJarScanner - Scanning JAR [jrt:/jdk.jlink] from classpath
2026-06-07 22:47:25 DEBUG org.apache.tomcat.util.scan.StandardJarScanner - Scanning JAR [jrt:/jdk.internal.ed] from classpath
2026-06-07 22:47:25 DEBUG org.apache.tomcat.util.scan.StandardJarScanner - Scanning JAR [jrt:/jdk.crypto.cryptoki] from classpath
2026-06-07 22:47:25 DEBUG org.apache.tomcat.util.scan.StandardJarScanner - Scanning JAR [jrt:/jdk.nio.mapmode] from classpath
2026-06-07 22:47:25 DEBUG org.apache.tomcat.util.scan.StandardJarScanner - Scanning JAR [jrt:/java.management] from classpath
2026-06-07 22:47:25 DEBUG org.apache.tomcat.util.scan.StandardJarScanner - Scanning JAR [jrt:/jdk.management.jfr] from classpath
2026-06-07 22:47:25 DEBUG org.apache.tomcat.util.scan.StandardJarScanner - Scanning JAR [jrt:/jdk.jstatd] from classpath
2026-06-07 22:47:25 DEBUG org.apache.tomcat.util.scan.StandardJarScanner - Scanning JAR [jrt:/jdk.internal.opt] from classpath
2026-06-07 22:47:25 DEBUG org.apache.tomcat.util.scan.StandardJarScanner - Scanning JAR [jrt:/jdk.httpserver] from classpath
2026-06-07 22:47:25 DEBUG org.apache.tomcat.util.scan.StandardJarScanner - Scanning JAR [jrt:/jdk.unsupported.desktop] from classpath
2026-06-07 22:47:25 DEBUG org.apache.tomcat.util.scan.StandardJarScanner - Scanning JAR [jrt:/java.smartcardio] from classpath
2026-06-07 22:47:25 DEBUG org.apache.tomcat.util.scan.StandardJarScanner - Scanning JAR [jrt:/jdk.net] from classpath
2026-06-07 22:47:25 DEBUG org.apache.tomcat.util.scan.StandardJarScanner - Scanning JAR [jrt:/jdk.internal.md] from classpath
2026-06-07 22:47:25 DEBUG org.apache.tomcat.util.scan.StandardJarScanner - Scanning JAR [jrt:/jdk.unsupported] from classpath
2026-06-07 22:47:25 DEBUG org.apache.tomcat.util.scan.StandardJarScanner - Scanning JAR [jrt:/jdk.jshell] from classpath
2026-06-07 22:47:25 DEBUG org.apache.tomcat.util.scan.StandardJarScanner - Scanning JAR [jrt:/java.transaction.xa] from classpath
2026-06-07 22:47:25 DEBUG org.apache.tomcat.util.scan.StandardJarScanner - Scanning JAR [jrt:/jdk.jdeps] from classpath
2026-06-07 22:47:25 DEBUG org.apache.tomcat.util.scan.StandardJarScanner - Scanning JAR [jrt:/jdk.jsobject] from classpath
2026-06-07 22:47:25 DEBUG org.apache.tomcat.util.scan.StandardJarScanner - Scanning JAR [jrt:/jdk.naming.rmi] from classpath
2026-06-07 22:47:25 DEBUG org.apache.tomcat.util.scan.StandardJarScanner - Scanning JAR [jrt:/java.logging] from classpath
2026-06-07 22:47:25 DEBUG org.apache.tomcat.util.scan.StandardJarScanner - Scanning JAR [jrt:/java.xml] from classpath
2026-06-07 22:47:25 DEBUG org.apache.tomcat.util.scan.StandardJarScanner - Scanning JAR [jrt:/java.base] from classpath
2026-06-07 22:47:25 DEBUG org.apache.tomcat.util.scan.StandardJarScanner - Scanning JAR [jrt:/jdk.jpackage] from classpath
2026-06-07 22:47:25 DEBUG org.apache.tomcat.util.scan.StandardJarScanner - Scanning JAR [jrt:/jdk.sctp] from classpath
2026-06-07 22:47:25 DEBUG org.apache.tomcat.util.scan.StandardJarScanner - Scanning JAR [jrt:/java.naming] from classpath
2026-06-07 22:47:25 DEBUG org.apache.tomcat.util.scan.StandardJarScanner - Scanning JAR [jrt:/jdk.security.jgss] from classpath
2026-06-07 22:47:25 DEBUG org.apache.tomcat.util.scan.StandardJarScanner - Scanning JAR [jrt:/jdk.internal.jvmstat] from classpath
2026-06-07 22:47:25 DEBUG org.apache.tomcat.util.scan.StandardJarScanner - Scanning JAR [jrt:/jdk.charsets] from classpath
2026-06-07 22:47:25 DEBUG org.apache.tomcat.util.scan.StandardJarScanner - Scanning JAR [jrt:/jdk.jdi] from classpath
2026-06-07 22:47:25 DEBUG org.apache.tomcat.util.scan.StandardJarScanner - Scanning JAR [jrt:/jdk.javadoc] from classpath
2026-06-07 22:47:25 DEBUG org.apache.tomcat.util.scan.StandardJarScanner - Scanning JAR [jrt:/jdk.jconsole] from classpath
2026-06-07 22:47:25 DEBUG org.apache.tomcat.util.scan.StandardJarScanner - Scanning JAR [jrt:/java.security.jgss] from classpath
2026-06-07 22:47:25 DEBUG org.apache.tomcat.util.scan.StandardJarScanner - Scanning JAR [jrt:/jdk.internal.le] from classpath
2026-06-07 22:47:25 DEBUG org.apache.tomcat.util.scan.StandardJarScanner - Scanning JAR [jrt:/jdk.dynalink] from classpath
2026-06-07 22:47:25 DEBUG org.apache.tomcat.util.scan.StandardJarScanner - Scanning JAR [jrt:/java.sql.rowset] from classpath
2026-06-07 22:47:25 DEBUG org.apache.tomcat.util.scan.StandardJarScanner - Scanning JAR [jrt:/jdk.editpad] from classpath
2026-06-07 22:47:25 DEBUG org.apache.tomcat.util.scan.StandardJarScanner - Scanning JAR [jrt:/jdk.naming.dns] from classpath
2026-06-07 22:47:25 DEBUG org.apache.tomcat.util.scan.StandardJarScanner - Scanning JAR [jrt:/java.sql] from classpath
2026-06-07 22:47:25 DEBUG org.apache.tomcat.util.scan.StandardJarScanner - Scanning JAR [jrt:/java.datatransfer] from classpath
2026-06-07 22:47:25 DEBUG org.apache.tomcat.util.scan.StandardJarScanner - Scanning JAR [jrt:/java.xml.crypto] from classpath
2026-06-07 22:47:25 DEBUG org.apache.tomcat.util.scan.StandardJarScanner - Scanning JAR [jrt:/jdk.zipfs] from classpath
2026-06-07 22:47:25 DEBUG org.apache.tomcat.util.scan.StandardJarScanner - Scanning JAR [jrt:/java.security.sasl] from classpath
2026-06-07 22:47:25 DEBUG org.apache.tomcat.util.scan.StandardJarScanner - Scanning JAR [jrt:/jdk.security.auth] from classpath
2026-06-07 22:47:25 DEBUG org.apache.tomcat.util.scan.StandardJarScanner - Scanning JAR [jrt:/jdk.xml.dom] from classpath
2026-06-07 22:47:25 DEBUG org.apache.tomcat.util.scan.StandardJarScanner - Scanning JAR [jrt:/java.rmi] from classpath
2026-06-07 22:47:25 DEBUG org.apache.tomcat.util.scan.StandardJarScanner - Scanning JAR [jrt:/jdk.accessibility] from classpath
2026-06-07 22:47:25 DEBUG org.apache.tomcat.util.scan.StandardJarScanner - Scanning JAR [jrt:/java.management.rmi] from classpath
2026-06-07 22:47:25 DEBUG org.apache.tomcat.util.scan.StandardJarScanner - Scanning JAR [jrt:/jdk.jdwp.agent] from classpath
2026-06-07 22:47:25 DEBUG org.apache.tomcat.util.scan.StandardJarScanner - Scanning JAR [jrt:/java.net.http] from classpath
2026-06-07 22:47:25 DEBUG org.apache.tomcat.util.scan.StandardJarScanner - Scanning JAR [jrt:/jdk.attach] from classpath
2026-06-07 22:47:25 INFO  org.apache.jasper.servlet.TldScanner - At least one JAR was scanned for TLDs yet contained no TLDs. Enable debug logging for this logger for a complete list of JARs that were scanned but no TLDs were found in them. Skipping unneeded JARs during scanning can improve startup time and JSP compilation time.
2026-06-07 22:47:25 DEBUG org.springframework.boot.web.context.servlet.WebApplicationContextInitializer - Published root WebApplicationContext as ServletContext attribute with name [org.springframework.web.context.WebApplicationContext.ROOT]
2026-06-07 22:47:25 INFO  org.springframework.boot.web.context.servlet.WebApplicationContextInitializer - Root WebApplicationContext: initialization completed in 613 ms
2026-06-07 22:47:25 DEBUG org.springframework.beans.factory.support.DefaultListableBeanFactory - Creating shared instance of singleton bean 'requestContextFilter'
2026-06-07 22:47:25 DEBUG org.springframework.beans.factory.support.DefaultListableBeanFactory - Creating shared instance of singleton bean 'formContentFilter'
2026-06-07 22:47:25 DEBUG org.springframework.beans.factory.support.DefaultListableBeanFactory - Creating shared instance of singleton bean 'org.springframework.boot.webmvc.autoconfigure.WebMvcAutoConfiguration'
2026-06-07 22:47:25 DEBUG org.springframework.beans.factory.support.DefaultListableBeanFactory - Creating shared instance of singleton bean 'characterEncodingFilter'
2026-06-07 22:47:25 DEBUG org.springframework.beans.factory.support.DefaultListableBeanFactory - Creating shared instance of singleton bean 'org.springframework.boot.servlet.autoconfigure.HttpEncodingAutoConfiguration'
2026-06-07 22:47:25 DEBUG org.springframework.beans.factory.support.DefaultListableBeanFactory - Creating shared instance of singleton bean 'spring.servlet.encoding-org.springframework.boot.servlet.autoconfigure.ServletEncodingProperties'
2026-06-07 22:47:25 DEBUG org.springframework.beans.factory.support.DefaultListableBeanFactory - Autowiring by type from bean name 'characterEncodingFilter' via factory method to bean named 'spring.servlet.encoding-org.springframework.boot.servlet.autoconfigure.ServletEncodingProperties'
2026-06-07 22:47:25 DEBUG org.springframework.boot.web.servlet.ServletContextInitializerBeans - Mapping filters: characterEncodingFilter urls=[/*] order=-2147483648, formContentFilter urls=[/*] order=-9900, requestContextFilter urls=[/*] order=-105
2026-06-07 22:47:25 DEBUG org.springframework.boot.web.servlet.ServletContextInitializerBeans - Mapping servlets: dispatcherServlet urls=[/]
2026-06-07 22:47:25 DEBUG org.apache.catalina.core.ContainerBase - Add container child [StandardWrapper[dispatcherServlet]] to container [StandardEngine[Tomcat].StandardHost[localhost].TomcatEmbeddedContext[]]
2026-06-07 22:47:25 DEBUG org.apache.catalina.util.LifecycleBase - Setting state for [StandardEngine[Tomcat].StandardHost[localhost].TomcatEmbeddedContext[].StandardWrapper[dispatcherServlet]] to [INITIALIZING]
2026-06-07 22:47:25 DEBUG org.apache.catalina.util.LifecycleBase - Setting state for [StandardEngine[Tomcat].StandardHost[localhost].TomcatEmbeddedContext[].StandardWrapper[dispatcherServlet]] to [INITIALIZED]
2026-06-07 22:47:25 DEBUG org.apache.catalina.util.LifecycleBase - Setting state for [StandardEngine[Tomcat].StandardHost[localhost].TomcatEmbeddedContext[].StandardWrapper[dispatcherServlet]] to [STARTING_PREP]
2026-06-07 22:47:25 DEBUG org.apache.catalina.util.LifecycleBase - Setting state for [StandardPipeline[StandardEngine[Tomcat].StandardHost[localhost].TomcatEmbeddedContext[].StandardWrapper[dispatcherServlet]]] to [INITIALIZING]
2026-06-07 22:47:25 DEBUG org.apache.catalina.util.LifecycleBase - Setting state for [StandardPipeline[StandardEngine[Tomcat].StandardHost[localhost].TomcatEmbeddedContext[].StandardWrapper[dispatcherServlet]]] to [INITIALIZED]
2026-06-07 22:47:25 DEBUG org.apache.catalina.util.LifecycleBase - Setting state for [StandardPipeline[StandardEngine[Tomcat].StandardHost[localhost].TomcatEmbeddedContext[].StandardWrapper[dispatcherServlet]]] to [STARTING_PREP]
2026-06-07 22:47:25 DEBUG org.apache.catalina.util.LifecycleBase - Setting state for [StandardWrapperValve[StandardEngine[Tomcat].StandardHost[localhost].TomcatEmbeddedContext[].StandardWrapper[dispatcherServlet]]] to [INITIALIZING]
2026-06-07 22:47:25 DEBUG org.apache.catalina.util.LifecycleBase - Setting state for [StandardWrapperValve[StandardEngine[Tomcat].StandardHost[localhost].TomcatEmbeddedContext[].StandardWrapper[dispatcherServlet]]] to [INITIALIZED]
2026-06-07 22:47:25 DEBUG org.apache.catalina.util.LifecycleBase - Setting state for [StandardWrapperValve[StandardEngine[Tomcat].StandardHost[localhost].TomcatEmbeddedContext[].StandardWrapper[dispatcherServlet]]] to [STARTING_PREP]
2026-06-07 22:47:25 DEBUG org.apache.catalina.util.LifecycleBase - Setting state for [StandardWrapperValve[StandardEngine[Tomcat].StandardHost[localhost].TomcatEmbeddedContext[].StandardWrapper[dispatcherServlet]]] to [STARTING]
2026-06-07 22:47:25 DEBUG org.apache.catalina.util.LifecycleBase - Setting state for [StandardWrapperValve[StandardEngine[Tomcat].StandardHost[localhost].TomcatEmbeddedContext[].StandardWrapper[dispatcherServlet]]] to [STARTED]
2026-06-07 22:47:25 DEBUG org.apache.catalina.util.LifecycleBase - Setting state for [StandardPipeline[StandardEngine[Tomcat].StandardHost[localhost].TomcatEmbeddedContext[].StandardWrapper[dispatcherServlet]]] to [STARTING]
2026-06-07 22:47:25 DEBUG org.apache.catalina.util.LifecycleBase - Setting state for [StandardPipeline[StandardEngine[Tomcat].StandardHost[localhost].TomcatEmbeddedContext[].StandardWrapper[dispatcherServlet]]] to [STARTED]
2026-06-07 22:47:25 DEBUG org.apache.catalina.util.LifecycleBase - Setting state for [StandardEngine[Tomcat].StandardHost[localhost].TomcatEmbeddedContext[].StandardWrapper[dispatcherServlet]] to [STARTING]
2026-06-07 22:47:25 DEBUG org.apache.catalina.util.LifecycleBase - Setting state for [StandardEngine[Tomcat].StandardHost[localhost].TomcatEmbeddedContext[].StandardWrapper[dispatcherServlet]] to [STARTED]
2026-06-07 22:47:25 DEBUG org.apache.catalina.util.LifecycleBase - Setting state for [StandardManager[StandardEngine[Tomcat].StandardHost[localhost].TomcatEmbeddedContext[]]] to [INITIALIZING]
2026-06-07 22:47:25 DEBUG org.apache.catalina.util.LifecycleBase - Setting state for [StandardManager[StandardEngine[Tomcat].StandardHost[localhost].TomcatEmbeddedContext[]]] to [INITIALIZED]
2026-06-07 22:47:25 DEBUG org.apache.catalina.util.LifecycleBase - Setting state for [StandardManager[StandardEngine[Tomcat].StandardHost[localhost].TomcatEmbeddedContext[]]] to [STARTING_PREP]
2026-06-07 22:47:25 DEBUG org.apache.catalina.util.LifecycleBase - Setting state for [org.springframework.boot.tomcat.LazySessionIdGenerator@b6bccb4] to [INITIALIZING]
2026-06-07 22:47:25 DEBUG org.apache.catalina.util.LifecycleBase - Setting state for [org.springframework.boot.tomcat.LazySessionIdGenerator@b6bccb4] to [INITIALIZED]
2026-06-07 22:47:25 DEBUG org.apache.catalina.util.LifecycleBase - Setting state for [org.springframework.boot.tomcat.LazySessionIdGenerator@b6bccb4] to [STARTING_PREP]
2026-06-07 22:47:25 DEBUG org.apache.catalina.util.LifecycleBase - Setting state for [org.springframework.boot.tomcat.LazySessionIdGenerator@b6bccb4] to [STARTING]
2026-06-07 22:47:25 DEBUG org.apache.catalina.util.LifecycleBase - Setting state for [org.springframework.boot.tomcat.LazySessionIdGenerator@b6bccb4] to [STARTED]
2026-06-07 22:47:25 DEBUG org.apache.catalina.util.LifecycleBase - Setting state for [StandardManager[StandardEngine[Tomcat].StandardHost[localhost].TomcatEmbeddedContext[]]] to [STARTING]
2026-06-07 22:47:25 DEBUG org.apache.catalina.util.LifecycleBase - Setting state for [StandardManager[StandardEngine[Tomcat].StandardHost[localhost].TomcatEmbeddedContext[]]] to [STARTED]
2026-06-07 22:47:25 DEBUG org.springframework.boot.servlet.filter.OrderedRequestContextFilter - Filter 'requestContextFilter' configured for use
2026-06-07 22:47:25 DEBUG org.springframework.boot.servlet.filter.OrderedCharacterEncodingFilter - Filter 'characterEncodingFilter' configured for use
2026-06-07 22:47:25 DEBUG org.springframework.boot.servlet.filter.OrderedFormContentFilter - Filter 'formContentFilter' configured for use
2026-06-07 22:47:25 DEBUG org.apache.catalina.util.LifecycleBase - Setting state for [StandardEngine[Tomcat].StandardHost[localhost].TomcatEmbeddedContext[]] to [STARTING]
2026-06-07 22:47:25 DEBUG org.apache.catalina.util.LifecycleBase - Setting state for [StandardEngine[Tomcat].StandardHost[localhost].TomcatEmbeddedContext[]] to [STARTED]
2026-06-07 22:47:25 DEBUG org.apache.catalina.util.LifecycleBase - Setting state for [StandardPipeline[StandardEngine[Tomcat].StandardHost[localhost]]] to [INITIALIZING]
2026-06-07 22:47:25 DEBUG org.apache.catalina.util.LifecycleBase - Setting state for [StandardPipeline[StandardEngine[Tomcat].StandardHost[localhost]]] to [INITIALIZED]
2026-06-07 22:47:25 DEBUG org.apache.catalina.util.LifecycleBase - Setting state for [StandardPipeline[StandardEngine[Tomcat].StandardHost[localhost]]] to [STARTING_PREP]
2026-06-07 22:47:25 DEBUG org.apache.catalina.util.LifecycleBase - Setting state for [ErrorReportValve[StandardEngine[Tomcat].StandardHost[localhost]]] to [INITIALIZING]
2026-06-07 22:47:25 DEBUG org.apache.catalina.util.LifecycleBase - Setting state for [ErrorReportValve[StandardEngine[Tomcat].StandardHost[localhost]]] to [INITIALIZED]
2026-06-07 22:47:25 DEBUG org.apache.catalina.util.LifecycleBase - Setting state for [ErrorReportValve[StandardEngine[Tomcat].StandardHost[localhost]]] to [STARTING_PREP]
2026-06-07 22:47:25 DEBUG org.apache.catalina.util.LifecycleBase - Setting state for [ErrorReportValve[StandardEngine[Tomcat].StandardHost[localhost]]] to [STARTING]
2026-06-07 22:47:25 DEBUG org.apache.catalina.util.LifecycleBase - Setting state for [ErrorReportValve[StandardEngine[Tomcat].StandardHost[localhost]]] to [STARTED]
2026-06-07 22:47:25 DEBUG org.apache.catalina.util.LifecycleBase - Setting state for [StandardHostValve[StandardEngine[Tomcat].StandardHost[localhost]]] to [INITIALIZING]
2026-06-07 22:47:25 DEBUG org.apache.catalina.util.LifecycleBase - Setting state for [StandardHostValve[StandardEngine[Tomcat].StandardHost[localhost]]] to [INITIALIZED]
2026-06-07 22:47:25 DEBUG org.apache.catalina.util.LifecycleBase - Setting state for [StandardHostValve[StandardEngine[Tomcat].StandardHost[localhost]]] to [STARTING_PREP]
2026-06-07 22:47:25 DEBUG org.apache.catalina.util.LifecycleBase - Setting state for [StandardHostValve[StandardEngine[Tomcat].StandardHost[localhost]]] to [STARTING]
2026-06-07 22:47:25 DEBUG org.apache.catalina.util.LifecycleBase - Setting state for [StandardHostValve[StandardEngine[Tomcat].StandardHost[localhost]]] to [STARTED]
2026-06-07 22:47:25 DEBUG org.apache.catalina.util.LifecycleBase - Setting state for [StandardPipeline[StandardEngine[Tomcat].StandardHost[localhost]]] to [STARTING]
2026-06-07 22:47:25 DEBUG org.apache.catalina.util.LifecycleBase - Setting state for [StandardPipeline[StandardEngine[Tomcat].StandardHost[localhost]]] to [STARTED]
2026-06-07 22:47:25 DEBUG org.apache.catalina.util.LifecycleBase - Setting state for [StandardEngine[Tomcat].StandardHost[localhost]] to [STARTING]
2026-06-07 22:47:25 DEBUG org.apache.catalina.util.LifecycleBase - Setting state for [StandardEngine[Tomcat].StandardHost[localhost]] to [STARTED]
2026-06-07 22:47:25 DEBUG org.apache.catalina.util.LifecycleBase - Setting state for [StandardPipeline[StandardEngine[Tomcat]]] to [INITIALIZING]
2026-06-07 22:47:25 DEBUG org.apache.catalina.util.LifecycleBase - Setting state for [StandardPipeline[StandardEngine[Tomcat]]] to [INITIALIZED]
2026-06-07 22:47:25 DEBUG org.apache.catalina.util.LifecycleBase - Setting state for [StandardPipeline[StandardEngine[Tomcat]]] to [STARTING_PREP]
2026-06-07 22:47:25 DEBUG org.apache.catalina.util.LifecycleBase - Setting state for [StandardEngineValve[StandardEngine[Tomcat]]] to [INITIALIZING]
2026-06-07 22:47:25 DEBUG org.apache.catalina.util.LifecycleBase - Setting state for [StandardEngineValve[StandardEngine[Tomcat]]] to [INITIALIZED]
2026-06-07 22:47:25 DEBUG org.apache.catalina.util.LifecycleBase - Setting state for [StandardEngineValve[StandardEngine[Tomcat]]] to [STARTING_PREP]
2026-06-07 22:47:25 DEBUG org.apache.catalina.util.LifecycleBase - Setting state for [StandardEngineValve[StandardEngine[Tomcat]]] to [STARTING]
2026-06-07 22:47:25 DEBUG org.apache.catalina.util.LifecycleBase - Setting state for [StandardEngineValve[StandardEngine[Tomcat]]] to [STARTED]
2026-06-07 22:47:25 DEBUG org.apache.catalina.util.LifecycleBase - Setting state for [StandardPipeline[StandardEngine[Tomcat]]] to [STARTING]
2026-06-07 22:47:25 DEBUG org.apache.catalina.util.LifecycleBase - Setting state for [StandardPipeline[StandardEngine[Tomcat]]] to [STARTED]
2026-06-07 22:47:25 DEBUG org.apache.catalina.util.LifecycleBase - Setting state for [StandardEngine[Tomcat]] to [STARTING]
2026-06-07 22:47:25 DEBUG org.apache.catalina.util.LifecycleBase - Setting state for [StandardEngine[Tomcat]] to [STARTED]
2026-06-07 22:47:25 DEBUG org.apache.catalina.util.LifecycleBase - Setting state for [org.apache.catalina.mapper.MapperListener@5b251fb9] to [STARTING_PREP]
2026-06-07 22:47:25 DEBUG org.apache.catalina.util.LifecycleBase - Setting state for [org.apache.catalina.mapper.MapperListener@5b251fb9] to [STARTING]
2026-06-07 22:47:25 DEBUG org.apache.catalina.mapper.Mapper - Registered host [localhost]
2026-06-07 22:47:25 DEBUG org.apache.catalina.mapper.MapperListener - Register Wrapper [jsp] in Context [] for service [StandardService[Tomcat]]
2026-06-07 22:47:25 DEBUG org.apache.catalina.mapper.MapperListener - Register Wrapper [dispatcherServlet] in Context [] for service [StandardService[Tomcat]]
2026-06-07 22:47:25 DEBUG org.apache.catalina.mapper.MapperListener - Register Context [] for service [StandardService[Tomcat]]
2026-06-07 22:47:25 DEBUG org.apache.catalina.mapper.MapperListener - Register host [localhost] at domain [null] for service [StandardService[Tomcat]]
2026-06-07 22:47:25 DEBUG org.apache.catalina.util.LifecycleBase - Setting state for [org.apache.catalina.mapper.MapperListener@5b251fb9] to [STARTED]
2026-06-07 22:47:25 DEBUG org.apache.catalina.util.LifecycleBase - Setting state for [StandardService[Tomcat]] to [STARTED]
2026-06-07 22:47:25 DEBUG org.apache.catalina.util.LifecycleBase - Setting state for [StandardServer[-1]] to [STARTED]
2026-06-07 22:47:25 DEBUG org.springframework.beans.factory.support.DefaultListableBeanFactory - Creating shared instance of singleton bean 'applicationTaskExecutor'
2026-06-07 22:47:25 DEBUG org.springframework.beans.factory.support.DefaultListableBeanFactory - Creating shared instance of singleton bean 'org.springframework.boot.autoconfigure.task.TaskExecutorConfigurations$TaskExecutorConfiguration'
2026-06-07 22:47:25 DEBUG org.springframework.beans.factory.support.DefaultListableBeanFactory - Creating shared instance of singleton bean 'threadPoolTaskExecutorBuilder'
2026-06-07 22:47:25 DEBUG org.springframework.beans.factory.support.DefaultListableBeanFactory - Creating shared instance of singleton bean 'org.springframework.boot.autoconfigure.task.TaskExecutorConfigurations$ThreadPoolTaskExecutorBuilderConfiguration'
2026-06-07 22:47:25 DEBUG org.springframework.beans.factory.support.DefaultListableBeanFactory - Creating shared instance of singleton bean 'spring.task.execution-org.springframework.boot.autoconfigure.task.TaskExecutionProperties'
2026-06-07 22:47:25 DEBUG org.springframework.beans.factory.support.DefaultListableBeanFactory - Autowiring by type from bean name 'threadPoolTaskExecutorBuilder' via factory method to bean named 'spring.task.execution-org.springframework.boot.autoconfigure.task.TaskExecutionProperties'
2026-06-07 22:47:25 DEBUG org.springframework.beans.factory.support.DefaultListableBeanFactory - Autowiring by type from bean name 'applicationTaskExecutor' via factory method to bean named 'threadPoolTaskExecutorBuilder'
2026-06-07 22:47:25 DEBUG org.springframework.scheduling.concurrent.ThreadPoolTaskExecutor - Initializing ExecutorService 'applicationTaskExecutor'
2026-06-07 22:47:25 DEBUG org.springframework.beans.factory.support.DefaultListableBeanFactory - Creating shared instance of singleton bean 'dataSourceScriptDatabaseInitializer'
2026-06-07 22:47:25 DEBUG org.springframework.beans.factory.support.DefaultListableBeanFactory - Creating shared instance of singleton bean 'org.springframework.boot.jdbc.autoconfigure.DataSourceInitializationAutoConfiguration'
2026-06-07 22:47:25 DEBUG org.springframework.beans.factory.support.DefaultListableBeanFactory - Creating shared instance of singleton bean 'dataSource'
2026-06-07 22:47:25 DEBUG org.springframework.beans.factory.support.DefaultListableBeanFactory - Creating shared instance of singleton bean 'org.springframework.boot.jdbc.autoconfigure.DataSourceConfiguration$Hikari'
2026-06-07 22:47:25 DEBUG org.springframework.beans.factory.support.DefaultListableBeanFactory - Creating shared instance of singleton bean 'spring.datasource-org.springframework.boot.jdbc.autoconfigure.DataSourceProperties'
2026-06-07 22:47:25 DEBUG org.springframework.beans.factory.support.DefaultListableBeanFactory - Creating shared instance of singleton bean 'jdbcConnectionDetails'
2026-06-07 22:47:25 DEBUG org.springframework.beans.factory.support.DefaultListableBeanFactory - Creating shared instance of singleton bean 'org.springframework.boot.jdbc.autoconfigure.DataSourceAutoConfiguration$PooledDataSourceConfiguration'
2026-06-07 22:47:25 DEBUG org.springframework.beans.factory.support.DefaultListableBeanFactory - Autowiring by type from bean name 'jdbcConnectionDetails' via factory method to bean named 'spring.datasource-org.springframework.boot.jdbc.autoconfigure.DataSourceProperties'
2026-06-07 22:47:25 DEBUG org.springframework.beans.factory.support.DefaultListableBeanFactory - Autowiring by type from bean name 'dataSource' via factory method to bean named 'spring.datasource-org.springframework.boot.jdbc.autoconfigure.DataSourceProperties'
2026-06-07 22:47:25 DEBUG org.springframework.beans.factory.support.DefaultListableBeanFactory - Autowiring by type from bean name 'dataSource' via factory method to bean named 'jdbcConnectionDetails'
2026-06-07 22:47:25 DEBUG org.springframework.beans.factory.support.DefaultListableBeanFactory - Autowiring by type from bean name 'dataSource' via factory method to bean named 'environment'
2026-06-07 22:47:25 WARN  org.springframework.boot.web.server.servlet.context.AnnotationConfigServletWebServerApplicationContext - Exception encountered during context initialization - cancelling refresh attempt: org.springframework.beans.factory.BeanCreationException: Error creating bean with name 'entityManagerFactory' defined in class path resource [org/springframework/boot/hibernate/autoconfigure/HibernateJpaConfiguration.class]: Failed to initialize dependency 'dataSourceScriptDatabaseInitializer' of LoadTimeWeaverAware bean 'entityManagerFactory': Error creating bean with name 'dataSourceScriptDatabaseInitializer' defined in class path resource [org/springframework/boot/jdbc/autoconfigure/DataSourceInitializationAutoConfiguration.class]: Unsatisfied dependency expressed through method 'dataSourceScriptDatabaseInitializer' parameter 0: Error creating bean with name 'dataSource' defined in class path resource [org/springframework/boot/jdbc/autoconfigure/DataSourceConfiguration$Hikari.class]: Failed to instantiate [com.zaxxer.hikari.HikariDataSource]: Factory method 'dataSource' threw exception with message: Failed to determine a suitable driver class
2026-06-07 22:47:25 DEBUG org.springframework.scheduling.concurrent.ThreadPoolTaskExecutor - Shutting down ExecutorService 'applicationTaskExecutor'
2026-06-07 22:47:25 DEBUG org.apache.catalina.util.LifecycleBase - Setting state for [StandardServer[-1]] to [STOPPING_PREP]
2026-06-07 22:47:25 DEBUG org.apache.catalina.util.LifecycleBase - Setting state for [StandardServer[-1]] to [STOPPING]
2026-06-07 22:47:25 DEBUG org.apache.catalina.util.LifecycleBase - Setting state for [StandardService[Tomcat]] to [STOPPING_PREP]
2026-06-07 22:47:25 INFO  org.apache.catalina.core.StandardService - Stopping service [Tomcat]
2026-06-07 22:47:25 DEBUG org.apache.catalina.util.LifecycleBase - Setting state for [StandardService[Tomcat]] to [STOPPING]
2026-06-07 22:47:25 DEBUG org.apache.catalina.util.LifecycleBase - Setting state for [StandardEngine[Tomcat]] to [STOPPING_PREP]
2026-06-07 22:47:25 DEBUG org.apache.catalina.util.LifecycleBase - Setting state for [StandardEngine[Tomcat]] to [STOPPING]
2026-06-07 22:47:25 DEBUG org.apache.catalina.util.LifecycleBase - Setting state for [StandardPipeline[StandardEngine[Tomcat]]] to [STOPPING_PREP]
2026-06-07 22:47:25 DEBUG org.apache.catalina.util.LifecycleBase - Setting state for [StandardPipeline[StandardEngine[Tomcat]]] to [STOPPING]
2026-06-07 22:47:25 DEBUG org.apache.catalina.util.LifecycleBase - Setting state for [StandardEngineValve[StandardEngine[Tomcat]]] to [STOPPING_PREP]
2026-06-07 22:47:25 DEBUG org.apache.catalina.util.LifecycleBase - Setting state for [StandardEngineValve[StandardEngine[Tomcat]]] to [STOPPING]
2026-06-07 22:47:25 DEBUG org.apache.catalina.util.LifecycleBase - Setting state for [StandardEngineValve[StandardEngine[Tomcat]]] to [STOPPED]
2026-06-07 22:47:25 DEBUG org.apache.catalina.util.LifecycleBase - Setting state for [StandardPipeline[StandardEngine[Tomcat]]] to [STOPPED]
2026-06-07 22:47:25 DEBUG org.apache.catalina.util.LifecycleBase - Setting state for [StandardEngine[Tomcat].StandardHost[localhost]] to [STOPPING_PREP]
2026-06-07 22:47:25 DEBUG org.apache.catalina.mapper.MapperListener - Unregister host [localhost] at domain [null] for service [StandardService[Tomcat]]
2026-06-07 22:47:25 DEBUG org.apache.catalina.util.LifecycleBase - Setting state for [StandardEngine[Tomcat].StandardHost[localhost]] to [STOPPING]
2026-06-07 22:47:25 DEBUG org.apache.catalina.util.LifecycleBase - Setting state for [StandardPipeline[StandardEngine[Tomcat].StandardHost[localhost]]] to [STOPPING_PREP]
2026-06-07 22:47:25 DEBUG org.apache.catalina.util.LifecycleBase - Setting state for [StandardPipeline[StandardEngine[Tomcat].StandardHost[localhost]]] to [STOPPING]
2026-06-07 22:47:25 DEBUG org.apache.catalina.util.LifecycleBase - Setting state for [ErrorReportValve[StandardEngine[Tomcat].StandardHost[localhost]]] to [STOPPING_PREP]
2026-06-07 22:47:25 DEBUG org.apache.catalina.util.LifecycleBase - Setting state for [ErrorReportValve[StandardEngine[Tomcat].StandardHost[localhost]]] to [STOPPING]
2026-06-07 22:47:25 DEBUG org.apache.catalina.util.LifecycleBase - Setting state for [ErrorReportValve[StandardEngine[Tomcat].StandardHost[localhost]]] to [STOPPED]
2026-06-07 22:47:25 DEBUG org.apache.catalina.util.LifecycleBase - Setting state for [StandardHostValve[StandardEngine[Tomcat].StandardHost[localhost]]] to [STOPPING_PREP]
2026-06-07 22:47:25 DEBUG org.apache.catalina.util.LifecycleBase - Setting state for [StandardHostValve[StandardEngine[Tomcat].StandardHost[localhost]]] to [STOPPING]
2026-06-07 22:47:25 DEBUG org.apache.catalina.util.LifecycleBase - Setting state for [StandardHostValve[StandardEngine[Tomcat].StandardHost[localhost]]] to [STOPPED]
2026-06-07 22:47:25 DEBUG org.apache.catalina.util.LifecycleBase - Setting state for [StandardPipeline[StandardEngine[Tomcat].StandardHost[localhost]]] to [STOPPED]
2026-06-07 22:47:25 DEBUG org.apache.catalina.util.LifecycleBase - Setting state for [StandardEngine[Tomcat].StandardHost[localhost].TomcatEmbeddedContext[]] to [STOPPING_PREP]
2026-06-07 22:47:25 DEBUG org.apache.catalina.mapper.MapperListener - Unregister Context [] for service [StandardService[Tomcat]]
2026-06-07 22:47:25 DEBUG org.apache.catalina.util.LifecycleBase - Setting state for [StandardEngine[Tomcat].StandardHost[localhost].TomcatEmbeddedContext[]] to [STOPPING]
2026-06-07 22:47:25 DEBUG org.apache.catalina.util.LifecycleBase - Setting state for [StandardEngine[Tomcat].StandardHost[localhost].TomcatEmbeddedContext[].StandardWrapper[jsp]] to [STOPPING_PREP]
2026-06-07 22:47:25 DEBUG org.apache.catalina.mapper.MapperListener - Unregister Wrapper [jsp] in Context [] for service [StandardService[Tomcat]]
2026-06-07 22:47:25 DEBUG org.apache.catalina.util.LifecycleBase - Setting state for [StandardEngine[Tomcat].StandardHost[localhost].TomcatEmbeddedContext[].StandardWrapper[jsp]] to [STOPPING]
2026-06-07 22:47:25 DEBUG org.apache.catalina.util.LifecycleBase - Setting state for [StandardPipeline[StandardEngine[Tomcat].StandardHost[localhost].TomcatEmbeddedContext[].StandardWrapper[jsp]]] to [STOPPING_PREP]
2026-06-07 22:47:25 DEBUG org.apache.catalina.util.LifecycleBase - Setting state for [StandardPipeline[StandardEngine[Tomcat].StandardHost[localhost].TomcatEmbeddedContext[].StandardWrapper[jsp]]] to [STOPPING]
2026-06-07 22:47:25 DEBUG org.apache.catalina.util.LifecycleBase - Setting state for [StandardWrapperValve[StandardEngine[Tomcat].StandardHost[localhost].TomcatEmbeddedContext[].StandardWrapper[jsp]]] to [STOPPING_PREP]
2026-06-07 22:47:25 DEBUG org.apache.catalina.util.LifecycleBase - Setting state for [StandardWrapperValve[StandardEngine[Tomcat].StandardHost[localhost].TomcatEmbeddedContext[].StandardWrapper[jsp]]] to [STOPPING]
2026-06-07 22:47:25 DEBUG org.apache.catalina.util.LifecycleBase - Setting state for [StandardWrapperValve[StandardEngine[Tomcat].StandardHost[localhost].TomcatEmbeddedContext[].StandardWrapper[jsp]]] to [STOPPED]
2026-06-07 22:47:25 DEBUG org.apache.catalina.util.LifecycleBase - Setting state for [StandardPipeline[StandardEngine[Tomcat].StandardHost[localhost].TomcatEmbeddedContext[].StandardWrapper[jsp]]] to [STOPPED]
2026-06-07 22:47:25 DEBUG org.apache.catalina.util.LifecycleBase - Setting state for [StandardEngine[Tomcat].StandardHost[localhost].TomcatEmbeddedContext[].StandardWrapper[jsp]] to [STOPPED]
2026-06-07 22:47:25 DEBUG org.apache.catalina.util.LifecycleBase - Setting state for [StandardEngine[Tomcat].StandardHost[localhost].TomcatEmbeddedContext[].StandardWrapper[dispatcherServlet]] to [STOPPING_PREP]
2026-06-07 22:47:25 DEBUG org.apache.catalina.mapper.MapperListener - Unregister Wrapper [dispatcherServlet] in Context [] for service [StandardService[Tomcat]]
2026-06-07 22:47:25 DEBUG org.apache.catalina.util.LifecycleBase - Setting state for [StandardEngine[Tomcat].StandardHost[localhost].TomcatEmbeddedContext[].StandardWrapper[dispatcherServlet]] to [STOPPING]
2026-06-07 22:47:25 DEBUG org.apache.catalina.util.LifecycleBase - Setting state for [StandardPipeline[StandardEngine[Tomcat].StandardHost[localhost].TomcatEmbeddedContext[].StandardWrapper[dispatcherServlet]]] to [STOPPING_PREP]
2026-06-07 22:47:25 DEBUG org.apache.catalina.util.LifecycleBase - Setting state for [StandardPipeline[StandardEngine[Tomcat].StandardHost[localhost].TomcatEmbeddedContext[].StandardWrapper[dispatcherServlet]]] to [STOPPING]
2026-06-07 22:47:25 DEBUG org.apache.catalina.util.LifecycleBase - Setting state for [StandardWrapperValve[StandardEngine[Tomcat].StandardHost[localhost].TomcatEmbeddedContext[].StandardWrapper[dispatcherServlet]]] to [STOPPING_PREP]
2026-06-07 22:47:25 DEBUG org.apache.catalina.util.LifecycleBase - Setting state for [StandardWrapperValve[StandardEngine[Tomcat].StandardHost[localhost].TomcatEmbeddedContext[].StandardWrapper[dispatcherServlet]]] to [STOPPING]
2026-06-07 22:47:25 DEBUG org.apache.catalina.util.LifecycleBase - Setting state for [StandardWrapperValve[StandardEngine[Tomcat].StandardHost[localhost].TomcatEmbeddedContext[].StandardWrapper[dispatcherServlet]]] to [STOPPED]
2026-06-07 22:47:25 DEBUG org.apache.catalina.util.LifecycleBase - Setting state for [StandardPipeline[StandardEngine[Tomcat].StandardHost[localhost].TomcatEmbeddedContext[].StandardWrapper[dispatcherServlet]]] to [STOPPED]
2026-06-07 22:47:25 DEBUG org.apache.catalina.util.LifecycleBase - Setting state for [StandardEngine[Tomcat].StandardHost[localhost].TomcatEmbeddedContext[].StandardWrapper[dispatcherServlet]] to [STOPPED]
2026-06-07 22:47:25 DEBUG org.apache.catalina.core.ApplicationFilterConfig - JMX de-registration complete for filter of type [org.springframework.boot.servlet.filter.OrderedRequestContextFilter] and name [requestContextFilter]
2026-06-07 22:47:25 DEBUG org.apache.catalina.core.ApplicationFilterConfig - JMX de-registration complete for filter of type [org.apache.tomcat.websocket.server.WsFilter] and name [Tomcat WebSocket (JSR356) Filter]
2026-06-07 22:47:25 DEBUG org.apache.catalina.core.ApplicationFilterConfig - JMX de-registration complete for filter of type [org.springframework.boot.servlet.filter.OrderedCharacterEncodingFilter] and name [characterEncodingFilter]
2026-06-07 22:47:25 DEBUG org.apache.catalina.core.ApplicationFilterConfig - JMX de-registration complete for filter of type [org.springframework.boot.servlet.filter.OrderedFormContentFilter] and name [formContentFilter]
2026-06-07 22:47:25 DEBUG org.apache.catalina.util.LifecycleBase - Setting state for [StandardManager[StandardEngine[Tomcat].StandardHost[localhost].TomcatEmbeddedContext[]]] to [STOPPING_PREP]
2026-06-07 22:47:25 DEBUG org.apache.catalina.util.LifecycleBase - Setting state for [StandardManager[StandardEngine[Tomcat].StandardHost[localhost].TomcatEmbeddedContext[]]] to [STOPPING]
2026-06-07 22:47:25 DEBUG org.apache.catalina.session.StandardManager - No persisted sessions to unload
2026-06-07 22:47:25 DEBUG org.apache.catalina.util.LifecycleBase - Setting state for [org.springframework.boot.tomcat.LazySessionIdGenerator@b6bccb4] to [STOPPING_PREP]
2026-06-07 22:47:25 DEBUG org.apache.catalina.util.LifecycleBase - Setting state for [org.springframework.boot.tomcat.LazySessionIdGenerator@b6bccb4] to [STOPPING]
2026-06-07 22:47:25 DEBUG org.apache.catalina.util.LifecycleBase - Setting state for [org.springframework.boot.tomcat.LazySessionIdGenerator@b6bccb4] to [STOPPED]
2026-06-07 22:47:25 DEBUG org.apache.catalina.util.LifecycleBase - Setting state for [StandardManager[StandardEngine[Tomcat].StandardHost[localhost].TomcatEmbeddedContext[]]] to [STOPPED]
2026-06-07 22:47:25 DEBUG org.apache.catalina.util.LifecycleBase - Setting state for [org.apache.catalina.deploy.NamingResourcesImpl@30bf26df] to [STOPPING_PREP]
2026-06-07 22:47:25 DEBUG org.apache.catalina.util.LifecycleBase - Setting state for [org.apache.catalina.deploy.NamingResourcesImpl@30bf26df] to [STOPPING]
2026-06-07 22:47:25 DEBUG org.apache.catalina.util.LifecycleBase - Setting state for [org.apache.catalina.deploy.NamingResourcesImpl@30bf26df] to [STOPPED]
2026-06-07 22:47:25 DEBUG org.apache.catalina.util.LifecycleBase - Setting state for [StandardPipeline[StandardEngine[Tomcat].StandardHost[localhost].TomcatEmbeddedContext[]]] to [STOPPING_PREP]
2026-06-07 22:47:25 DEBUG org.apache.catalina.util.LifecycleBase - Setting state for [StandardPipeline[StandardEngine[Tomcat].StandardHost[localhost].TomcatEmbeddedContext[]]] to [STOPPING]
2026-06-07 22:47:25 DEBUG org.apache.catalina.util.LifecycleBase - Setting state for [NonLoginAuthenticator[StandardEngine[Tomcat].StandardHost[localhost].TomcatEmbeddedContext[]]] to [STOPPING_PREP]
2026-06-07 22:47:25 DEBUG org.apache.catalina.util.LifecycleBase - Setting state for [NonLoginAuthenticator[StandardEngine[Tomcat].StandardHost[localhost].TomcatEmbeddedContext[]]] to [STOPPING]
2026-06-07 22:47:25 DEBUG org.apache.catalina.util.LifecycleBase - Setting state for [NonLoginAuthenticator[StandardEngine[Tomcat].StandardHost[localhost].TomcatEmbeddedContext[]]] to [STOPPED]
2026-06-07 22:47:25 DEBUG org.apache.catalina.util.LifecycleBase - Setting state for [StandardContextValve[StandardEngine[Tomcat].StandardHost[localhost].TomcatEmbeddedContext[]]] to [STOPPING_PREP]
2026-06-07 22:47:25 DEBUG org.apache.catalina.util.LifecycleBase - Setting state for [StandardContextValve[StandardEngine[Tomcat].StandardHost[localhost].TomcatEmbeddedContext[]]] to [STOPPING]
2026-06-07 22:47:25 DEBUG org.apache.catalina.util.LifecycleBase - Setting state for [StandardContextValve[StandardEngine[Tomcat].StandardHost[localhost].TomcatEmbeddedContext[]]] to [STOPPED]
2026-06-07 22:47:25 DEBUG org.apache.catalina.util.LifecycleBase - Setting state for [StandardPipeline[StandardEngine[Tomcat].StandardHost[localhost].TomcatEmbeddedContext[]]] to [STOPPED]
2026-06-07 22:47:25 DEBUG org.apache.catalina.util.LifecycleBase - Setting state for [WebappLoader[StandardEngine[Tomcat].StandardHost[localhost].TomcatEmbeddedContext[]]] to [STOPPING_PREP]
2026-06-07 22:47:25 DEBUG org.apache.catalina.loader.WebappLoader - Stopping this Loader
2026-06-07 22:47:25 DEBUG org.apache.catalina.util.LifecycleBase - Setting state for [WebappLoader[StandardEngine[Tomcat].StandardHost[localhost].TomcatEmbeddedContext[]]] to [STOPPING]
2026-06-07 22:47:25 DEBUG org.apache.catalina.util.LifecycleBase - Setting state for [WebappLoader[StandardEngine[Tomcat].StandardHost[localhost].TomcatEmbeddedContext[]]] to [STOPPED]
2026-06-07 22:47:25 DEBUG org.apache.catalina.util.LifecycleBase - Setting state for [org.apache.catalina.webresources.StandardRoot@60cb1ed6] to [STOPPING_PREP]
2026-06-07 22:47:25 DEBUG org.apache.catalina.util.LifecycleBase - Setting state for [org.apache.catalina.webresources.DirResourceSet@40d52be7] to [STOPPING_PREP]
2026-06-07 22:47:25 DEBUG org.apache.catalina.util.LifecycleBase - Setting state for [org.apache.catalina.webresources.DirResourceSet@40d52be7] to [STOPPING]
2026-06-07 22:47:25 DEBUG org.apache.catalina.util.LifecycleBase - Setting state for [org.apache.catalina.webresources.DirResourceSet@40d52be7] to [STOPPED]
2026-06-07 22:47:25 DEBUG org.apache.catalina.util.LifecycleBase - Setting state for [org.apache.catalina.webresources.DirResourceSet@40d52be7] to [DESTROYING]
2026-06-07 22:47:25 DEBUG org.apache.catalina.util.LifecycleBase - Setting state for [org.apache.catalina.webresources.DirResourceSet@40d52be7] to [DESTROYED]
2026-06-07 22:47:25 DEBUG org.apache.catalina.util.LifecycleBase - Setting state for [org.apache.catalina.webresources.StandardRoot@60cb1ed6] to [STOPPING]
2026-06-07 22:47:25 DEBUG org.apache.catalina.util.LifecycleBase - Setting state for [org.apache.catalina.webresources.StandardRoot@60cb1ed6] to [STOPPED]
2026-06-07 22:47:25 DEBUG org.apache.catalina.util.LifecycleBase - Setting state for [StandardEngine[Tomcat].StandardHost[localhost].TomcatEmbeddedContext[].StandardWrapper[jsp]] to [DESTROYING]
2026-06-07 22:47:25 DEBUG org.apache.catalina.util.LifecycleBase - Setting state for [StandardPipeline[StandardEngine[Tomcat].StandardHost[localhost].TomcatEmbeddedContext[].StandardWrapper[jsp]]] to [DESTROYING]
2026-06-07 22:47:25 DEBUG org.apache.catalina.util.LifecycleBase - Setting state for [StandardWrapperValve[Container is null]] to [DESTROYING]
2026-06-07 22:47:25 DEBUG org.apache.catalina.util.LifecycleBase - Setting state for [StandardWrapperValve[Container is null]] to [DESTROYED]
2026-06-07 22:47:25 DEBUG org.apache.catalina.util.LifecycleBase - Setting state for [StandardPipeline[StandardEngine[Tomcat].StandardHost[localhost].TomcatEmbeddedContext[].StandardWrapper[jsp]]] to [DESTROYED]
2026-06-07 22:47:25 DEBUG org.apache.catalina.util.LifecycleBase - Setting state for [StandardEngine[Tomcat].StandardHost[localhost].TomcatEmbeddedContext[].StandardWrapper[jsp]] to [DESTROYED]
2026-06-07 22:47:25 DEBUG org.apache.catalina.util.LifecycleBase - Setting state for [StandardEngine[Tomcat].StandardHost[localhost].TomcatEmbeddedContext[].StandardWrapper[dispatcherServlet]] to [DESTROYING]
2026-06-07 22:47:25 DEBUG org.apache.catalina.util.LifecycleBase - Setting state for [StandardPipeline[StandardEngine[Tomcat].StandardHost[localhost].TomcatEmbeddedContext[].StandardWrapper[dispatcherServlet]]] to [DESTROYING]
2026-06-07 22:47:25 DEBUG org.apache.catalina.util.LifecycleBase - Setting state for [StandardWrapperValve[Container is null]] to [DESTROYING]
2026-06-07 22:47:25 DEBUG org.apache.catalina.util.LifecycleBase - Setting state for [StandardWrapperValve[Container is null]] to [DESTROYED]
2026-06-07 22:47:25 DEBUG org.apache.catalina.util.LifecycleBase - Setting state for [StandardPipeline[StandardEngine[Tomcat].StandardHost[localhost].TomcatEmbeddedContext[].StandardWrapper[dispatcherServlet]]] to [DESTROYED]
2026-06-07 22:47:25 DEBUG org.apache.catalina.util.LifecycleBase - Setting state for [StandardEngine[Tomcat].StandardHost[localhost].TomcatEmbeddedContext[].StandardWrapper[dispatcherServlet]] to [DESTROYED]
2026-06-07 22:47:25 DEBUG org.apache.catalina.util.LifecycleBase - Setting state for [StandardEngine[Tomcat].StandardHost[localhost].TomcatEmbeddedContext[]] to [STOPPED]
2026-06-07 22:47:25 DEBUG org.apache.catalina.util.LifecycleBase - Setting state for [StandardEngine[Tomcat].StandardHost[localhost]] to [STOPPED]
2026-06-07 22:47:25 DEBUG org.apache.catalina.util.LifecycleBase - Setting state for [SimpleRealm[StandardEngine[Tomcat]]] to [STOPPING_PREP]
2026-06-07 22:47:25 DEBUG org.apache.catalina.util.LifecycleBase - Setting state for [SimpleRealm[StandardEngine[Tomcat]]] to [STOPPING]
2026-06-07 22:47:25 DEBUG org.apache.catalina.util.LifecycleBase - Setting state for [SimpleRealm[StandardEngine[Tomcat]]] to [STOPPED]
2026-06-07 22:47:25 DEBUG org.apache.catalina.util.LifecycleBase - Setting state for [StandardEngine[Tomcat]] to [STOPPED]
2026-06-07 22:47:25 DEBUG org.apache.catalina.util.LifecycleBase - Setting state for [org.apache.catalina.mapper.MapperListener@5b251fb9] to [STOPPING_PREP]
2026-06-07 22:47:25 DEBUG org.apache.catalina.util.LifecycleBase - Setting state for [org.apache.catalina.mapper.MapperListener@5b251fb9] to [STOPPING]
2026-06-07 22:47:25 DEBUG org.apache.catalina.util.LifecycleBase - Setting state for [org.apache.catalina.mapper.MapperListener@5b251fb9] to [STOPPED]
2026-06-07 22:47:25 DEBUG org.apache.catalina.util.LifecycleBase - Setting state for [StandardService[Tomcat]] to [STOPPED]
2026-06-07 22:47:25 DEBUG org.apache.catalina.util.LifecycleBase - Setting state for [org.apache.catalina.deploy.NamingResourcesImpl@4aa31ffc] to [STOPPING_PREP]
2026-06-07 22:47:25 DEBUG org.apache.catalina.util.LifecycleBase - Setting state for [org.apache.catalina.deploy.NamingResourcesImpl@4aa31ffc] to [STOPPING]
2026-06-07 22:47:25 DEBUG org.apache.catalina.util.LifecycleBase - Setting state for [org.apache.catalina.deploy.NamingResourcesImpl@4aa31ffc] to [STOPPED]
2026-06-07 22:47:25 DEBUG org.apache.catalina.util.LifecycleBase - Setting state for [StandardServer[-1]] to [STOPPED]
2026-06-07 22:47:25 DEBUG org.apache.catalina.util.LifecycleBase - Setting state for [StandardServer[-1]] to [DESTROYING]
2026-06-07 22:47:25 DEBUG org.apache.catalina.util.LifecycleBase - Setting state for [StandardService[Tomcat]] to [DESTROYING]
2026-06-07 22:47:25 DEBUG org.apache.catalina.util.LifecycleBase - Setting state for [org.apache.catalina.mapper.MapperListener@5b251fb9] to [DESTROYING]
2026-06-07 22:47:25 DEBUG org.apache.catalina.util.LifecycleBase - Setting state for [org.apache.catalina.mapper.MapperListener@5b251fb9] to [DESTROYED]
2026-06-07 22:47:25 DEBUG org.apache.catalina.util.LifecycleBase - Setting state for [StandardEngine[Tomcat]] to [DESTROYING]
2026-06-07 22:47:25 DEBUG org.apache.catalina.util.LifecycleBase - Setting state for [SimpleRealm[StandardEngine[Tomcat]]] to [DESTROYING]
2026-06-07 22:47:25 DEBUG org.apache.catalina.util.LifecycleBase - Setting state for [SimpleRealm[StandardEngine[Tomcat]]] to [DESTROYED]
2026-06-07 22:47:25 DEBUG org.apache.catalina.util.LifecycleBase - Setting state for [StandardPipeline[StandardEngine[Tomcat]]] to [DESTROYING]
2026-06-07 22:47:25 DEBUG org.apache.catalina.util.LifecycleBase - Setting state for [StandardEngineValve[Container is null]] to [DESTROYING]
2026-06-07 22:47:25 DEBUG org.apache.catalina.util.LifecycleBase - Setting state for [StandardEngineValve[Container is null]] to [DESTROYED]
2026-06-07 22:47:25 DEBUG org.apache.catalina.util.LifecycleBase - Setting state for [StandardPipeline[StandardEngine[Tomcat]]] to [DESTROYED]
2026-06-07 22:47:25 DEBUG org.apache.catalina.util.LifecycleBase - Setting state for [StandardEngine[Tomcat].StandardHost[localhost]] to [DESTROYING]
2026-06-07 22:47:25 DEBUG org.apache.catalina.util.LifecycleBase - Setting state for [StandardPipeline[StandardEngine[Tomcat].StandardHost[localhost]]] to [DESTROYING]
2026-06-07 22:47:25 DEBUG org.apache.catalina.util.LifecycleBase - Setting state for [ErrorReportValve[Container is null]] to [DESTROYING]
2026-06-07 22:47:25 DEBUG org.apache.catalina.util.LifecycleBase - Setting state for [ErrorReportValve[Container is null]] to [DESTROYED]
2026-06-07 22:47:25 DEBUG org.apache.catalina.util.LifecycleBase - Setting state for [StandardHostValve[Container is null]] to [DESTROYING]
2026-06-07 22:47:25 DEBUG org.apache.catalina.util.LifecycleBase - Setting state for [StandardHostValve[Container is null]] to [DESTROYED]
2026-06-07 22:47:25 DEBUG org.apache.catalina.util.LifecycleBase - Setting state for [StandardPipeline[StandardEngine[Tomcat].StandardHost[localhost]]] to [DESTROYED]
2026-06-07 22:47:25 DEBUG org.apache.catalina.util.LifecycleBase - Setting state for [StandardEngine[Tomcat].StandardHost[localhost].TomcatEmbeddedContext[]] to [DESTROYING]
2026-06-07 22:47:25 DEBUG org.apache.catalina.util.LifecycleBase - Setting state for [org.apache.catalina.deploy.NamingResourcesImpl@30bf26df] to [DESTROYING]
2026-06-07 22:47:25 DEBUG org.apache.catalina.util.LifecycleBase - Setting state for [org.apache.catalina.deploy.NamingResourcesImpl@30bf26df] to [DESTROYED]
2026-06-07 22:47:25 DEBUG org.apache.catalina.util.LifecycleBase - Setting state for [WebappLoader[StandardEngine[Tomcat].StandardHost[localhost].TomcatEmbeddedContext[]]] to [DESTROYING]
2026-06-07 22:47:25 DEBUG org.apache.catalina.util.LifecycleBase - Setting state for [WebappLoader[StandardEngine[Tomcat].StandardHost[localhost].TomcatEmbeddedContext[]]] to [DESTROYED]
2026-06-07 22:47:25 DEBUG org.apache.catalina.util.LifecycleBase - Setting state for [StandardManager[StandardEngine[Tomcat].StandardHost[localhost].TomcatEmbeddedContext[]]] to [DESTROYING]
2026-06-07 22:47:25 DEBUG org.apache.catalina.util.LifecycleBase - Setting state for [StandardManager[StandardEngine[Tomcat].StandardHost[localhost].TomcatEmbeddedContext[]]] to [DESTROYED]
2026-06-07 22:47:25 DEBUG org.apache.catalina.util.LifecycleBase - Setting state for [org.apache.catalina.webresources.StandardRoot@60cb1ed6] to [DESTROYING]
2026-06-07 22:47:25 DEBUG org.apache.catalina.util.LifecycleBase - Setting state for [org.apache.catalina.webresources.StandardRoot@60cb1ed6] to [DESTROYED]
2026-06-07 22:47:25 DEBUG org.apache.catalina.util.LifecycleBase - Setting state for [StandardPipeline[StandardEngine[Tomcat].StandardHost[localhost].TomcatEmbeddedContext[]]] to [DESTROYING]
2026-06-07 22:47:25 DEBUG org.apache.catalina.util.LifecycleBase - Setting state for [NonLoginAuthenticator[Container is null]] to [DESTROYING]
2026-06-07 22:47:25 DEBUG org.apache.catalina.util.LifecycleBase - Setting state for [NonLoginAuthenticator[Container is null]] to [DESTROYED]
2026-06-07 22:47:25 DEBUG org.apache.catalina.util.LifecycleBase - Setting state for [StandardContextValve[Container is null]] to [DESTROYING]
2026-06-07 22:47:25 DEBUG org.apache.catalina.util.LifecycleBase - Setting state for [StandardContextValve[Container is null]] to [DESTROYED]
2026-06-07 22:47:25 DEBUG org.apache.catalina.util.LifecycleBase - Setting state for [StandardPipeline[StandardEngine[Tomcat].StandardHost[localhost].TomcatEmbeddedContext[]]] to [DESTROYED]
2026-06-07 22:47:25 DEBUG org.apache.catalina.util.LifecycleBase - Setting state for [StandardEngine[Tomcat].StandardHost[localhost].TomcatEmbeddedContext[]] to [DESTROYED]
2026-06-07 22:47:25 DEBUG org.apache.catalina.util.LifecycleBase - Setting state for [StandardEngine[Tomcat].StandardHost[localhost]] to [DESTROYED]
2026-06-07 22:47:25 DEBUG org.apache.catalina.util.LifecycleBase - Setting state for [StandardEngine[Tomcat]] to [DESTROYED]
2026-06-07 22:47:25 DEBUG org.apache.catalina.util.LifecycleBase - Setting state for [StandardService[Tomcat]] to [DESTROYED]
2026-06-07 22:47:25 DEBUG org.apache.catalina.util.LifecycleBase - Setting state for [org.apache.catalina.deploy.NamingResourcesImpl@4aa31ffc] to [DESTROYING]
2026-06-07 22:47:25 DEBUG org.apache.catalina.util.LifecycleBase - Setting state for [org.apache.catalina.deploy.NamingResourcesImpl@4aa31ffc] to [DESTROYED]
2026-06-07 22:47:25 DEBUG org.apache.catalina.util.LifecycleBase - Setting state for [StandardServer[-1]] to [DESTROYED]
2026-06-07 22:47:25 DEBUG org.springframework.boot.autoconfigure.logging.ConditionEvaluationReportLogger - 


============================
CONDITIONS EVALUATION REPORT
============================


Positive matches:
-----------------

   AopAutoConfiguration matched:
      - @ConditionalOnBooleanProperty (spring.aop.auto=true) matched (OnPropertyCondition)

   AopAutoConfiguration.AspectJAutoProxyingConfiguration matched:
      - @ConditionalOnClass found required class 'org.aspectj.weaver.Advice' (OnClassCondition)

   AopAutoConfiguration.AspectJAutoProxyingConfiguration.CglibAutoProxyConfiguration matched:
      - @ConditionalOnBooleanProperty (spring.aop.proxy-target-class=true) matched (OnPropertyCondition)

   ApplicationAvailabilityAutoConfiguration#applicationAvailability matched:
      - @ConditionalOnMissingBean (types: org.springframework.boot.availability.ApplicationAvailability; SearchStrategy: all) did not find any beans (OnBeanCondition)

   DataJpaRepositoriesAutoConfiguration matched:
      - @ConditionalOnClass found required class 'org.springframework.data.jpa.repository.JpaRepository' (OnClassCondition)
      - @ConditionalOnBooleanProperty (spring.data.jpa.repositories.enabled=true) matched (OnPropertyCondition)
      - @ConditionalOnBean (types: javax.sql.DataSource; SearchStrategy: all) found bean 'dataSource'; @ConditionalOnMissingBean (types: org.springframework.data.jpa.repository.support.JpaRepositoryFactoryBean,org.springframework.data.jpa.repository.config.JpaRepositoryConfigExtension; SearchStrategy: all) did not find any beans (OnBeanCondition)

   DataSourceAutoConfiguration matched:
      - @ConditionalOnClass found required classes 'javax.sql.DataSource', 'org.springframework.jdbc.datasource.embedded.EmbeddedDatabaseType' (OnClassCondition)
      - @ConditionalOnMissingBean (types: io.r2dbc.spi.ConnectionFactory; SearchStrategy: all) did not find any beans (OnBeanCondition)

   DataSourceAutoConfiguration.PooledDataSourceConfiguration matched:
      - AnyNestedCondition 1 matched 1 did not; NestedCondition on DataSourceAutoConfiguration.PooledDataSourceCondition.PooledDataSourceAvailable PooledDataSource found supported DataSource; NestedCondition on DataSourceAutoConfiguration.PooledDataSourceCondition.ExplicitType @ConditionalOnProperty (spring.datasource.type) did not find property 'spring.datasource.type' (DataSourceAutoConfiguration.PooledDataSourceCondition)
      - @ConditionalOnMissingBean (types: javax.sql.DataSource,javax.sql.XADataSource; SearchStrategy: all) did not find any beans (OnBeanCondition)

   DataSourceAutoConfiguration.PooledDataSourceConfiguration#jdbcConnectionDetails matched:
      - @ConditionalOnMissingBean (types: org.springframework.boot.jdbc.autoconfigure.JdbcConnectionDetails; SearchStrategy: all) did not find any beans (OnBeanCondition)

   DataSourceConfiguration.Hikari matched:
      - @ConditionalOnClass found required class 'com.zaxxer.hikari.HikariDataSource' (OnClassCondition)
      - @ConditionalOnProperty (spring.datasource.type=com.zaxxer.hikari.HikariDataSource) matched (OnPropertyCondition)
      - @ConditionalOnMissingBean (types: javax.sql.DataSource; SearchStrategy: all) did not find any beans (OnBeanCondition)

   DataSourceInitializationAutoConfiguration matched:
      - @ConditionalOnClass found required class 'org.springframework.jdbc.datasource.init.DatabasePopulator' (OnClassCondition)
      - SQL InitializationDatabase Initialization default value is EMBEDDED (OnSqlInitializationCondition)
      - @ConditionalOnSingleCandidate (types: javax.sql.DataSource; SearchStrategy: all) found a single bean 'dataSource'; @ConditionalOnMissingBean (types: org.springframework.boot.sql.autoconfigure.init.ApplicationScriptDatabaseInitializer; SearchStrategy: all) did not find any beans (OnBeanCondition)

   DataSourceJmxConfiguration matched:
      - @ConditionalOnBooleanProperty (spring.jmx.enabled=true) matched (OnPropertyCondition)

   DataSourceJmxConfiguration.Hikari matched:
      - @ConditionalOnClass found required class 'com.zaxxer.hikari.HikariDataSource' (OnClassCondition)
      - @ConditionalOnSingleCandidate (types: javax.sql.DataSource; SearchStrategy: all) found a single bean 'dataSource' (OnBeanCondition)

   DataSourcePoolMetadataProvidersConfiguration.HikariPoolDataSourceMetadataProviderConfiguration matched:
      - @ConditionalOnClass found required class 'com.zaxxer.hikari.HikariDataSource' (OnClassCondition)

   DataSourceTransactionManagerAutoConfiguration matched:
      - @ConditionalOnClass found required classes 'javax.sql.DataSource', 'org.springframework.jdbc.core.JdbcTemplate', 'org.springframework.transaction.TransactionManager' (OnClassCondition)

   DataSourceTransactionManagerAutoConfiguration.JdbcTransactionManagerConfiguration matched:
      - @ConditionalOnSingleCandidate (types: javax.sql.DataSource; SearchStrategy: all) found a single bean 'dataSource' (OnBeanCondition)

   DataWebAutoConfiguration matched:
      - @ConditionalOnClass found required classes 'org.springframework.data.web.PageableHandlerMethodArgumentResolver', 'org.springframework.web.servlet.config.annotation.WebMvcConfigurer' (OnClassCondition)
      - found 'session' scope (OnWebApplicationCondition)
      - @ConditionalOnMissingBean (types: org.springframework.data.web.PageableHandlerMethodArgumentResolver; SearchStrategy: all) did not find any beans (OnBeanCondition)

   DataWebAutoConfiguration#pageableCustomizer matched:
      - @ConditionalOnMissingBean (types: org.springframework.data.web.config.PageableHandlerMethodArgumentResolverCustomizer; SearchStrategy: all) did not find any beans (OnBeanCondition)

   DataWebAutoConfiguration#sortCustomizer matched:
      - @ConditionalOnMissingBean (types: org.springframework.data.web.config.SortHandlerMethodArgumentResolverCustomizer; SearchStrategy: all) did not find any beans (OnBeanCondition)

   DataWebAutoConfiguration#springDataWebSettings matched:
      - @ConditionalOnMissingBean (types: org.springframework.data.web.config.SpringDataWebSettings; SearchStrategy: all) did not find any beans (OnBeanCondition)

   DispatcherServletAutoConfiguration matched:
      - @ConditionalOnClass found required class 'org.springframework.web.servlet.DispatcherServlet' (OnClassCondition)
      - found 'session' scope (OnWebApplicationCondition)

   DispatcherServletAutoConfiguration.DispatcherServletConfiguration matched:
      - @ConditionalOnClass found required class 'jakarta.servlet.ServletRegistration' (OnClassCondition)
      - Default DispatcherServlet did not find dispatcher servlet beans (DispatcherServletAutoConfiguration.DefaultDispatcherServletCondition)

   DispatcherServletAutoConfiguration.DispatcherServletRegistrationConfiguration matched:
      - @ConditionalOnClass found required class 'jakarta.servlet.ServletRegistration' (OnClassCondition)
      - DispatcherServlet Registration did not find servlet registration bean (DispatcherServletAutoConfiguration.DispatcherServletRegistrationCondition)

   DispatcherServletAutoConfiguration.DispatcherServletRegistrationConfiguration#dispatcherServletRegistration matched:
      - @ConditionalOnBean (names: dispatcherServlet types: org.springframework.web.servlet.DispatcherServlet; SearchStrategy: all) found bean 'dispatcherServlet' (OnBeanCondition)

   ErrorMvcAutoConfiguration matched:
      - @ConditionalOnClass found required classes 'jakarta.servlet.Servlet', 'org.springframework.web.servlet.DispatcherServlet' (OnClassCondition)
      - found 'session' scope (OnWebApplicationCondition)

   ErrorMvcAutoConfiguration#basicErrorController matched:
      - @ConditionalOnMissingBean (types: org.springframework.boot.webmvc.error.ErrorController; SearchStrategy: current) did not find any beans (OnBeanCondition)

   ErrorMvcAutoConfiguration#errorAttributes matched:
      - @ConditionalOnMissingBean (types: org.springframework.boot.webmvc.error.ErrorAttributes; SearchStrategy: current) did not find any beans (OnBeanCondition)

   ErrorMvcAutoConfiguration.DefaultErrorViewResolverConfiguration#conventionErrorViewResolver matched:
      - @ConditionalOnBean (types: org.springframework.web.servlet.DispatcherServlet; SearchStrategy: all) found bean 'dispatcherServlet'; @ConditionalOnMissingBean (types: org.springframework.boot.webmvc.autoconfigure.error.ErrorViewResolver; SearchStrategy: all) did not find any beans (OnBeanCondition)

   ErrorMvcAutoConfiguration.WhitelabelErrorViewConfiguration matched:
      - @ConditionalOnBooleanProperty (spring.web.error.whitelabel.enabled=true) matched (OnPropertyCondition)
      - ErrorTemplate Missing did not find error template view (ErrorMvcAutoConfiguration.ErrorTemplateMissingCondition)

   ErrorMvcAutoConfiguration.WhitelabelErrorViewConfiguration#beanNameViewResolver matched:
      - @ConditionalOnMissingBean (types: org.springframework.web.servlet.view.BeanNameViewResolver; SearchStrategy: all) did not find any beans (OnBeanCondition)

   ErrorMvcAutoConfiguration.WhitelabelErrorViewConfiguration#defaultErrorView matched:
      - @ConditionalOnMissingBean (names: error; SearchStrategy: all) did not find any beans (OnBeanCondition)

   HibernateJpaAutoConfiguration matched:
      - @ConditionalOnClass found required classes 'org.springframework.orm.jpa.LocalContainerEntityManagerFactoryBean', 'jakarta.persistence.EntityManager', 'org.hibernate.engine.spi.SessionImplementor' (OnClassCondition)

   HibernateJpaConfiguration matched:
      - @ConditionalOnSingleCandidate (types: javax.sql.DataSource; SearchStrategy: all) found a single bean 'dataSource' (OnBeanCondition)

   HttpEncodingAutoConfiguration matched:
      - @ConditionalOnClass found required class 'org.springframework.web.filter.CharacterEncodingFilter' (OnClassCondition)
      - found 'session' scope (OnWebApplicationCondition)
      - @ConditionalOnBooleanProperty (spring.servlet.encoding.enabled=true) matched (OnPropertyCondition)

   HttpEncodingAutoConfiguration#characterEncodingFilter matched:
      - @ConditionalOnMissingBean (types: org.springframework.web.filter.CharacterEncodingFilter; SearchStrategy: all) did not find any beans (OnBeanCondition)

   HttpMessageConvertersAutoConfiguration matched:
      - @ConditionalOnClass found required class 'org.springframework.http.converter.HttpMessageConverter' (OnClassCondition)
      - NoneNestedConditions 0 matched 1 did not; NestedCondition on HttpMessageConvertersAutoConfiguration.NotReactiveWebApplicationCondition.ReactiveWebApplication did not find reactive web application classes (HttpMessageConvertersAutoConfiguration.NotReactiveWebApplicationCondition)

   HttpMessageConvertersAutoConfiguration.StringHttpMessageConverterConfiguration#stringHttpMessageConvertersCustomizer matched:
      - @ConditionalOnMissingBean (types: org.springframework.http.converter.StringHttpMessageConverter; SearchStrategy: all) did not find any beans (OnBeanCondition)

   JacksonAutoConfiguration matched:
      - @ConditionalOnClass found required class 'tools.jackson.databind.json.JsonMapper' (OnClassCondition)

   JacksonAutoConfiguration#jacksonJsonMapper matched:
      - @ConditionalOnMissingBean (types: tools.jackson.databind.json.JsonMapper; SearchStrategy: all) did not find any beans (OnBeanCondition)

   JacksonAutoConfiguration#jsonMapperBuilder matched:
      - @ConditionalOnMissingBean (types: tools.jackson.databind.json.JsonMapper$Builder; SearchStrategy: all) did not find any beans (OnBeanCondition)

   JacksonAutoConfiguration.JsonProblemDetailsConfiguration matched:
      - @ConditionalOnClass found required class 'org.springframework.http.ProblemDetail' (OnClassCondition)

   JacksonHttpMessageConvertersConfiguration.JacksonJsonHttpMessageConverterConfiguration matched:
      - @ConditionalOnClass found required class 'tools.jackson.databind.json.JsonMapper' (OnClassCondition)
      - @ConditionalOnProperty (spring.http.converters.preferred-json-mapper=jackson) matched (OnPropertyCondition)
      - @ConditionalOnBean (types: tools.jackson.databind.json.JsonMapper; SearchStrategy: all) found bean 'jacksonJsonMapper' (OnBeanCondition)

   JacksonHttpMessageConvertersConfiguration.JacksonJsonHttpMessageConverterConfiguration#jacksonJsonHttpMessageConvertersCustomizer matched:
      - @ConditionalOnMissingBean (types: org.springframework.http.converter.json.JacksonJsonHttpMessageConverter ignored: org.springframework.hateoas.server.mvc.TypeConstrainedJacksonJsonHttpMessageConverter,org.springframework.data.rest.webmvc.alps.AlpsJacksonJsonHttpMessageConverter; SearchStrategy: all) did not find any beans (OnBeanCondition)

   JdbcClientAutoConfiguration matched:
      - @ConditionalOnSingleCandidate (types: org.springframework.jdbc.core.namedparam.NamedParameterJdbcTemplate; SearchStrategy: all) found a single bean 'namedParameterJdbcTemplate'; @ConditionalOnMissingBean (types: org.springframework.jdbc.core.simple.JdbcClient; SearchStrategy: all) did not find any beans (OnBeanCondition)

   JdbcTemplateAutoConfiguration matched:
      - @ConditionalOnClass found required classes 'javax.sql.DataSource', 'org.springframework.jdbc.core.JdbcTemplate' (OnClassCondition)
      - @ConditionalOnSingleCandidate (types: javax.sql.DataSource; SearchStrategy: all) found a single bean 'dataSource' (OnBeanCondition)

   JdbcTemplateConfiguration matched:
      - @ConditionalOnMissingBean (types: org.springframework.jdbc.core.JdbcOperations; SearchStrategy: all) did not find any beans (OnBeanCondition)

   JmxAutoConfiguration matched:
      - @ConditionalOnClass found required class 'org.springframework.jmx.export.MBeanExporter' (OnClassCondition)
      - @ConditionalOnBooleanProperty (spring.jmx.enabled=true) matched (OnPropertyCondition)

   JmxAutoConfiguration#mbeanExporter matched:
      - @ConditionalOnMissingBean (types: org.springframework.jmx.export.MBeanExporter; SearchStrategy: current) did not find any beans (OnBeanCondition)

   JmxAutoConfiguration#mbeanServer matched:
      - @ConditionalOnMissingBean (types: javax.management.MBeanServer; SearchStrategy: all) did not find any beans (OnBeanCondition)

   JmxAutoConfiguration#objectNamingStrategy matched:
      - @ConditionalOnMissingBean (types: org.springframework.jmx.export.naming.ObjectNamingStrategy; SearchStrategy: current) did not find any beans (OnBeanCondition)

   JpaBaseConfiguration#entityManagerFactory matched:
      - @ConditionalOnMissingBean (types: org.springframework.orm.jpa.LocalContainerEntityManagerFactoryBean,jakarta.persistence.EntityManagerFactory; SearchStrategy: all) did not find any beans (OnBeanCondition)

   JpaBaseConfiguration#entityManagerFactoryBuilder matched:
      - @ConditionalOnMissingBean (types: org.springframework.boot.jpa.EntityManagerFactoryBuilder; SearchStrategy: all) did not find any beans (OnBeanCondition)

   JpaBaseConfiguration#jpaVendorAdapter matched:
      - @ConditionalOnMissingBean (types: org.springframework.orm.jpa.JpaVendorAdapter; SearchStrategy: all) did not find any beans (OnBeanCondition)

   JpaBaseConfiguration#transactionManager matched:
      - @ConditionalOnMissingBean (types: org.springframework.transaction.TransactionManager; SearchStrategy: all) did not find any beans (OnBeanCondition)

   JpaBaseConfiguration.JpaWebConfiguration matched:
      - @ConditionalOnClass found required class 'org.springframework.web.servlet.config.annotation.WebMvcConfigurer' (OnClassCondition)
      - found 'session' scope (OnWebApplicationCondition)
      - @ConditionalOnBooleanProperty (spring.jpa.open-in-view=true) matched (OnPropertyCondition)
      - @ConditionalOnMissingBean (types: org.springframework.orm.jpa.support.OpenEntityManagerInViewInterceptor,org.springframework.orm.jpa.support.OpenEntityManagerInViewFilter; SearchStrategy: all) did not find any beans (OnBeanCondition)

   JpaBaseConfiguration.PersistenceManagedTypesConfiguration matched:
      - @ConditionalOnMissingBean (types: org.springframework.orm.jpa.LocalContainerEntityManagerFactoryBean,jakarta.persistence.EntityManagerFactory; SearchStrategy: all) did not find any beans (OnBeanCondition)

   JpaBaseConfiguration.PersistenceManagedTypesConfiguration#persistenceManagedTypes matched:
      - @ConditionalOnMissingBean (types: org.springframework.orm.jpa.persistenceunit.PersistenceManagedTypes; SearchStrategy: all) did not find any beans (OnBeanCondition)

   JtaAutoConfiguration matched:
      - @ConditionalOnClass found required class 'jakarta.transaction.Transaction' (OnClassCondition)
      - @ConditionalOnBooleanProperty (spring.jta.enabled=true) matched (OnPropertyCondition)

   LifecycleAutoConfiguration#defaultLifecycleProcessor matched:
      - @ConditionalOnMissingBean (names: lifecycleProcessor; SearchStrategy: current) did not find any beans (OnBeanCondition)

   MultipartAutoConfiguration matched:
      - @ConditionalOnClass found required classes 'jakarta.servlet.Servlet', 'org.springframework.web.multipart.support.StandardServletMultipartResolver', 'jakarta.servlet.MultipartConfigElement' (OnClassCondition)
      - found 'session' scope (OnWebApplicationCondition)
      - @ConditionalOnBooleanProperty (spring.servlet.multipart.enabled=true) matched (OnPropertyCondition)

   MultipartAutoConfiguration#multipartConfigElement matched:
      - @ConditionalOnMissingBean (types: jakarta.servlet.MultipartConfigElement; SearchStrategy: all) did not find any beans (OnBeanCondition)

   MultipartAutoConfiguration#multipartResolver matched:
      - @ConditionalOnMissingBean (types: org.springframework.web.multipart.MultipartResolver; SearchStrategy: all) did not find any beans (OnBeanCondition)

   MybatisAutoConfiguration matched:
      - @ConditionalOnClass found required classes 'org.apache.ibatis.session.SqlSessionFactory', 'org.mybatis.spring.SqlSessionFactoryBean' (OnClassCondition)
      - @ConditionalOnSingleCandidate (types: javax.sql.DataSource; SearchStrategy: all) found a single bean 'dataSource' (OnBeanCondition)

   MybatisAutoConfiguration#sqlSessionFactory matched:
      - @ConditionalOnMissingBean (types: org.apache.ibatis.session.SqlSessionFactory; SearchStrategy: all) did not find any beans (OnBeanCondition)

   MybatisAutoConfiguration#sqlSessionTemplate matched:
      - @ConditionalOnMissingBean (types: org.mybatis.spring.SqlSessionTemplate; SearchStrategy: all) did not find any beans (OnBeanCondition)

   MybatisAutoConfiguration.MapperScannerRegistrarNotFoundConfiguration matched:
      - @ConditionalOnMissingBean (types: org.mybatis.spring.mapper.MapperFactoryBean,org.mybatis.spring.mapper.MapperScannerConfigurer; SearchStrategy: all) did not find any beans (OnBeanCondition)

   MybatisLanguageDriverAutoConfiguration matched:
      - @ConditionalOnClass found required class 'org.apache.ibatis.scripting.LanguageDriver' (OnClassCondition)

   NamedParameterJdbcTemplateConfiguration matched:
      - @ConditionalOnSingleCandidate (types: org.springframework.jdbc.core.JdbcTemplate; SearchStrategy: all) found a single bean 'jdbcTemplate'; @ConditionalOnMissingBean (types: org.springframework.jdbc.core.namedparam.NamedParameterJdbcOperations; SearchStrategy: all) did not find any beans (OnBeanCondition)

   PersistenceExceptionTranslationAutoConfiguration matched:
      - @ConditionalOnClass found required class 'org.springframework.dao.annotation.PersistenceExceptionTranslationPostProcessor' (OnClassCondition)

   PersistenceExceptionTranslationAutoConfiguration#persistenceExceptionTranslationPostProcessor matched:
      - @ConditionalOnBooleanProperty (spring.persistence.exceptiontranslation.enabled=true) matched (OnPropertyCondition)
      - @ConditionalOnMissingBean (types: org.springframework.dao.annotation.PersistenceExceptionTranslationPostProcessor; SearchStrategy: all) did not find any beans (OnBeanCondition)

   PropertyPlaceholderAutoConfiguration#propertySourcesPlaceholderConfigurer matched:
      - @ConditionalOnMissingBean (types: org.springframework.context.support.PropertySourcesPlaceholderConfigurer; SearchStrategy: current) did not find any beans (OnBeanCondition)

   SpringApplicationAdminJmxAutoConfiguration matched:
      - @ConditionalOnBooleanProperty (spring.application.admin.enabled=true) matched (OnPropertyCondition)

   SpringApplicationAdminJmxAutoConfiguration#springApplicationAdminRegistrar matched:
      - @ConditionalOnMissingBean (types: org.springframework.boot.admin.SpringApplicationAdminMXBeanRegistrar; SearchStrategy: all) did not find any beans (OnBeanCondition)

   SslAutoConfiguration#sslBundleRegistry matched:
      - @ConditionalOnMissingBean (types: org.springframework.boot.ssl.SslBundleRegistry,org.springframework.boot.ssl.SslBundles; SearchStrategy: all) did not find any beans (OnBeanCondition)

   TaskExecutionAutoConfiguration matched:
      - @ConditionalOnClass found required class 'org.springframework.scheduling.concurrent.ThreadPoolTaskExecutor' (OnClassCondition)

   TaskExecutorConfigurations.AsyncConfigurerConfiguration matched:
      - @ConditionalOnMissingBean (types: org.springframework.scheduling.annotation.AsyncConfigurer; SearchStrategy: all) did not find any beans (OnBeanCondition)

   TaskExecutorConfigurations.SimpleAsyncTaskExecutorBuilderConfiguration#simpleAsyncTaskExecutorBuilder matched:
      - @ConditionalOnMissingBean (types: org.springframework.boot.task.SimpleAsyncTaskExecutorBuilder; SearchStrategy: all) did not find any beans (OnBeanCondition)
      - @ConditionalOnThreading found PLATFORM (OnThreadingCondition)

   TaskExecutorConfigurations.TaskExecutorConfiguration matched:
      - AnyNestedCondition 1 matched 1 did not; NestedCondition on TaskExecutorConfigurations.OnExecutorCondition.ModelCondition @ConditionalOnProperty (spring.task.execution.mode=force) did not find property 'spring.task.execution.mode'; NestedCondition on TaskExecutorConfigurations.OnExecutorCondition.ExecutorBeanCondition @ConditionalOnMissingBean (types: java.util.concurrent.Executor; SearchStrategy: all) did not find any beans (TaskExecutorConfigurations.OnExecutorCondition)

   TaskExecutorConfigurations.TaskExecutorConfiguration#applicationTaskExecutor matched:
      - @ConditionalOnThreading found PLATFORM (OnThreadingCondition)

   TaskExecutorConfigurations.ThreadPoolTaskExecutorBuilderConfiguration#threadPoolTaskExecutorBuilder matched:
      - @ConditionalOnMissingBean (types: org.springframework.boot.task.ThreadPoolTaskExecutorBuilder; SearchStrategy: all) did not find any beans (OnBeanCondition)

   TaskSchedulingAutoConfiguration matched:
      - @ConditionalOnClass found required class 'org.springframework.scheduling.concurrent.ThreadPoolTaskScheduler' (OnClassCondition)

   TaskSchedulingConfigurations.SimpleAsyncTaskSchedulerBuilderConfiguration#simpleAsyncTaskSchedulerBuilder matched:
      - @ConditionalOnMissingBean (types: org.springframework.boot.task.SimpleAsyncTaskSchedulerBuilder; SearchStrategy: all) did not find any beans (OnBeanCondition)
      - @ConditionalOnThreading found PLATFORM (OnThreadingCondition)

   TaskSchedulingConfigurations.ThreadPoolTaskSchedulerBuilderConfiguration#threadPoolTaskSchedulerBuilder matched:
      - @ConditionalOnMissingBean (types: org.springframework.boot.task.ThreadPoolTaskSchedulerBuilder; SearchStrategy: all) did not find any beans (OnBeanCondition)

   TomcatServletWebServerAutoConfiguration matched:
      - @ConditionalOnClass found required classes 'jakarta.servlet.ServletRequest', 'org.apache.catalina.startup.Tomcat', 'org.apache.coyote.UpgradeProtocol', 'org.springframework.boot.tomcat.servlet.TomcatServletWebServerFactory' (OnClassCondition)
      - found 'session' scope (OnWebApplicationCondition)

   TomcatServletWebServerAutoConfiguration#tomcatServletWebServerFactory matched:
      - @ConditionalOnMissingBean (types: org.springframework.boot.web.server.servlet.ServletWebServerFactory; SearchStrategy: current) did not find any beans (OnBeanCondition)

   TomcatWebServerConfiguration matched:
      - @ConditionalOnWarDeployment the application is not deployed as a WAR file. (OnWarDeploymentCondition)

   TomcatWebServerConfiguration.TomcatWebSocketConfiguration matched:
      - @ConditionalOnClass found required class 'org.apache.tomcat.websocket.server.WsSci' (OnClassCondition)

   TransactionAutoConfiguration matched:
      - @ConditionalOnClass found required class 'org.springframework.transaction.PlatformTransactionManager' (OnClassCondition)

   TransactionAutoConfiguration.EnableTransactionManagementConfiguration matched:
      - @ConditionalOnBean (types: org.springframework.transaction.TransactionManager; SearchStrategy: all) found bean 'transactionManager'; @ConditionalOnMissingBean (types: org.springframework.transaction.annotation.AbstractTransactionManagementConfiguration; SearchStrategy: all) did not find any beans (OnBeanCondition)

   TransactionAutoConfiguration.EnableTransactionManagementConfiguration.CglibAutoProxyConfiguration matched:
      - @ConditionalOnBooleanProperty (spring.aop.proxy-target-class=true) matched (OnPropertyCondition)

   TransactionAutoConfiguration.TransactionTemplateConfiguration matched:
      - @ConditionalOnSingleCandidate (types: org.springframework.transaction.PlatformTransactionManager; SearchStrategy: all) found a single bean 'transactionManager' (OnBeanCondition)

   TransactionAutoConfiguration.TransactionTemplateConfiguration#transactionTemplate matched:
      - @ConditionalOnMissingBean (types: org.springframework.transaction.support.TransactionOperations; SearchStrategy: all) did not find any beans (OnBeanCondition)

   TransactionManagerCustomizationAutoConfiguration matched:
      - @ConditionalOnClass found required class 'org.springframework.transaction.PlatformTransactionManager' (OnClassCondition)

   TransactionManagerCustomizationAutoConfiguration#platformTransactionManagerCustomizers matched:
      - @ConditionalOnMissingBean (types: org.springframework.boot.transaction.autoconfigure.TransactionManagerCustomizers; SearchStrategy: all) did not find any beans (OnBeanCondition)

   WebMvcAutoConfiguration matched:
      - @ConditionalOnClass found required classes 'jakarta.servlet.Servlet', 'org.springframework.web.servlet.DispatcherServlet', 'org.springframework.web.servlet.config.annotation.WebMvcConfigurer' (OnClassCondition)
      - found 'session' scope (OnWebApplicationCondition)
      - @ConditionalOnMissingBean (types: org.springframework.web.servlet.config.annotation.WebMvcConfigurationSupport; SearchStrategy: all) did not find any beans (OnBeanCondition)

   WebMvcAutoConfiguration#formContentFilter matched:
      - @ConditionalOnBooleanProperty (spring.mvc.formcontent.filter.enabled=true) matched (OnPropertyCondition)
      - @ConditionalOnMissingBean (types: org.springframework.web.filter.FormContentFilter; SearchStrategy: all) did not find any beans (OnBeanCondition)

   WebMvcAutoConfiguration.EnableWebMvcConfiguration#flashMapManager matched:
      - @ConditionalOnMissingBean (names: flashMapManager; SearchStrategy: all) did not find any beans (OnBeanCondition)

   WebMvcAutoConfiguration.EnableWebMvcConfiguration#localeResolver matched:
      - @ConditionalOnMissingBean (names: localeResolver; SearchStrategy: all) did not find any beans (OnBeanCondition)

   WebMvcAutoConfiguration.EnableWebMvcConfiguration#viewNameTranslator matched:
      - @ConditionalOnMissingBean (names: viewNameTranslator; SearchStrategy: all) did not find any beans (OnBeanCondition)

   WebMvcAutoConfiguration.WebMvcAutoConfigurationAdapter#defaultViewResolver matched:
      - @ConditionalOnMissingBean (types: org.springframework.web.servlet.view.InternalResourceViewResolver; SearchStrategy: all) did not find any beans (OnBeanCondition)

   WebMvcAutoConfiguration.WebMvcAutoConfigurationAdapter#requestContextFilter matched:
      - @ConditionalOnMissingBean (types: org.springframework.web.context.request.RequestContextListener,org.springframework.web.filter.RequestContextFilter; SearchStrategy: all) did not find any beans (OnBeanCondition)

   WebMvcAutoConfiguration.WebMvcAutoConfigurationAdapter#viewResolver matched:
      - @ConditionalOnBean (types: org.springframework.web.servlet.ViewResolver; SearchStrategy: all) found beans 'defaultViewResolver', 'beanNameViewResolver', 'mvcViewResolver'; @ConditionalOnMissingBean (names: viewResolver types: org.springframework.web.servlet.view.ContentNegotiatingViewResolver; SearchStrategy: all) did not find any beans (OnBeanCondition)


Negative matches:
-----------------

   AopAutoConfiguration.AspectJAutoProxyingConfiguration.JdkDynamicAutoProxyConfiguration:
      Did not match:
         - @ConditionalOnBooleanProperty (spring.aop.proxy-target-class=false) did not find property 'spring.aop.proxy-target-class' (OnPropertyCondition)

   AopAutoConfiguration.ClassProxyingConfiguration:
      Did not match:
         - @ConditionalOnMissingClass found unwanted class 'org.aspectj.weaver.Advice' (OnClassCondition)

   DataJpaRepositoriesAutoConfiguration#entityManagerFactoryBootstrapExecutorCustomizer:
      Did not match:
         - AnyNestedCondition 0 matched 2 did not; NestedCondition on DataJpaRepositoriesAutoConfiguration.BootstrapExecutorCondition.LazyBootstrapMode @ConditionalOnProperty (spring.data.jpa.repositories.bootstrap-mode=lazy) did not find property 'spring.data.jpa.repositories.bootstrap-mode'; NestedCondition on DataJpaRepositoriesAutoConfiguration.BootstrapExecutorCondition.DeferredBootstrapMode @ConditionalOnProperty (spring.data.jpa.repositories.bootstrap-mode=deferred) did not find property 'spring.data.jpa.repositories.bootstrap-mode' (DataJpaRepositoriesAutoConfiguration.BootstrapExecutorCondition)

   DataRepositoryMetricsAutoConfiguration:
      Did not match:
         - @ConditionalOnBean did not find required type 'io.micrometer.core.instrument.MeterRegistry' (OnBeanCondition)

   DataSourceAutoConfiguration.EmbeddedDatabaseConfiguration:
      Did not match:
         - EmbeddedDataSource found supported pooled data source (DataSourceAutoConfiguration.EmbeddedDatabaseCondition)

   DataSourceCheckpointRestoreConfiguration:
      Did not match:
         - @ConditionalOnClass did not find required class 'org.crac.Resource' (OnClassCondition)

   DataSourceConfiguration.Dbcp2:
      Did not match:
         - @ConditionalOnClass did not find required class 'org.apache.commons.dbcp2.BasicDataSource' (OnClassCondition)

   DataSourceConfiguration.Generic:
      Did not match:
         - @ConditionalOnProperty (spring.datasource.type) did not find property 'spring.datasource.type' (OnPropertyCondition)

   DataSourceConfiguration.OracleUcp:
      Did not match:
         - @ConditionalOnClass did not find required classes 'oracle.ucp.jdbc.PoolDataSourceImpl', 'oracle.jdbc.OracleConnection' (OnClassCondition)

   DataSourceConfiguration.Tomcat:
      Did not match:
         - @ConditionalOnClass did not find required class 'org.apache.tomcat.jdbc.pool.DataSource' (OnClassCondition)

   DataSourceHealthContributorAutoConfiguration:
      Did not match:
         - @ConditionalOnClass did not find required class 'org.springframework.boot.health.autoconfigure.contributor.ConditionalOnEnabledHealthIndicator' (OnClassCondition)

   DataSourceJmxConfiguration.TomcatDataSourceJmxConfiguration:
      Did not match:
         - @ConditionalOnClass did not find required class 'org.apache.tomcat.jdbc.pool.DataSourceProxy' (OnClassCondition)

   DataSourcePoolMetadataProvidersConfiguration.CommonsDbcp2PoolDataSourceMetadataProviderConfiguration:
      Did not match:
         - @ConditionalOnClass did not find required class 'org.apache.commons.dbcp2.BasicDataSource' (OnClassCondition)

   DataSourcePoolMetadataProvidersConfiguration.OracleUcpPoolDataSourceMetadataProviderConfiguration:
      Did not match:
         - @ConditionalOnClass did not find required classes 'oracle.ucp.jdbc.PoolDataSource', 'oracle.jdbc.OracleConnection' (OnClassCondition)

   DataSourcePoolMetadataProvidersConfiguration.TomcatDataSourcePoolMetadataProviderConfiguration:
      Did not match:
         - @ConditionalOnClass did not find required class 'org.apache.tomcat.jdbc.pool.DataSource' (OnClassCondition)

   DataSourcePoolMetricsAutoConfiguration:
      Did not match:
         - @ConditionalOnClass did not find required class 'io.micrometer.core.instrument.MeterRegistry' (OnClassCondition)

   DataSourceTransactionManagerAutoConfiguration.JdbcTransactionManagerConfiguration#transactionManager:
      Did not match:
         - @ConditionalOnMissingBean (types: org.springframework.transaction.TransactionManager; SearchStrategy: all) found beans of type 'org.springframework.transaction.TransactionManager' transactionManager (OnBeanCondition)

   DispatcherServletAutoConfiguration.DispatcherServletConfiguration#multipartResolver:
      Did not match:
         - @ConditionalOnBean (types: org.springframework.web.multipart.MultipartResolver; SearchStrategy: all) did not find any beans of type org.springframework.web.multipart.MultipartResolver (OnBeanCondition)

   GsonHttpMessageConvertersConfiguration:
      Did not match:
         - @ConditionalOnClass did not find required class 'com.google.gson.Gson' (OnClassCondition)

   HibernateMetricsAutoConfiguration:
      Did not match:
         - @ConditionalOnClass did not find required class 'io.micrometer.core.instrument.MeterRegistry' (OnClassCondition)

   Jackson2HttpMessageConvertersConfiguration.MappingJackson2HttpMessageConverterConfiguration:
      Did not match:
         - @ConditionalOnClass did not find required class 'com.fasterxml.jackson.databind.ObjectMapper' (OnClassCondition)

   Jackson2HttpMessageConvertersConfiguration.MappingJackson2XmlHttpMessageConverterConfiguration:
      Did not match:
         - @ConditionalOnClass did not find required class 'com.fasterxml.jackson.dataformat.xml.XmlMapper' (OnClassCondition)

   JacksonAutoConfiguration.CborConfiguration:
      Did not match:
         - @ConditionalOnClass did not find required class 'tools.jackson.dataformat.cbor.CBORMapper' (OnClassCondition)

   JacksonAutoConfiguration.XmlConfiguration:
      Did not match:
         - @ConditionalOnClass did not find required class 'tools.jackson.dataformat.xml.XmlMapper' (OnClassCondition)

   JacksonHttpMessageConvertersConfiguration.JacksonXmlHttpMessageConverterConfiguration:
      Did not match:
         - @ConditionalOnClass did not find required class 'tools.jackson.dataformat.xml.XmlMapper' (OnClassCondition)

   JndiDataSourceAutoConfiguration:
      Did not match:
         - @ConditionalOnProperty (spring.datasource.jndi-name) did not find property 'spring.datasource.jndi-name' (OnPropertyCondition)
      Matched:
         - @ConditionalOnClass found required classes 'javax.sql.DataSource', 'org.springframework.jdbc.datasource.embedded.EmbeddedDatabaseType' (OnClassCondition)

   JndiJtaConfiguration:
      Did not match:
         - @ConditionalOnJndi JNDI environment is not available (OnJndiCondition)
      Matched:
         - @ConditionalOnClass found required class 'org.springframework.transaction.jta.JtaTransactionManager' (OnClassCondition)

   JsonbHttpMessageConvertersConfiguration:
      Did not match:
         - @ConditionalOnClass did not find required class 'jakarta.json.bind.Jsonb' (OnClassCondition)

   KotlinSerializationHttpMessageConvertersConfiguration:
      Did not match:
         - @ConditionalOnClass did not find required classes 'kotlinx.serialization.Serializable', 'kotlinx.serialization.json.Json' (OnClassCondition)

   MessageSourceAutoConfiguration:
      Did not match:
         - ResourceBundle did not find bundle with basename messages (MessageSourceAutoConfiguration.ResourceBundleCondition)

   MybatisLanguageDriverAutoConfiguration.FreeMarkerConfiguration:
      Did not match:
         - @ConditionalOnClass did not find required classes 'org.mybatis.scripting.freemarker.FreeMarkerLanguageDriver', 'org.mybatis.scripting.freemarker.FreeMarkerLanguageDriverConfig' (OnClassCondition)

   MybatisLanguageDriverAutoConfiguration.LegacyFreeMarkerConfiguration:
      Did not match:
         - @ConditionalOnClass did not find required class 'org.mybatis.scripting.freemarker.FreeMarkerLanguageDriver' (OnClassCondition)

   MybatisLanguageDriverAutoConfiguration.LegacyVelocityConfiguration:
      Did not match:
         - @ConditionalOnClass did not find required class 'org.mybatis.scripting.velocity.Driver' (OnClassCondition)

   MybatisLanguageDriverAutoConfiguration.ThymeleafConfiguration:
      Did not match:
         - @ConditionalOnClass did not find required class 'org.mybatis.scripting.thymeleaf.ThymeleafLanguageDriver' (OnClassCondition)

   MybatisLanguageDriverAutoConfiguration.VelocityConfiguration:
      Did not match:
         - @ConditionalOnClass did not find required classes 'org.mybatis.scripting.velocity.VelocityLanguageDriver', 'org.mybatis.scripting.velocity.VelocityLanguageDriverConfig' (OnClassCondition)

   ProjectInfoAutoConfiguration#buildProperties:
      Did not match:
         - @ConditionalOnResource did not find resource '${spring.info.build.location:classpath:META-INF/build-info.properties}' (OnResourceCondition)

   ProjectInfoAutoConfiguration#gitProperties:
      Did not match:
         - GitResource did not find git info at classpath:git.properties (ProjectInfoAutoConfiguration.GitResourceAvailableCondition)

   ServletHttpExchangesAutoConfiguration:
      Did not match:
         - @ConditionalOnBean did not find required type 'org.springframework.boot.actuate.web.exchanges.HttpExchangeRepository' (OnBeanCondition)

   ServletManagementContextAutoConfiguration:
      Did not match:
         - @ConditionalOnClass did not find required class 'org.springframework.boot.actuate.autoconfigure.endpoint.web.WebEndpointProperties' (OnClassCondition)

   ServletMappingsAutoConfiguration:
      Did not match:
         - @ConditionalOnClass did not find required class 'org.springframework.boot.actuate.autoconfigure.endpoint.condition.ConditionalOnAvailableEndpoint' (OnClassCondition)

   ServletWebServerConfiguration#forwardedHeaderFilter:
      Did not match:
         - @ConditionalOnProperty (server.forward-headers-strategy=framework) did not find property 'server.forward-headers-strategy' (OnPropertyCondition)

   TaskExecutorConfigurations.AsyncConfigurerWrapperConfiguration:
      Did not match:
         - @ConditionalOnBean (types: org.springframework.scheduling.annotation.AsyncConfigurer; SearchStrategy: all) did not find any beans of type org.springframework.scheduling.annotation.AsyncConfigurer (OnBeanCondition)

   TaskExecutorConfigurations.SimpleAsyncTaskExecutorBuilderConfiguration#simpleAsyncTaskExecutorBuilderVirtualThreads:
      Did not match:
         - @ConditionalOnMissingBean (types: org.springframework.boot.task.SimpleAsyncTaskExecutorBuilder; SearchStrategy: all) found beans of type 'org.springframework.boot.task.SimpleAsyncTaskExecutorBuilder' simpleAsyncTaskExecutorBuilder (OnBeanCondition)

   TaskExecutorConfigurations.TaskExecutorConfiguration#applicationTaskExecutorVirtualThreads:
      Did not match:
         - @ConditionalOnThreading did not find VIRTUAL (OnThreadingCondition)

   TaskSchedulingAutoConfiguration#scheduledBeanLazyInitializationExcludeFilter:
      Did not match:
         - @ConditionalOnBean (names: org.springframework.scheduling.config.internalScheduledAnnotationProcessor; SearchStrategy: all) did not find any beans named org.springframework.scheduling.config.internalScheduledAnnotationProcessor (OnBeanCondition)

   TaskSchedulingConfigurations.SimpleAsyncTaskSchedulerBuilderConfiguration#simpleAsyncTaskSchedulerBuilderVirtualThreads:
      Did not match:
         - @ConditionalOnMissingBean (types: org.springframework.boot.task.SimpleAsyncTaskSchedulerBuilder; SearchStrategy: all) found beans of type 'org.springframework.boot.task.SimpleAsyncTaskSchedulerBuilder' simpleAsyncTaskSchedulerBuilder (OnBeanCondition)

   TaskSchedulingConfigurations.TaskSchedulerConfiguration:
      Did not match:
         - @ConditionalOnBean (names: org.springframework.scheduling.config.internalScheduledAnnotationProcessor; SearchStrategy: all) did not find any beans named org.springframework.scheduling.config.internalScheduledAnnotationProcessor (OnBeanCondition)

   TomcatMetricsAutoConfiguration:
      Did not match:
         - @ConditionalOnClass did not find required class 'io.micrometer.core.instrument.binder.tomcat.TomcatMetrics' (OnClassCondition)

   TomcatReactiveManagementContextAutoConfiguration:
      Did not match:
         - @ConditionalOnClass did not find required class 'org.springframework.boot.actuate.autoconfigure.web.server.ManagementContextFactory' (OnClassCondition)

   TomcatReactiveWebServerAutoConfiguration:
      Did not match:
         - @ConditionalOnWebApplication did not find reactive web application classes (OnWebApplicationCondition)

   TomcatServletManagementContextAutoConfiguration:
      Did not match:
         - @ConditionalOnClass did not find required class 'org.springframework.boot.actuate.autoconfigure.web.server.ManagementContextFactory' (OnClassCondition)

   TomcatServletWebServerAutoConfiguration#tomcatForwardedHeaderFilterCustomizer:
      Did not match:
         - @ConditionalOnProperty (server.forward-headers-strategy=framework) did not find property 'server.forward-headers-strategy' (OnPropertyCondition)

   TomcatWebServerConfiguration#tomcatVirtualThreadsProtocolHandlerCustomizer:
      Did not match:
         - @ConditionalOnThreading did not find VIRTUAL (OnThreadingCondition)

   TransactionAutoConfiguration#transactionalOperator:
      Did not match:
         - @ConditionalOnSingleCandidate (types: org.springframework.transaction.ReactiveTransactionManager; SearchStrategy: all) did not find any beans (OnBeanCondition)

   TransactionAutoConfiguration.AspectJTransactionManagementConfiguration:
      Did not match:
         - @ConditionalOnBean (types: org.springframework.transaction.aspectj.AbstractTransactionAspect; SearchStrategy: all) did not find any beans of type org.springframework.transaction.aspectj.AbstractTransactionAspect (OnBeanCondition)

   TransactionAutoConfiguration.EnableTransactionManagementConfiguration.JdkDynamicAutoProxyConfiguration:
      Did not match:
         - @ConditionalOnBooleanProperty (spring.aop.proxy-target-class=false) did not find property 'spring.aop.proxy-target-class' (OnPropertyCondition)

   WebMvcAutoConfiguration#hiddenHttpMethodFilter:
      Did not match:
         - @ConditionalOnBooleanProperty (spring.mvc.hiddenmethod.filter.enabled=true) did not find property 'spring.mvc.hiddenmethod.filter.enabled' (OnPropertyCondition)

   WebMvcAutoConfiguration.ProblemDetailsErrorHandlingConfiguration:
      Did not match:
         - @ConditionalOnBooleanProperty (spring.mvc.problemdetails.enabled=true) did not find property 'spring.mvc.problemdetails.enabled' (OnPropertyCondition)

   WebMvcAutoConfiguration.ResourceChainCustomizerConfiguration:
      Did not match:
         - @ConditionalOnEnabledResourceChain did not find class org.webjars.WebJarVersionLocator (OnEnabledResourceChainCondition)

   WebMvcAutoConfiguration.WebMvcAutoConfigurationAdapter#beanNameViewResolver:
      Did not match:
         - @ConditionalOnMissingBean (types: org.springframework.web.servlet.view.BeanNameViewResolver; SearchStrategy: all) found beans of type 'org.springframework.web.servlet.view.BeanNameViewResolver' beanNameViewResolver (OnBeanCondition)

   WebMvcHealthEndpointExtensionAutoConfiguration:
      Did not match:
         - @ConditionalOnClass did not find required class 'org.springframework.boot.health.actuate.endpoint.HealthEndpoint' (OnClassCondition)

   WebMvcMappingsAutoConfiguration:
      Did not match:
         - @ConditionalOnClass did not find required class 'org.springframework.boot.actuate.autoconfigure.endpoint.condition.ConditionalOnAvailableEndpoint' (OnClassCondition)

   WebMvcObservationAutoConfiguration:
      Did not match:
         - @ConditionalOnClass did not find required class 'org.springframework.boot.micrometer.observation.autoconfigure.ObservationProperties' (OnClassCondition)

   XADataSourceAutoConfiguration:
      Did not match:
         - @ConditionalOnBean (types: org.springframework.boot.jdbc.XADataSourceWrapper; SearchStrategy: all) did not find any beans of type org.springframework.boot.jdbc.XADataSourceWrapper (OnBeanCondition)
      Matched:
         - @ConditionalOnClass found required classes 'javax.sql.DataSource', 'jakarta.transaction.TransactionManager', 'org.springframework.jdbc.datasource.embedded.EmbeddedDatabaseType' (OnClassCondition)


Exclusions:
-----------

    None


Unconditional classes:
----------------------

    org.springframework.boot.autoconfigure.context.ConfigurationPropertiesAutoConfiguration

    org.springframework.boot.autoconfigure.ssl.SslAutoConfiguration

    org.springframework.boot.autoconfigure.context.LifecycleAutoConfiguration

    org.springframework.boot.autoconfigure.context.PropertyPlaceholderAutoConfiguration

    org.springframework.boot.autoconfigure.availability.ApplicationAvailabilityAutoConfiguration

    org.springframework.boot.autoconfigure.info.ProjectInfoAutoConfiguration



2026-06-07 22:47:25 DEBUG org.springframework.boot.diagnostics.LoggingFailureAnalysisReporter - Application failed to start due to an exception
org.springframework.boot.jdbc.autoconfigure.DataSourceProperties$DataSourceBeanCreationException: Failed to determine a suitable driver class
	at org.springframework.boot.jdbc.autoconfigure.DataSourceProperties.determineDriverClassName(DataSourceProperties.java:179)
	at org.springframework.boot.jdbc.autoconfigure.PropertiesJdbcConnectionDetails.getDriverClassName(PropertiesJdbcConnectionDetails.java:51)
	at org.springframework.boot.jdbc.autoconfigure.DataSourceConfiguration.createDataSource(DataSourceConfiguration.java:63)
	at org.springframework.boot.jdbc.autoconfigure.DataSourceConfiguration$Hikari.dataSource(DataSourceConfiguration.java:128)
	at java.base/jdk.internal.reflect.DirectMethodHandleAccessor.invoke(DirectMethodHandleAccessor.java:103)
	at java.base/java.lang.reflect.Method.invoke(Method.java:580)
	at org.springframework.beans.factory.support.SimpleInstantiationStrategy.lambda$instantiate$0(SimpleInstantiationStrategy.java:155)
	at org.springframework.beans.factory.support.SimpleInstantiationStrategy.instantiateWithFactoryMethod(SimpleInstantiationStrategy.java:72)
	at org.springframework.beans.factory.support.SimpleInstantiationStrategy.instantiate(SimpleInstantiationStrategy.java:152)
	at org.springframework.beans.factory.support.ConstructorResolver.instantiate(ConstructorResolver.java:653)
	at org.springframework.beans.factory.support.ConstructorResolver.instantiateUsingFactoryMethod(ConstructorResolver.java:645)
	at org.springframework.beans.factory.support.AbstractAutowireCapableBeanFactory.instantiateUsingFactoryMethod(AbstractAutowireCapableBeanFactory.java:1362)
	at org.springframework.beans.factory.support.AbstractAutowireCapableBeanFactory.createBeanInstance(AbstractAutowireCapableBeanFactory.java:1194)
	at org.springframework.beans.factory.support.AbstractAutowireCapableBeanFactory.doCreateBean(AbstractAutowireCapableBeanFactory.java:565)
	at org.springframework.beans.factory.support.AbstractAutowireCapableBeanFactory.createBean(AbstractAutowireCapableBeanFactory.java:525)
	at org.springframework.beans.factory.support.AbstractBeanFactory.lambda$doGetBean$0(AbstractBeanFactory.java:333)
	at org.springframework.beans.factory.support.DefaultSingletonBeanRegistry.getSingleton(DefaultSingletonBeanRegistry.java:371)
	at org.springframework.beans.factory.support.AbstractBeanFactory.doGetBean(AbstractBeanFactory.java:331)
	at org.springframework.beans.factory.support.AbstractBeanFactory.getBean(AbstractBeanFactory.java:201)
	at org.springframework.beans.factory.support.DefaultListableBeanFactory.resolveBean(DefaultListableBeanFactory.java:1225)
	at org.springframework.beans.factory.support.DefaultListableBeanFactory.doResolveDependency(DefaultListableBeanFactory.java:1704)
	at org.springframework.beans.factory.support.DefaultListableBeanFactory.resolveDependency(DefaultListableBeanFactory.java:1651)
	at org.springframework.beans.factory.support.ConstructorResolver.resolveAutowiredArgument(ConstructorResolver.java:912)
	at org.springframework.beans.factory.support.ConstructorResolver.createArgumentArray(ConstructorResolver.java:791)
	at org.springframework.beans.factory.support.ConstructorResolver.instantiateUsingFactoryMethod(ConstructorResolver.java:546)
	at org.springframework.beans.factory.support.AbstractAutowireCapableBeanFactory.instantiateUsingFactoryMethod(AbstractAutowireCapableBeanFactory.java:1362)
	at org.springframework.beans.factory.support.AbstractAutowireCapableBeanFactory.createBeanInstance(AbstractAutowireCapableBeanFactory.java:1194)
	at org.springframework.beans.factory.support.AbstractAutowireCapableBeanFactory.doCreateBean(AbstractAutowireCapableBeanFactory.java:565)
	at org.springframework.beans.factory.support.AbstractAutowireCapableBeanFactory.createBean(AbstractAutowireCapableBeanFactory.java:525)
	at org.springframework.beans.factory.support.AbstractBeanFactory.lambda$doGetBean$0(AbstractBeanFactory.java:333)
	at org.springframework.beans.factory.support.DefaultSingletonBeanRegistry.getSingleton(DefaultSingletonBeanRegistry.java:371)
	at org.springframework.beans.factory.support.AbstractBeanFactory.doGetBean(AbstractBeanFactory.java:331)
	at org.springframework.beans.factory.support.AbstractBeanFactory.getBean(AbstractBeanFactory.java:196)
	at org.springframework.beans.factory.support.AbstractBeanFactory.doGetBean(AbstractBeanFactory.java:309)
	at org.springframework.beans.factory.support.AbstractBeanFactory.getBean(AbstractBeanFactory.java:201)
	at org.springframework.context.support.AbstractApplicationContext.finishBeanFactoryInitialization(AbstractApplicationContext.java:977)
	at org.springframework.context.support.AbstractApplicationContext.refresh(AbstractApplicationContext.java:621)
	at org.springframework.boot.web.server.servlet.context.ServletWebServerApplicationContext.refresh(ServletWebServerApplicationContext.java:143)
	at org.springframework.boot.SpringApplication.refresh(SpringApplication.java:756)
	at org.springframework.boot.SpringApplication.refreshContext(SpringApplication.java:445)
	at org.springframework.boot.SpringApplication.run(SpringApplication.java:321)
	at org.springframework.boot.SpringApplication.run(SpringApplication.java:1365)
	at org.springframework.boot.SpringApplication.run(SpringApplication.java:1354)
	at com.pup.taguig.app.OrderManagementApplication.main(OrderManagementApplication.java:10)
2026-06-07 22:47:25 ERROR org.springframework.boot.diagnostics.LoggingFailureAnalysisReporter - 

***************************
APPLICATION FAILED TO START
***************************

Description:

Failed to configure a DataSource: 'url' attribute is not specified and no embedded datasource could be configured.

Reason: Failed to determine a suitable driver class


Action:

Consider the following:
	If you want an embedded database (H2, HSQL or Derby), please put it on the classpath.
	If you have database settings to be loaded from a particular profile you may need to activate it (no profiles are currently active).

2026-06-07 22:50:04 DEBUG org.springframework.core.env.PropertySourcesPropertyResolver - Found key 'spring.application.name' in PropertySource 'configurationProperties' with value of type String
2026-06-07 22:50:04 INFO  com.pup.taguig.app.OrderManagementApplication - Starting OrderManagementApplication using Java 23.0.2 with PID 56835 (/Users/aronstephencordova/eclipse-workspace/OrderManagement/target/classes started by aronstephencordova in /Users/aronstephencordova/eclipse-workspace/OrderManagement)
2026-06-07 22:50:04 DEBUG com.pup.taguig.app.OrderManagementApplication - Running with Spring Boot v4.0.6, Spring v7.0.7
2026-06-07 22:50:04 INFO  com.pup.taguig.app.OrderManagementApplication - No active profile set, falling back to 1 default profile: "default"
2026-06-07 22:50:04 DEBUG org.springframework.boot.SpringApplication - Loading source class com.pup.taguig.app.OrderManagementApplication
2026-06-07 22:50:04 DEBUG org.springframework.boot.web.server.servlet.context.AnnotationConfigServletWebServerApplicationContext - Refreshing org.springframework.boot.web.server.servlet.context.AnnotationConfigServletWebServerApplicationContext@31c269fd
2026-06-07 22:50:04 DEBUG org.springframework.beans.factory.support.DefaultListableBeanFactory - Creating shared instance of singleton bean 'org.springframework.context.annotation.internalConfigurationAnnotationProcessor'
2026-06-07 22:50:04 DEBUG org.springframework.beans.factory.support.DefaultListableBeanFactory - Creating shared instance of singleton bean 'org.springframework.boot.autoconfigure.internalCachingMetadataReaderFactory'
2026-06-07 22:50:05 DEBUG org.springframework.beans.factory.support.DefaultListableBeanFactory - Creating shared instance of singleton bean 'org.springframework.boot.autoconfigure.AutoConfigurationPackages'
2026-06-07 22:50:05 DEBUG org.springframework.boot.autoconfigure.AutoConfigurationPackages - @EnableAutoConfiguration was declared on a class in the package 'com.pup.taguig.app'. Automatic @Repository and @Entity scanning is enabled.
2026-06-07 22:50:05 DEBUG org.mybatis.spring.boot.autoconfigure.MybatisAutoConfiguration - Searching for mappers annotated with @Mapper
2026-06-07 22:50:05 DEBUG org.mybatis.spring.boot.autoconfigure.MybatisAutoConfiguration - Using auto-configuration base package 'com.pup.taguig.app'
2026-06-07 22:50:05 INFO  org.springframework.data.repository.config.RepositoryConfigurationDelegate - Bootstrapping Spring Data JPA repositories in DEFAULT mode.
2026-06-07 22:50:05 DEBUG org.springframework.data.repository.config.RepositoryConfigurationDelegate - Scanning for JPA repositories in packages com.pup.taguig.app.
2026-06-07 22:50:05 INFO  org.springframework.data.repository.config.RepositoryConfigurationDelegate - Finished Spring Data repository scanning in 2 ms. Found 0 JPA repository interfaces.
2026-06-07 22:50:05 DEBUG org.springframework.beans.factory.support.DefaultListableBeanFactory - Creating shared instance of singleton bean 'org.mybatis.spring.mapper.MapperScannerConfigurer'
2026-06-07 22:50:05 DEBUG org.springframework.beans.factory.support.DefaultListableBeanFactory - Creating shared instance of singleton bean 'propertySourcesPlaceholderConfigurer'
2026-06-07 22:50:05 DEBUG org.apache.ibatis.logging.LogFactory - Logging initialized using 'class org.apache.ibatis.logging.slf4j.Slf4jImpl' adapter.
2026-06-07 22:50:05 WARN  org.mybatis.spring.mapper.ClassPathMapperScanner - No MyBatis mapper was found in '[com.pup.taguig.app]' package. Please check your configuration.
2026-06-07 22:50:05 DEBUG org.springframework.beans.factory.support.DefaultListableBeanFactory - Creating shared instance of singleton bean 'org.springframework.boot.sql.init.dependency.DatabaseInitializationDependencyConfigurer$DependsOnDatabaseInitializationPostProcessor'
2026-06-07 22:50:05 DEBUG org.springframework.beans.factory.support.DefaultListableBeanFactory - Creating shared instance of singleton bean 'org.springframework.context.event.internalEventListenerProcessor'
2026-06-07 22:50:05 DEBUG org.springframework.beans.factory.support.DefaultListableBeanFactory - Creating shared instance of singleton bean 'bootstrapExecutorAliasPostProcessor'
2026-06-07 22:50:05 DEBUG org.springframework.beans.factory.support.DefaultListableBeanFactory - Creating shared instance of singleton bean 'preserveErrorControllerTargetClassPostProcessor'
2026-06-07 22:50:05 DEBUG org.springframework.beans.factory.support.DefaultListableBeanFactory - Creating shared instance of singleton bean 'org.springframework.context.event.internalEventListenerFactory'
2026-06-07 22:50:05 DEBUG org.springframework.beans.factory.support.DefaultListableBeanFactory - Creating shared instance of singleton bean 'org.springframework.transaction.config.internalTransactionalEventListenerFactory'
2026-06-07 22:50:05 DEBUG org.springframework.beans.factory.support.DefaultListableBeanFactory - Creating shared instance of singleton bean 'org.springframework.context.annotation.internalAutowiredAnnotationProcessor'
2026-06-07 22:50:05 DEBUG org.springframework.beans.factory.support.DefaultListableBeanFactory - Creating shared instance of singleton bean 'org.springframework.context.annotation.internalCommonAnnotationProcessor'
2026-06-07 22:50:05 DEBUG org.springframework.beans.factory.support.DefaultListableBeanFactory - Creating shared instance of singleton bean 'org.springframework.context.annotation.internalPersistenceAnnotationProcessor'
2026-06-07 22:50:05 DEBUG org.springframework.beans.factory.support.DefaultListableBeanFactory - Creating shared instance of singleton bean 'org.springframework.boot.context.properties.ConfigurationPropertiesBindingPostProcessor'
2026-06-07 22:50:05 DEBUG org.springframework.beans.factory.support.DefaultListableBeanFactory - Creating shared instance of singleton bean 'org.springframework.boot.context.internalConfigurationPropertiesBinder'
2026-06-07 22:50:05 DEBUG org.springframework.beans.factory.support.DefaultListableBeanFactory - Creating shared instance of singleton bean 'jdbcConnectionDetailsHikariBeanPostProcessor'
2026-06-07 22:50:05 DEBUG org.springframework.beans.factory.support.DefaultListableBeanFactory - Creating shared instance of singleton bean 'org.springframework.aop.config.internalAutoProxyCreator'
2026-06-07 22:50:05 DEBUG org.springframework.beans.factory.support.DefaultListableBeanFactory - Creating shared instance of singleton bean 'org.springframework.aop.framework.autoproxy.defaultProxyConfig'
2026-06-07 22:50:05 DEBUG org.springframework.beans.factory.support.DefaultListableBeanFactory - Creating shared instance of singleton bean 'persistenceExceptionTranslationPostProcessor'
2026-06-07 22:50:05 DEBUG org.springframework.beans.factory.support.DefaultListableBeanFactory - Autowiring by type from bean name 'persistenceExceptionTranslationPostProcessor' via factory method to bean named 'environment'
2026-06-07 22:50:05 DEBUG org.springframework.beans.factory.support.DefaultListableBeanFactory - Creating shared instance of singleton bean 'projectingArgumentResolverBeanPostProcessor'
2026-06-07 22:50:05 DEBUG org.springframework.beans.factory.support.DefaultListableBeanFactory - Creating shared instance of singleton bean 'org.springframework.transaction.config.internalTransactionAdvisor'
2026-06-07 22:50:05 DEBUG org.springframework.beans.factory.support.DefaultListableBeanFactory - Creating shared instance of singleton bean 'org.springframework.transaction.annotation.ProxyTransactionManagementConfiguration'
2026-06-07 22:50:05 DEBUG org.springframework.beans.factory.support.DefaultListableBeanFactory - Creating shared instance of singleton bean 'transactionAttributeSource'
2026-06-07 22:50:05 DEBUG org.springframework.beans.factory.support.DefaultListableBeanFactory - Creating shared instance of singleton bean 'transactionInterceptor'
2026-06-07 22:50:05 DEBUG org.springframework.beans.factory.support.DefaultListableBeanFactory - Autowiring by type from bean name 'transactionInterceptor' via factory method to bean named 'transactionAttributeSource'
2026-06-07 22:50:05 DEBUG org.springframework.beans.factory.support.DefaultListableBeanFactory - Autowiring by type from bean name 'org.springframework.transaction.config.internalTransactionAdvisor' via factory method to bean named 'transactionAttributeSource'
2026-06-07 22:50:05 DEBUG org.springframework.beans.factory.support.DefaultListableBeanFactory - Autowiring by type from bean name 'org.springframework.transaction.config.internalTransactionAdvisor' via factory method to bean named 'transactionInterceptor'
2026-06-07 22:50:05 DEBUG org.springframework.beans.factory.support.DefaultListableBeanFactory - Creating shared instance of singleton bean 'webServerFactoryCustomizerBeanPostProcessor'
2026-06-07 22:50:05 DEBUG org.springframework.beans.factory.support.DefaultListableBeanFactory - Creating shared instance of singleton bean 'errorPageRegistrarBeanPostProcessor'
2026-06-07 22:50:05 DEBUG org.springframework.beans.factory.support.DefaultListableBeanFactory - Creating shared instance of singleton bean 'tomcatServletWebServerFactory'
2026-06-07 22:50:05 DEBUG org.springframework.beans.factory.support.DefaultListableBeanFactory - Creating shared instance of singleton bean 'org.springframework.boot.tomcat.autoconfigure.servlet.TomcatServletWebServerAutoConfiguration'
2026-06-07 22:50:05 DEBUG org.springframework.beans.factory.support.DefaultListableBeanFactory - Creating shared instance of singleton bean 'server.tomcat-org.springframework.boot.tomcat.autoconfigure.TomcatServerProperties'
2026-06-07 22:50:05 DEBUG org.springframework.beans.factory.support.DefaultListableBeanFactory - Creating shared instance of singleton bean 'org.springframework.boot.context.properties.BoundConfigurationProperties'
2026-06-07 22:50:05 DEBUG org.springframework.beans.factory.support.DefaultListableBeanFactory - Autowiring by type from bean name 'org.springframework.boot.tomcat.autoconfigure.servlet.TomcatServletWebServerAutoConfiguration' via constructor to bean named 'server.tomcat-org.springframework.boot.tomcat.autoconfigure.TomcatServerProperties'
2026-06-07 22:50:05 DEBUG org.springframework.beans.factory.support.DefaultListableBeanFactory - Creating shared instance of singleton bean 'servletWebServerFactoryCustomizer'
2026-06-07 22:50:05 DEBUG org.springframework.beans.factory.support.DefaultListableBeanFactory - Creating shared instance of singleton bean 'org.springframework.boot.web.server.autoconfigure.servlet.ServletWebServerConfiguration'
2026-06-07 22:50:05 DEBUG org.springframework.beans.factory.support.DefaultListableBeanFactory - Creating shared instance of singleton bean 'server-org.springframework.boot.web.server.autoconfigure.ServerProperties'
2026-06-07 22:50:05 DEBUG org.springframework.beans.factory.support.DefaultListableBeanFactory - Autowiring by type from bean name 'servletWebServerFactoryCustomizer' via factory method to bean named 'server-org.springframework.boot.web.server.autoconfigure.ServerProperties'
2026-06-07 22:50:05 DEBUG org.springframework.beans.factory.support.DefaultListableBeanFactory - Creating shared instance of singleton bean 'sslBundleRegistry'
2026-06-07 22:50:05 DEBUG org.springframework.beans.factory.support.DefaultListableBeanFactory - Creating shared instance of singleton bean 'org.springframework.boot.autoconfigure.ssl.SslAutoConfiguration'
2026-06-07 22:50:05 DEBUG org.springframework.beans.factory.support.DefaultListableBeanFactory - Creating shared instance of singleton bean 'spring.ssl-org.springframework.boot.autoconfigure.ssl.SslProperties'
2026-06-07 22:50:05 DEBUG org.springframework.beans.factory.support.DefaultListableBeanFactory - Autowiring by type from bean name 'org.springframework.boot.autoconfigure.ssl.SslAutoConfiguration' via constructor to bean named 'org.springframework.boot.web.server.servlet.context.AnnotationConfigServletWebServerApplicationContext@31c269fd'
2026-06-07 22:50:05 DEBUG org.springframework.beans.factory.support.DefaultListableBeanFactory - Autowiring by type from bean name 'org.springframework.boot.autoconfigure.ssl.SslAutoConfiguration' via constructor to bean named 'spring.ssl-org.springframework.boot.autoconfigure.ssl.SslProperties'
2026-06-07 22:50:05 DEBUG org.springframework.beans.factory.support.DefaultListableBeanFactory - Creating shared instance of singleton bean 'sslPropertiesSslBundleRegistrar'
2026-06-07 22:50:05 DEBUG org.springframework.beans.factory.support.DefaultListableBeanFactory - Creating shared instance of singleton bean 'fileWatcher'
2026-06-07 22:50:05 DEBUG org.springframework.beans.factory.support.DefaultListableBeanFactory - Autowiring by type from bean name 'sslPropertiesSslBundleRegistrar' via factory method to bean named 'fileWatcher'
2026-06-07 22:50:05 DEBUG org.springframework.beans.factory.support.DefaultListableBeanFactory - Creating shared instance of singleton bean 'webSocketWebServerCustomizer'
2026-06-07 22:50:05 DEBUG org.springframework.beans.factory.support.DefaultListableBeanFactory - Creating shared instance of singleton bean 'org.springframework.boot.tomcat.autoconfigure.TomcatWebServerConfiguration$TomcatWebSocketConfiguration'
2026-06-07 22:50:05 DEBUG org.springframework.beans.factory.support.DefaultListableBeanFactory - Creating shared instance of singleton bean 'tomcatWebServerFactoryCustomizer'
2026-06-07 22:50:05 DEBUG org.springframework.beans.factory.support.DefaultListableBeanFactory - Creating shared instance of singleton bean 'org.springframework.boot.tomcat.autoconfigure.TomcatWebServerConfiguration'
2026-06-07 22:50:05 DEBUG org.springframework.beans.factory.support.DefaultListableBeanFactory - Creating shared instance of singleton bean 'spring.web-org.springframework.boot.autoconfigure.web.WebProperties'
2026-06-07 22:50:05 DEBUG org.springframework.beans.factory.support.DefaultListableBeanFactory - Autowiring by type from bean name 'tomcatWebServerFactoryCustomizer' via factory method to bean named 'environment'
2026-06-07 22:50:05 DEBUG org.springframework.beans.factory.support.DefaultListableBeanFactory - Autowiring by type from bean name 'tomcatWebServerFactoryCustomizer' via factory method to bean named 'server-org.springframework.boot.web.server.autoconfigure.ServerProperties'
2026-06-07 22:50:05 DEBUG org.springframework.beans.factory.support.DefaultListableBeanFactory - Autowiring by type from bean name 'tomcatWebServerFactoryCustomizer' via factory method to bean named 'server.tomcat-org.springframework.boot.tomcat.autoconfigure.TomcatServerProperties'
2026-06-07 22:50:05 DEBUG org.springframework.beans.factory.support.DefaultListableBeanFactory - Autowiring by type from bean name 'tomcatWebServerFactoryCustomizer' via factory method to bean named 'spring.web-org.springframework.boot.autoconfigure.web.WebProperties'
2026-06-07 22:50:05 DEBUG org.springframework.beans.factory.support.DefaultListableBeanFactory - Creating shared instance of singleton bean 'tomcatServletWebServerFactoryCustomizer'
2026-06-07 22:50:05 DEBUG org.springframework.beans.factory.support.DefaultListableBeanFactory - Autowiring by type from bean name 'tomcatServletWebServerFactoryCustomizer' via factory method to bean named 'server.tomcat-org.springframework.boot.tomcat.autoconfigure.TomcatServerProperties'
2026-06-07 22:50:05 DEBUG org.springframework.beans.factory.support.DefaultListableBeanFactory - Creating shared instance of singleton bean 'errorPageCustomizer'
2026-06-07 22:50:05 DEBUG org.springframework.beans.factory.support.DefaultListableBeanFactory - Creating shared instance of singleton bean 'org.springframework.boot.webmvc.autoconfigure.error.ErrorMvcAutoConfiguration'
2026-06-07 22:50:05 DEBUG org.springframework.beans.factory.support.DefaultListableBeanFactory - Autowiring by type from bean name 'org.springframework.boot.webmvc.autoconfigure.error.ErrorMvcAutoConfiguration' via constructor to bean named 'spring.web-org.springframework.boot.autoconfigure.web.WebProperties'
2026-06-07 22:50:05 DEBUG org.springframework.beans.factory.support.DefaultListableBeanFactory - Creating shared instance of singleton bean 'dispatcherServletRegistration'
2026-06-07 22:50:05 DEBUG org.springframework.beans.factory.support.DefaultListableBeanFactory - Creating shared instance of singleton bean 'org.springframework.boot.webmvc.autoconfigure.DispatcherServletAutoConfiguration$DispatcherServletRegistrationConfiguration'
2026-06-07 22:50:05 DEBUG org.springframework.beans.factory.support.DefaultListableBeanFactory - Creating shared instance of singleton bean 'dispatcherServlet'
2026-06-07 22:50:05 DEBUG org.springframework.beans.factory.support.DefaultListableBeanFactory - Creating shared instance of singleton bean 'org.springframework.boot.webmvc.autoconfigure.DispatcherServletAutoConfiguration$DispatcherServletConfiguration'
2026-06-07 22:50:05 DEBUG org.springframework.beans.factory.support.DefaultListableBeanFactory - Creating shared instance of singleton bean 'spring.mvc-org.springframework.boot.webmvc.autoconfigure.WebMvcProperties'
2026-06-07 22:50:05 DEBUG org.springframework.beans.factory.support.DefaultListableBeanFactory - Autowiring by type from bean name 'dispatcherServlet' via factory method to bean named 'spring.mvc-org.springframework.boot.webmvc.autoconfigure.WebMvcProperties'
2026-06-07 22:50:05 DEBUG org.springframework.beans.factory.support.DefaultListableBeanFactory - Autowiring by type from bean name 'dispatcherServletRegistration' via factory method to bean named 'dispatcherServlet'
2026-06-07 22:50:05 DEBUG org.springframework.beans.factory.support.DefaultListableBeanFactory - Autowiring by type from bean name 'dispatcherServletRegistration' via factory method to bean named 'spring.mvc-org.springframework.boot.webmvc.autoconfigure.WebMvcProperties'
2026-06-07 22:50:05 DEBUG org.springframework.beans.factory.support.DefaultListableBeanFactory - Creating shared instance of singleton bean 'multipartConfigElement'
2026-06-07 22:50:05 DEBUG org.springframework.beans.factory.support.DefaultListableBeanFactory - Creating shared instance of singleton bean 'org.springframework.boot.servlet.autoconfigure.MultipartAutoConfiguration'
2026-06-07 22:50:05 DEBUG org.springframework.beans.factory.support.DefaultListableBeanFactory - Creating shared instance of singleton bean 'spring.servlet.multipart-org.springframework.boot.servlet.autoconfigure.MultipartProperties'
2026-06-07 22:50:05 DEBUG org.springframework.beans.factory.support.DefaultListableBeanFactory - Autowiring by type from bean name 'org.springframework.boot.servlet.autoconfigure.MultipartAutoConfiguration' via constructor to bean named 'spring.servlet.multipart-org.springframework.boot.servlet.autoconfigure.MultipartProperties'
2026-06-07 22:50:05 DEBUG org.springframework.beans.factory.support.DefaultListableBeanFactory - Autowiring by type from bean name 'errorPageCustomizer' via factory method to bean named 'dispatcherServletRegistration'
2026-06-07 22:50:05 DEBUG org.springframework.boot.tomcat.servlet.TomcatServletWebServerFactory - Code archive: /Users/aronstephencordova/.m2/repository/org/springframework/boot/spring-boot-web-server/4.0.6/spring-boot-web-server-4.0.6.jar
2026-06-07 22:50:05 DEBUG org.springframework.boot.tomcat.servlet.TomcatServletWebServerFactory - Code archive: /Users/aronstephencordova/.m2/repository/org/springframework/boot/spring-boot-web-server/4.0.6/spring-boot-web-server-4.0.6.jar
2026-06-07 22:50:05 DEBUG org.springframework.boot.tomcat.servlet.TomcatServletWebServerFactory - None of the document roots [src/main/webapp, public, static] point to a directory and will be ignored.
2026-06-07 22:50:05 INFO  org.springframework.boot.tomcat.TomcatWebServer - Tomcat initialized with port 8080 (http)
2026-06-07 22:50:05 INFO  org.apache.coyote.http11.Http11NioProtocol - Initializing ProtocolHandler ["http-nio-8080"]
2026-06-07 22:50:05 DEBUG org.apache.catalina.util.LifecycleBase - Setting state for [Connector["http-nio-8080"]] to [INITIALIZED]
2026-06-07 22:50:05 DEBUG org.apache.catalina.util.LifecycleBase - Setting state for [StandardService[Tomcat]] to [INITIALIZED]
2026-06-07 22:50:05 DEBUG org.apache.catalina.util.LifecycleBase - Setting state for [StandardServer[-1]] to [INITIALIZED]
2026-06-07 22:50:05 DEBUG org.apache.catalina.util.LifecycleBase - Setting state for [StandardServer[-1]] to [STARTING_PREP]
2026-06-07 22:50:05 DEBUG org.apache.catalina.util.LifecycleBase - Setting state for [StandardServer[-1]] to [STARTING]
2026-06-07 22:50:05 DEBUG org.apache.catalina.util.LifecycleBase - Setting state for [org.apache.catalina.deploy.NamingResourcesImpl@25a94b55] to [STARTING_PREP]
2026-06-07 22:50:05 DEBUG org.apache.catalina.util.LifecycleBase - Setting state for [org.apache.catalina.deploy.NamingResourcesImpl@25a94b55] to [STARTING]
2026-06-07 22:50:05 DEBUG org.apache.catalina.util.LifecycleBase - Setting state for [org.apache.catalina.deploy.NamingResourcesImpl@25a94b55] to [STARTED]
2026-06-07 22:50:05 DEBUG org.apache.catalina.util.LifecycleBase - Setting state for [StandardService[Tomcat]] to [STARTING_PREP]
2026-06-07 22:50:05 INFO  org.apache.catalina.core.StandardService - Starting service [Tomcat]
2026-06-07 22:50:05 DEBUG org.apache.catalina.util.LifecycleBase - Setting state for [StandardService[Tomcat]] to [STARTING]
2026-06-07 22:50:05 DEBUG org.apache.catalina.util.LifecycleBase - Setting state for [StandardEngine[Tomcat]] to [STARTING_PREP]
2026-06-07 22:50:05 INFO  org.apache.catalina.core.StandardEngine - Starting Servlet engine: [Apache Tomcat/11.0.21]
2026-06-07 22:50:05 DEBUG org.apache.catalina.util.LifecycleBase - Setting state for [SimpleRealm[StandardEngine[Tomcat]]] to [INITIALIZING]
2026-06-07 22:50:05 DEBUG org.apache.catalina.util.LifecycleBase - Setting state for [SimpleRealm[StandardEngine[Tomcat]]] to [INITIALIZED]
2026-06-07 22:50:05 DEBUG org.apache.catalina.util.LifecycleBase - Setting state for [SimpleRealm[StandardEngine[Tomcat]]] to [STARTING_PREP]
2026-06-07 22:50:05 DEBUG org.apache.catalina.util.LifecycleBase - Setting state for [SimpleRealm[StandardEngine[Tomcat]]] to [STARTING]
2026-06-07 22:50:05 DEBUG org.apache.catalina.util.LifecycleBase - Setting state for [SimpleRealm[StandardEngine[Tomcat]]] to [STARTED]
2026-06-07 22:50:05 DEBUG org.apache.catalina.util.LifecycleBase - Setting state for [StandardEngine[Tomcat].StandardHost[localhost]] to [INITIALIZING]
2026-06-07 22:50:05 DEBUG org.apache.catalina.util.LifecycleBase - Setting state for [StandardEngine[Tomcat].StandardHost[localhost]] to [INITIALIZED]
2026-06-07 22:50:05 DEBUG org.apache.catalina.util.LifecycleBase - Setting state for [StandardEngine[Tomcat].StandardHost[localhost]] to [STARTING_PREP]
2026-06-07 22:50:05 DEBUG org.apache.catalina.util.LifecycleBase - Setting state for [StandardEngine[Tomcat].StandardHost[localhost].TomcatEmbeddedContext[]] to [INITIALIZING]
2026-06-07 22:50:05 DEBUG org.apache.catalina.util.LifecycleBase - Setting state for [StandardEngine[Tomcat].StandardHost[localhost].TomcatEmbeddedContext[]] to [INITIALIZED]
2026-06-07 22:50:05 DEBUG org.apache.catalina.util.LifecycleBase - Setting state for [StandardEngine[Tomcat].StandardHost[localhost].TomcatEmbeddedContext[]] to [STARTING_PREP]
2026-06-07 22:50:05 DEBUG org.apache.catalina.util.LifecycleBase - Setting state for [org.apache.catalina.webresources.StandardRoot@536b71b4] to [INITIALIZING]
2026-06-07 22:50:05 DEBUG org.apache.catalina.util.LifecycleBase - Setting state for [org.apache.catalina.webresources.StandardRoot@536b71b4] to [INITIALIZED]
2026-06-07 22:50:05 DEBUG org.apache.catalina.util.LifecycleBase - Setting state for [org.apache.catalina.webresources.StandardRoot@536b71b4] to [STARTING_PREP]
2026-06-07 22:50:05 DEBUG org.apache.catalina.util.LifecycleBase - Setting state for [org.apache.catalina.webresources.DirResourceSet@43f03c23] to [INITIALIZING]
2026-06-07 22:50:05 DEBUG org.apache.catalina.util.LifecycleBase - Setting state for [org.apache.catalina.webresources.DirResourceSet@43f03c23] to [INITIALIZED]
2026-06-07 22:50:05 DEBUG org.apache.catalina.util.LifecycleBase - Setting state for [org.apache.catalina.webresources.DirResourceSet@43f03c23] to [STARTING_PREP]
2026-06-07 22:50:05 DEBUG org.apache.catalina.util.LifecycleBase - Setting state for [org.apache.catalina.webresources.DirResourceSet@43f03c23] to [STARTING]
2026-06-07 22:50:05 DEBUG org.apache.catalina.util.LifecycleBase - Setting state for [org.apache.catalina.webresources.DirResourceSet@43f03c23] to [STARTED]
2026-06-07 22:50:05 DEBUG org.apache.catalina.util.LifecycleBase - Setting state for [org.apache.catalina.webresources.StandardRoot@536b71b4] to [STARTING]
2026-06-07 22:50:05 DEBUG org.apache.catalina.util.LifecycleBase - Setting state for [org.apache.catalina.webresources.StandardRoot@536b71b4] to [STARTED]
2026-06-07 22:50:05 DEBUG org.apache.catalina.util.LifecycleBase - Setting state for [WebappLoader[StandardEngine[Tomcat].StandardHost[localhost].TomcatEmbeddedContext[]]] to [INITIALIZING]
2026-06-07 22:50:05 DEBUG org.apache.catalina.util.LifecycleBase - Setting state for [WebappLoader[StandardEngine[Tomcat].StandardHost[localhost].TomcatEmbeddedContext[]]] to [INITIALIZED]
2026-06-07 22:50:05 DEBUG org.apache.catalina.util.LifecycleBase - Setting state for [WebappLoader[StandardEngine[Tomcat].StandardHost[localhost].TomcatEmbeddedContext[]]] to [STARTING_PREP]
2026-06-07 22:50:05 DEBUG org.apache.catalina.loader.WebappLoader - Starting this Loader
2026-06-07 22:50:05 DEBUG org.apache.catalina.webresources.Cache - Increased cache size by [531] for item [org.apache.catalina.webresources.CachedResource@7c40ffef] at [/WEB-INF/classes] making total cache size [531]
2026-06-07 22:50:05 DEBUG org.apache.catalina.util.LifecycleBase - Setting state for [WebappLoader[StandardEngine[Tomcat].StandardHost[localhost].TomcatEmbeddedContext[]]] to [STARTING]
2026-06-07 22:50:05 DEBUG org.apache.catalina.util.LifecycleBase - Setting state for [WebappLoader[StandardEngine[Tomcat].StandardHost[localhost].TomcatEmbeddedContext[]]] to [STARTED]
2026-06-07 22:50:05 DEBUG org.apache.catalina.util.LifecycleBase - Setting state for [StandardEngine[Tomcat].StandardHost[localhost].TomcatEmbeddedContext[].StandardWrapper[jsp]] to [INITIALIZING]
2026-06-07 22:50:05 DEBUG org.apache.catalina.util.LifecycleBase - Setting state for [StandardEngine[Tomcat].StandardHost[localhost].TomcatEmbeddedContext[].StandardWrapper[jsp]] to [INITIALIZED]
2026-06-07 22:50:05 DEBUG org.apache.catalina.util.LifecycleBase - Setting state for [StandardEngine[Tomcat].StandardHost[localhost].TomcatEmbeddedContext[].StandardWrapper[jsp]] to [STARTING_PREP]
2026-06-07 22:50:05 DEBUG org.apache.catalina.util.LifecycleBase - Setting state for [StandardPipeline[StandardEngine[Tomcat].StandardHost[localhost].TomcatEmbeddedContext[].StandardWrapper[jsp]]] to [INITIALIZING]
2026-06-07 22:50:05 DEBUG org.apache.catalina.util.LifecycleBase - Setting state for [StandardPipeline[StandardEngine[Tomcat].StandardHost[localhost].TomcatEmbeddedContext[].StandardWrapper[jsp]]] to [INITIALIZED]
2026-06-07 22:50:05 DEBUG org.apache.catalina.util.LifecycleBase - Setting state for [StandardPipeline[StandardEngine[Tomcat].StandardHost[localhost].TomcatEmbeddedContext[].StandardWrapper[jsp]]] to [STARTING_PREP]
2026-06-07 22:50:05 DEBUG org.apache.catalina.util.LifecycleBase - Setting state for [StandardWrapperValve[StandardEngine[Tomcat].StandardHost[localhost].TomcatEmbeddedContext[].StandardWrapper[jsp]]] to [INITIALIZING]
2026-06-07 22:50:05 DEBUG org.apache.catalina.util.LifecycleBase - Setting state for [StandardWrapperValve[StandardEngine[Tomcat].StandardHost[localhost].TomcatEmbeddedContext[].StandardWrapper[jsp]]] to [INITIALIZED]
2026-06-07 22:50:05 DEBUG org.apache.catalina.util.LifecycleBase - Setting state for [StandardWrapperValve[StandardEngine[Tomcat].StandardHost[localhost].TomcatEmbeddedContext[].StandardWrapper[jsp]]] to [STARTING_PREP]
2026-06-07 22:50:05 DEBUG org.apache.catalina.util.LifecycleBase - Setting state for [StandardWrapperValve[StandardEngine[Tomcat].StandardHost[localhost].TomcatEmbeddedContext[].StandardWrapper[jsp]]] to [STARTING]
2026-06-07 22:50:05 DEBUG org.apache.catalina.util.LifecycleBase - Setting state for [StandardWrapperValve[StandardEngine[Tomcat].StandardHost[localhost].TomcatEmbeddedContext[].StandardWrapper[jsp]]] to [STARTED]
2026-06-07 22:50:05 DEBUG org.apache.catalina.util.LifecycleBase - Setting state for [StandardPipeline[StandardEngine[Tomcat].StandardHost[localhost].TomcatEmbeddedContext[].StandardWrapper[jsp]]] to [STARTING]
2026-06-07 22:50:05 DEBUG org.apache.catalina.util.LifecycleBase - Setting state for [StandardPipeline[StandardEngine[Tomcat].StandardHost[localhost].TomcatEmbeddedContext[].StandardWrapper[jsp]]] to [STARTED]
2026-06-07 22:50:05 DEBUG org.apache.catalina.util.LifecycleBase - Setting state for [StandardEngine[Tomcat].StandardHost[localhost].TomcatEmbeddedContext[].StandardWrapper[jsp]] to [STARTING]
2026-06-07 22:50:05 DEBUG org.apache.catalina.util.LifecycleBase - Setting state for [StandardEngine[Tomcat].StandardHost[localhost].TomcatEmbeddedContext[].StandardWrapper[jsp]] to [STARTED]
2026-06-07 22:50:05 DEBUG org.apache.catalina.util.LifecycleBase - Setting state for [StandardPipeline[StandardEngine[Tomcat].StandardHost[localhost].TomcatEmbeddedContext[]]] to [INITIALIZING]
2026-06-07 22:50:05 DEBUG org.apache.catalina.util.LifecycleBase - Setting state for [StandardPipeline[StandardEngine[Tomcat].StandardHost[localhost].TomcatEmbeddedContext[]]] to [INITIALIZED]
2026-06-07 22:50:05 DEBUG org.apache.catalina.util.LifecycleBase - Setting state for [StandardPipeline[StandardEngine[Tomcat].StandardHost[localhost].TomcatEmbeddedContext[]]] to [STARTING_PREP]
2026-06-07 22:50:05 DEBUG org.apache.catalina.util.LifecycleBase - Setting state for [NonLoginAuthenticator[StandardEngine[Tomcat].StandardHost[localhost].TomcatEmbeddedContext[]]] to [INITIALIZING]
2026-06-07 22:50:05 DEBUG org.apache.catalina.util.LifecycleBase - Setting state for [NonLoginAuthenticator[StandardEngine[Tomcat].StandardHost[localhost].TomcatEmbeddedContext[]]] to [INITIALIZED]
2026-06-07 22:50:05 DEBUG org.apache.catalina.util.LifecycleBase - Setting state for [NonLoginAuthenticator[StandardEngine[Tomcat].StandardHost[localhost].TomcatEmbeddedContext[]]] to [STARTING_PREP]
2026-06-07 22:50:05 DEBUG org.apache.catalina.util.LifecycleBase - Setting state for [NonLoginAuthenticator[StandardEngine[Tomcat].StandardHost[localhost].TomcatEmbeddedContext[]]] to [STARTING]
2026-06-07 22:50:05 DEBUG org.apache.catalina.util.LifecycleBase - Setting state for [NonLoginAuthenticator[StandardEngine[Tomcat].StandardHost[localhost].TomcatEmbeddedContext[]]] to [STARTED]
2026-06-07 22:50:05 DEBUG org.apache.catalina.util.LifecycleBase - Setting state for [StandardContextValve[StandardEngine[Tomcat].StandardHost[localhost].TomcatEmbeddedContext[]]] to [INITIALIZING]
2026-06-07 22:50:05 DEBUG org.apache.catalina.util.LifecycleBase - Setting state for [StandardContextValve[StandardEngine[Tomcat].StandardHost[localhost].TomcatEmbeddedContext[]]] to [INITIALIZED]
2026-06-07 22:50:05 DEBUG org.apache.catalina.util.LifecycleBase - Setting state for [StandardContextValve[StandardEngine[Tomcat].StandardHost[localhost].TomcatEmbeddedContext[]]] to [STARTING_PREP]
2026-06-07 22:50:05 DEBUG org.apache.catalina.util.LifecycleBase - Setting state for [StandardContextValve[StandardEngine[Tomcat].StandardHost[localhost].TomcatEmbeddedContext[]]] to [STARTING]
2026-06-07 22:50:05 DEBUG org.apache.catalina.util.LifecycleBase - Setting state for [StandardContextValve[StandardEngine[Tomcat].StandardHost[localhost].TomcatEmbeddedContext[]]] to [STARTED]
2026-06-07 22:50:05 DEBUG org.apache.catalina.util.LifecycleBase - Setting state for [StandardPipeline[StandardEngine[Tomcat].StandardHost[localhost].TomcatEmbeddedContext[]]] to [STARTING]
2026-06-07 22:50:05 DEBUG org.apache.catalina.util.LifecycleBase - Setting state for [StandardPipeline[StandardEngine[Tomcat].StandardHost[localhost].TomcatEmbeddedContext[]]] to [STARTED]
2026-06-07 22:50:05 DEBUG org.apache.catalina.core.StandardContext - No manager found. Checking if cluster manager should be used. Cluster configured: [false], Application distributable: [false]
2026-06-07 22:50:05 DEBUG org.apache.catalina.core.StandardContext - Configured a manager of class [org.apache.catalina.session.StandardManager]
2026-06-07 22:50:05 DEBUG org.apache.catalina.util.LifecycleBase - Setting state for [org.apache.catalina.deploy.NamingResourcesImpl@384fda47] to [INITIALIZING]
2026-06-07 22:50:05 DEBUG org.apache.catalina.util.LifecycleBase - Setting state for [org.apache.catalina.deploy.NamingResourcesImpl@384fda47] to [INITIALIZED]
2026-06-07 22:50:05 DEBUG org.apache.catalina.util.LifecycleBase - Setting state for [org.apache.catalina.deploy.NamingResourcesImpl@384fda47] to [STARTING_PREP]
2026-06-07 22:50:05 DEBUG org.apache.catalina.util.LifecycleBase - Setting state for [org.apache.catalina.deploy.NamingResourcesImpl@384fda47] to [STARTING]
2026-06-07 22:50:05 DEBUG org.apache.catalina.util.LifecycleBase - Setting state for [org.apache.catalina.deploy.NamingResourcesImpl@384fda47] to [STARTED]
2026-06-07 22:50:05 DEBUG org.apache.jasper.servlet.JasperInitializer - Initializing Jasper for context [application]
2026-06-07 22:50:05 DEBUG org.apache.jasper.servlet.TldScanner - No TLD files were found in resource path [/WEB-INF/].
2026-06-07 22:50:05 DEBUG org.apache.tomcat.util.scan.StandardJarScanner - Scanning JAR [file:/Users/aronstephencordova/eclipse-workspace/OrderManagement/target/classes/] from classpath
2026-06-07 22:50:05 DEBUG org.apache.tomcat.util.scan.StandardJarScanner - Scanning JAR [file:/Users/aronstephencordova/.m2/repository/jakarta/annotation/jakarta.annotation-api/3.0.0/jakarta.annotation-api-3.0.0.jar] from classpath
2026-06-07 22:50:05 DEBUG org.apache.jasper.servlet.TldScanner - No TLD files were found in [file:/Users/aronstephencordova/.m2/repository/jakarta/annotation/jakarta.annotation-api/3.0.0/jakarta.annotation-api-3.0.0.jar]. Consider adding the JAR to the tomcat.util.scan.StandardJarScanFilter.jarsToSkip property in CATALINA_BASE/conf/catalina.properties file.
2026-06-07 22:50:05 DEBUG org.apache.tomcat.util.scan.StandardJarScanner - Scanning JAR [file:/Users/aronstephencordova/.m2/repository/org/apache/tomcat/embed/tomcat-embed-websocket/11.0.21/tomcat-embed-websocket-11.0.21.jar] from classpath
2026-06-07 22:50:05 DEBUG org.apache.jasper.servlet.TldScanner - No TLD files were found in [file:/Users/aronstephencordova/.m2/repository/org/apache/tomcat/embed/tomcat-embed-websocket/11.0.21/tomcat-embed-websocket-11.0.21.jar]. Consider adding the JAR to the tomcat.util.scan.StandardJarScanFilter.jarsToSkip property in CATALINA_BASE/conf/catalina.properties file.
2026-06-07 22:50:05 DEBUG org.apache.tomcat.util.scan.StandardJarScanner - Scanning JAR [file:/Users/aronstephencordova/.m2/repository/org/springframework/spring-web/7.0.7/spring-web-7.0.7.jar] from classpath
2026-06-07 22:50:05 DEBUG org.apache.jasper.servlet.TldScanner - No TLD files were found in [file:/Users/aronstephencordova/.m2/repository/org/springframework/spring-web/7.0.7/spring-web-7.0.7.jar]. Consider adding the JAR to the tomcat.util.scan.StandardJarScanFilter.jarsToSkip property in CATALINA_BASE/conf/catalina.properties file.
2026-06-07 22:50:05 DEBUG org.apache.tomcat.util.scan.StandardJarScanner - Scanning JAR [file:/Users/aronstephencordova/.m2/repository/io/micrometer/micrometer-observation/1.16.5/micrometer-observation-1.16.5.jar] from classpath
2026-06-07 22:50:05 DEBUG org.apache.jasper.servlet.TldScanner - No TLD files were found in [file:/Users/aronstephencordova/.m2/repository/io/micrometer/micrometer-observation/1.16.5/micrometer-observation-1.16.5.jar]. Consider adding the JAR to the tomcat.util.scan.StandardJarScanFilter.jarsToSkip property in CATALINA_BASE/conf/catalina.properties file.
2026-06-07 22:50:05 DEBUG org.apache.tomcat.util.scan.StandardJarScanner - Scanning JAR [file:/Users/aronstephencordova/.m2/repository/io/micrometer/micrometer-commons/1.16.5/micrometer-commons-1.16.5.jar] from classpath
2026-06-07 22:50:05 DEBUG org.apache.jasper.servlet.TldScanner - No TLD files were found in [file:/Users/aronstephencordova/.m2/repository/io/micrometer/micrometer-commons/1.16.5/micrometer-commons-1.16.5.jar]. Consider adding the JAR to the tomcat.util.scan.StandardJarScanFilter.jarsToSkip property in CATALINA_BASE/conf/catalina.properties file.
2026-06-07 22:50:05 DEBUG org.apache.tomcat.util.scan.StandardJarScanner - Scanning JAR [file:/Users/aronstephencordova/.m2/repository/org/springframework/spring-webmvc/7.0.7/spring-webmvc-7.0.7.jar] from classpath
2026-06-07 22:50:05 DEBUG org.apache.jasper.servlet.TldScanner - TLD files were found in JAR [file:/Users/aronstephencordova/.m2/repository/org/springframework/spring-webmvc/7.0.7/spring-webmvc-7.0.7.jar].
2026-06-07 22:50:05 DEBUG org.apache.tomcat.util.scan.StandardJarScanner - Scanning JAR [file:/Users/aronstephencordova/.m2/repository/org/apache/tomcat/tomcat-jasper/11.0.6/tomcat-jasper-11.0.6.jar] from classpath
2026-06-07 22:50:05 DEBUG org.apache.jasper.servlet.TldScanner - No TLD files were found in [file:/Users/aronstephencordova/.m2/repository/org/apache/tomcat/tomcat-jasper/11.0.6/tomcat-jasper-11.0.6.jar]. Consider adding the JAR to the tomcat.util.scan.StandardJarScanFilter.jarsToSkip property in CATALINA_BASE/conf/catalina.properties file.
2026-06-07 22:50:05 DEBUG org.apache.tomcat.util.scan.StandardJarScanner - Scanning JAR [file:/Users/aronstephencordova/.m2/repository/org/apache/tomcat/tomcat-servlet-api/11.0.6/tomcat-servlet-api-11.0.6.jar] from classpath
2026-06-07 22:50:05 DEBUG org.apache.jasper.servlet.TldScanner - No TLD files were found in [file:/Users/aronstephencordova/.m2/repository/org/apache/tomcat/tomcat-servlet-api/11.0.6/tomcat-servlet-api-11.0.6.jar]. Consider adding the JAR to the tomcat.util.scan.StandardJarScanFilter.jarsToSkip property in CATALINA_BASE/conf/catalina.properties file.
2026-06-07 22:50:05 DEBUG org.apache.tomcat.util.scan.StandardJarScanner - Scanning JAR [file:/Users/aronstephencordova/.m2/repository/org/apache/tomcat/tomcat-juli/11.0.6/tomcat-juli-11.0.6.jar] from classpath
2026-06-07 22:50:05 DEBUG org.apache.jasper.servlet.TldScanner - No TLD files were found in [file:/Users/aronstephencordova/.m2/repository/org/apache/tomcat/tomcat-juli/11.0.6/tomcat-juli-11.0.6.jar]. Consider adding the JAR to the tomcat.util.scan.StandardJarScanFilter.jarsToSkip property in CATALINA_BASE/conf/catalina.properties file.
2026-06-07 22:50:05 DEBUG org.apache.tomcat.util.scan.StandardJarScanner - Scanning JAR [file:/Users/aronstephencordova/.m2/repository/org/apache/tomcat/tomcat-jsp-api/11.0.21/tomcat-jsp-api-11.0.21.jar] from classpath
2026-06-07 22:50:05 DEBUG org.apache.jasper.servlet.TldScanner - No TLD files were found in [file:/Users/aronstephencordova/.m2/repository/org/apache/tomcat/tomcat-jsp-api/11.0.21/tomcat-jsp-api-11.0.21.jar]. Consider adding the JAR to the tomcat.util.scan.StandardJarScanFilter.jarsToSkip property in CATALINA_BASE/conf/catalina.properties file.
2026-06-07 22:50:05 DEBUG org.apache.tomcat.util.scan.StandardJarScanner - Scanning JAR [file:/Users/aronstephencordova/.m2/repository/org/apache/tomcat/tomcat-el-api/11.0.6/tomcat-el-api-11.0.6.jar] from classpath
2026-06-07 22:50:05 DEBUG org.apache.jasper.servlet.TldScanner - No TLD files were found in [file:/Users/aronstephencordova/.m2/repository/org/apache/tomcat/tomcat-el-api/11.0.6/tomcat-el-api-11.0.6.jar]. Consider adding the JAR to the tomcat.util.scan.StandardJarScanFilter.jarsToSkip property in CATALINA_BASE/conf/catalina.properties file.
2026-06-07 22:50:05 DEBUG org.apache.tomcat.util.scan.StandardJarScanner - Scanning JAR [file:/Users/aronstephencordova/.m2/repository/org/apache/tomcat/tomcat-jasper-el/11.0.6/tomcat-jasper-el-11.0.6.jar] from classpath
2026-06-07 22:50:05 DEBUG org.apache.jasper.servlet.TldScanner - No TLD files were found in [file:/Users/aronstephencordova/.m2/repository/org/apache/tomcat/tomcat-jasper-el/11.0.6/tomcat-jasper-el-11.0.6.jar]. Consider adding the JAR to the tomcat.util.scan.StandardJarScanFilter.jarsToSkip property in CATALINA_BASE/conf/catalina.properties file.
2026-06-07 22:50:05 DEBUG org.apache.tomcat.util.scan.StandardJarScanner - Scanning JAR [file:/Users/aronstephencordova/.m2/repository/org/apache/tomcat/tomcat-api/11.0.6/tomcat-api-11.0.6.jar] from classpath
2026-06-07 22:50:05 DEBUG org.apache.jasper.servlet.TldScanner - No TLD files were found in [file:/Users/aronstephencordova/.m2/repository/org/apache/tomcat/tomcat-api/11.0.6/tomcat-api-11.0.6.jar]. Consider adding the JAR to the tomcat.util.scan.StandardJarScanFilter.jarsToSkip property in CATALINA_BASE/conf/catalina.properties file.
2026-06-07 22:50:05 DEBUG org.apache.tomcat.util.scan.StandardJarScanner - Scanning JAR [file:/Users/aronstephencordova/.m2/repository/org/apache/tomcat/tomcat-util-scan/11.0.6/tomcat-util-scan-11.0.6.jar] from classpath
2026-06-07 22:50:05 DEBUG org.apache.jasper.servlet.TldScanner - No TLD files were found in [file:/Users/aronstephencordova/.m2/repository/org/apache/tomcat/tomcat-util-scan/11.0.6/tomcat-util-scan-11.0.6.jar]. Consider adding the JAR to the tomcat.util.scan.StandardJarScanFilter.jarsToSkip property in CATALINA_BASE/conf/catalina.properties file.
2026-06-07 22:50:05 DEBUG org.apache.tomcat.util.scan.StandardJarScanner - Scanning JAR [file:/Users/aronstephencordova/.m2/repository/org/apache/tomcat/tomcat-util/11.0.6/tomcat-util-11.0.6.jar] from classpath
2026-06-07 22:50:05 DEBUG org.apache.jasper.servlet.TldScanner - No TLD files were found in [file:/Users/aronstephencordova/.m2/repository/org/apache/tomcat/tomcat-util/11.0.6/tomcat-util-11.0.6.jar]. Consider adding the JAR to the tomcat.util.scan.StandardJarScanFilter.jarsToSkip property in CATALINA_BASE/conf/catalina.properties file.
2026-06-07 22:50:05 DEBUG org.apache.tomcat.util.scan.StandardJarScanner - Scanning JAR [file:/Users/aronstephencordova/.m2/repository/jakarta/xml/bind/jakarta.xml.bind-api/4.0.4/jakarta.xml.bind-api-4.0.4.jar] from classpath
2026-06-07 22:50:05 DEBUG org.apache.jasper.servlet.TldScanner - No TLD files were found in [file:/Users/aronstephencordova/.m2/repository/jakarta/xml/bind/jakarta.xml.bind-api/4.0.4/jakarta.xml.bind-api-4.0.4.jar]. Consider adding the JAR to the tomcat.util.scan.StandardJarScanFilter.jarsToSkip property in CATALINA_BASE/conf/catalina.properties file.
2026-06-07 22:50:05 DEBUG org.apache.tomcat.util.scan.StandardJarScanner - Scanning JAR [file:/Users/aronstephencordova/.m2/repository/jakarta/activation/jakarta.activation-api/2.1.4/jakarta.activation-api-2.1.4.jar] from classpath
2026-06-07 22:50:05 DEBUG org.apache.jasper.servlet.TldScanner - No TLD files were found in [file:/Users/aronstephencordova/.m2/repository/jakarta/activation/jakarta.activation-api/2.1.4/jakarta.activation-api-2.1.4.jar]. Consider adding the JAR to the tomcat.util.scan.StandardJarScanFilter.jarsToSkip property in CATALINA_BASE/conf/catalina.properties file.
2026-06-07 22:50:05 DEBUG org.apache.tomcat.util.scan.StandardJarScanner - Scanning JAR [file:/Users/aronstephencordova/.m2/repository/net/bytebuddy/byte-buddy/1.17.8/byte-buddy-1.17.8.jar] from classpath
2026-06-07 22:50:05 DEBUG org.apache.jasper.servlet.TldScanner - No TLD files were found in [file:/Users/aronstephencordova/.m2/repository/net/bytebuddy/byte-buddy/1.17.8/byte-buddy-1.17.8.jar]. Consider adding the JAR to the tomcat.util.scan.StandardJarScanFilter.jarsToSkip property in CATALINA_BASE/conf/catalina.properties file.
2026-06-07 22:50:05 DEBUG org.apache.tomcat.util.scan.StandardJarScanner - Scanning JAR [file:/Users/aronstephencordova/.m2/repository/org/jspecify/jspecify/1.0.0/jspecify-1.0.0.jar] from classpath
2026-06-07 22:50:05 DEBUG org.apache.jasper.servlet.TldScanner - No TLD files were found in [file:/Users/aronstephencordova/.m2/repository/org/jspecify/jspecify/1.0.0/jspecify-1.0.0.jar]. Consider adding the JAR to the tomcat.util.scan.StandardJarScanFilter.jarsToSkip property in CATALINA_BASE/conf/catalina.properties file.
2026-06-07 22:50:05 DEBUG org.apache.tomcat.util.scan.StandardJarScanner - Scanning JAR [file:/Users/aronstephencordova/.m2/repository/com/zaxxer/HikariCP/7.0.2/HikariCP-7.0.2.jar] from classpath
2026-06-07 22:50:05 DEBUG org.apache.jasper.servlet.TldScanner - No TLD files were found in [file:/Users/aronstephencordova/.m2/repository/com/zaxxer/HikariCP/7.0.2/HikariCP-7.0.2.jar]. Consider adding the JAR to the tomcat.util.scan.StandardJarScanFilter.jarsToSkip property in CATALINA_BASE/conf/catalina.properties file.
2026-06-07 22:50:05 DEBUG org.apache.tomcat.util.scan.StandardJarScanner - Scanning JAR [file:/Users/aronstephencordova/.m2/repository/jakarta/persistence/jakarta.persistence-api/3.2.0/jakarta.persistence-api-3.2.0.jar] from classpath
2026-06-07 22:50:05 DEBUG org.apache.jasper.servlet.TldScanner - No TLD files were found in [file:/Users/aronstephencordova/.m2/repository/jakarta/persistence/jakarta.persistence-api/3.2.0/jakarta.persistence-api-3.2.0.jar]. Consider adding the JAR to the tomcat.util.scan.StandardJarScanFilter.jarsToSkip property in CATALINA_BASE/conf/catalina.properties file.
2026-06-07 22:50:05 DEBUG org.apache.tomcat.util.scan.StandardJarScanner - Scanning JAR [file:/Users/aronstephencordova/.m2/repository/jakarta/transaction/jakarta.transaction-api/2.0.1/jakarta.transaction-api-2.0.1.jar] from classpath
2026-06-07 22:50:05 DEBUG org.apache.jasper.servlet.TldScanner - No TLD files were found in [file:/Users/aronstephencordova/.m2/repository/jakarta/transaction/jakarta.transaction-api/2.0.1/jakarta.transaction-api-2.0.1.jar]. Consider adding the JAR to the tomcat.util.scan.StandardJarScanFilter.jarsToSkip property in CATALINA_BASE/conf/catalina.properties file.
2026-06-07 22:50:05 DEBUG org.apache.tomcat.util.scan.StandardJarScanner - Scanning JAR [file:/Users/aronstephencordova/.m2/repository/org/eclipse/angus/angus-activation/2.0.3/angus-activation-2.0.3.jar] from classpath
2026-06-07 22:50:05 DEBUG org.apache.jasper.servlet.TldScanner - No TLD files were found in [file:/Users/aronstephencordova/.m2/repository/org/eclipse/angus/angus-activation/2.0.3/angus-activation-2.0.3.jar]. Consider adding the JAR to the tomcat.util.scan.StandardJarScanFilter.jarsToSkip property in CATALINA_BASE/conf/catalina.properties file.
2026-06-07 22:50:05 DEBUG org.apache.tomcat.util.scan.StandardJarScanner - Scanning JAR [file:/Users/aronstephencordova/.m2/repository/org/glassfish/jaxb/txw2/4.0.6/txw2-4.0.6.jar] from classpath
2026-06-07 22:50:05 DEBUG org.apache.jasper.servlet.TldScanner - No TLD files were found in [file:/Users/aronstephencordova/.m2/repository/org/glassfish/jaxb/txw2/4.0.6/txw2-4.0.6.jar]. Consider adding the JAR to the tomcat.util.scan.StandardJarScanFilter.jarsToSkip property in CATALINA_BASE/conf/catalina.properties file.
2026-06-07 22:50:05 DEBUG org.apache.tomcat.util.scan.StandardJarScanner - Scanning JAR [file:/Users/aronstephencordova/.m2/repository/com/sun/istack/istack-commons-runtime/4.1.2/istack-commons-runtime-4.1.2.jar] from classpath
2026-06-07 22:50:05 DEBUG org.apache.jasper.servlet.TldScanner - No TLD files were found in [file:/Users/aronstephencordova/.m2/repository/com/sun/istack/istack-commons-runtime/4.1.2/istack-commons-runtime-4.1.2.jar]. Consider adding the JAR to the tomcat.util.scan.StandardJarScanFilter.jarsToSkip property in CATALINA_BASE/conf/catalina.properties file.
2026-06-07 22:50:05 DEBUG org.apache.tomcat.util.scan.StandardJarScanner - Scanning JAR [file:/Users/aronstephencordova/.m2/repository/jakarta/inject/jakarta.inject-api/2.0.1/jakarta.inject-api-2.0.1.jar] from classpath
2026-06-07 22:50:05 DEBUG org.apache.jasper.servlet.TldScanner - No TLD files were found in [file:/Users/aronstephencordova/.m2/repository/jakarta/inject/jakarta.inject-api/2.0.1/jakarta.inject-api-2.0.1.jar]. Consider adding the JAR to the tomcat.util.scan.StandardJarScanFilter.jarsToSkip property in CATALINA_BASE/conf/catalina.properties file.
2026-06-07 22:50:05 DEBUG org.apache.tomcat.util.scan.StandardJarScanner - Scanning JAR [file:/Users/aronstephencordova/.m2/repository/com/mysql/mysql-connector-j/9.6.0/mysql-connector-j-9.6.0.jar] from classpath
2026-06-07 22:50:05 DEBUG org.apache.jasper.servlet.TldScanner - No TLD files were found in [file:/Users/aronstephencordova/.m2/repository/com/mysql/mysql-connector-j/9.6.0/mysql-connector-j-9.6.0.jar]. Consider adding the JAR to the tomcat.util.scan.StandardJarScanFilter.jarsToSkip property in CATALINA_BASE/conf/catalina.properties file.
2026-06-07 22:50:05 DEBUG org.apache.tomcat.util.scan.StandardJarScanner - Scanning JAR [file:/Users/aronstephencordova/.m2/repository/org/mybatis/spring/boot/mybatis-spring-boot-starter/4.0.0/mybatis-spring-boot-starter-4.0.0.jar] from classpath
2026-06-07 22:50:05 DEBUG org.apache.jasper.servlet.TldScanner - No TLD files were found in [file:/Users/aronstephencordova/.m2/repository/org/mybatis/spring/boot/mybatis-spring-boot-starter/4.0.0/mybatis-spring-boot-starter-4.0.0.jar]. Consider adding the JAR to the tomcat.util.scan.StandardJarScanFilter.jarsToSkip property in CATALINA_BASE/conf/catalina.properties file.
2026-06-07 22:50:05 DEBUG org.apache.tomcat.util.scan.StandardJarScanner - Scanning JAR [file:/Users/aronstephencordova/.m2/repository/org/mybatis/spring/boot/mybatis-spring-boot-autoconfigure/4.0.0/mybatis-spring-boot-autoconfigure-4.0.0.jar] from classpath
2026-06-07 22:50:05 DEBUG org.apache.jasper.servlet.TldScanner - No TLD files were found in [file:/Users/aronstephencordova/.m2/repository/org/mybatis/spring/boot/mybatis-spring-boot-autoconfigure/4.0.0/mybatis-spring-boot-autoconfigure-4.0.0.jar]. Consider adding the JAR to the tomcat.util.scan.StandardJarScanFilter.jarsToSkip property in CATALINA_BASE/conf/catalina.properties file.
2026-06-07 22:50:05 DEBUG org.apache.tomcat.util.scan.StandardJarScanner - Scanning JAR [file:/Users/aronstephencordova/.m2/repository/org/mybatis/mybatis/3.5.19/mybatis-3.5.19.jar] from classpath
2026-06-07 22:50:05 DEBUG org.apache.jasper.servlet.TldScanner - No TLD files were found in [file:/Users/aronstephencordova/.m2/repository/org/mybatis/mybatis/3.5.19/mybatis-3.5.19.jar]. Consider adding the JAR to the tomcat.util.scan.StandardJarScanFilter.jarsToSkip property in CATALINA_BASE/conf/catalina.properties file.
2026-06-07 22:50:05 DEBUG org.apache.tomcat.util.scan.StandardJarScanner - Scanning JAR [file:/Users/aronstephencordova/.m2/repository/org/mybatis/mybatis-spring/4.0.0/mybatis-spring-4.0.0.jar] from classpath
2026-06-07 22:50:05 DEBUG org.apache.jasper.servlet.TldScanner - No TLD files were found in [file:/Users/aronstephencordova/.m2/repository/org/mybatis/mybatis-spring/4.0.0/mybatis-spring-4.0.0.jar]. Consider adding the JAR to the tomcat.util.scan.StandardJarScanFilter.jarsToSkip property in CATALINA_BASE/conf/catalina.properties file.
2026-06-07 22:50:05 DEBUG org.apache.tomcat.util.scan.StandardJarScanner - Scanning JAR [file:/Users/aronstephencordova/.m2/repository/org/projectlombok/lombok/1.18.46/lombok-1.18.46.jar] from classpath
2026-06-07 22:50:05 DEBUG org.apache.jasper.servlet.TldScanner - No TLD files were found in [file:/Users/aronstephencordova/.m2/repository/org/projectlombok/lombok/1.18.46/lombok-1.18.46.jar]. Consider adding the JAR to the tomcat.util.scan.StandardJarScanFilter.jarsToSkip property in CATALINA_BASE/conf/catalina.properties file.
2026-06-07 22:50:05 DEBUG org.apache.tomcat.util.scan.StandardJarScanner - Scanning JAR [jrt:/jdk.compiler] from classpath
2026-06-07 22:50:05 DEBUG org.apache.tomcat.util.scan.StandardJarScanner - Scanning JAR [jrt:/java.desktop] from classpath
2026-06-07 22:50:05 DEBUG org.apache.tomcat.util.scan.StandardJarScanner - Scanning JAR [jrt:/jdk.jartool] from classpath
2026-06-07 22:50:05 DEBUG org.apache.tomcat.util.scan.StandardJarScanner - Scanning JAR [jrt:/java.scripting] from classpath
2026-06-07 22:50:05 DEBUG org.apache.tomcat.util.scan.StandardJarScanner - Scanning JAR [jrt:/jdk.management] from classpath
2026-06-07 22:50:05 DEBUG org.apache.tomcat.util.scan.StandardJarScanner - Scanning JAR [jrt:/java.instrument] from classpath
2026-06-07 22:50:05 DEBUG org.apache.tomcat.util.scan.StandardJarScanner - Scanning JAR [jrt:/java.prefs] from classpath
2026-06-07 22:50:05 DEBUG org.apache.tomcat.util.scan.StandardJarScanner - Scanning JAR [jrt:/jdk.management.agent] from classpath
2026-06-07 22:50:05 DEBUG org.apache.tomcat.util.scan.StandardJarScanner - Scanning JAR [jrt:/jdk.localedata] from classpath
2026-06-07 22:50:05 DEBUG org.apache.tomcat.util.scan.StandardJarScanner - Scanning JAR [jrt:/jdk.jfr] from classpath
2026-06-07 22:50:05 DEBUG org.apache.tomcat.util.scan.StandardJarScanner - Scanning JAR [jrt:/java.compiler] from classpath
2026-06-07 22:50:05 DEBUG org.apache.tomcat.util.scan.StandardJarScanner - Scanning JAR [jrt:/jdk.jlink] from classpath
2026-06-07 22:50:05 DEBUG org.apache.tomcat.util.scan.StandardJarScanner - Scanning JAR [jrt:/jdk.internal.ed] from classpath
2026-06-07 22:50:05 DEBUG org.apache.tomcat.util.scan.StandardJarScanner - Scanning JAR [jrt:/jdk.crypto.cryptoki] from classpath
2026-06-07 22:50:05 DEBUG org.apache.tomcat.util.scan.StandardJarScanner - Scanning JAR [jrt:/jdk.nio.mapmode] from classpath
2026-06-07 22:50:05 DEBUG org.apache.tomcat.util.scan.StandardJarScanner - Scanning JAR [jrt:/java.management] from classpath
2026-06-07 22:50:05 DEBUG org.apache.tomcat.util.scan.StandardJarScanner - Scanning JAR [jrt:/jdk.management.jfr] from classpath
2026-06-07 22:50:05 DEBUG org.apache.tomcat.util.scan.StandardJarScanner - Scanning JAR [jrt:/jdk.jstatd] from classpath
2026-06-07 22:50:05 DEBUG org.apache.tomcat.util.scan.StandardJarScanner - Scanning JAR [jrt:/jdk.internal.opt] from classpath
2026-06-07 22:50:05 DEBUG org.apache.tomcat.util.scan.StandardJarScanner - Scanning JAR [jrt:/jdk.httpserver] from classpath
2026-06-07 22:50:05 DEBUG org.apache.tomcat.util.scan.StandardJarScanner - Scanning JAR [jrt:/jdk.unsupported.desktop] from classpath
2026-06-07 22:50:05 DEBUG org.apache.tomcat.util.scan.StandardJarScanner - Scanning JAR [jrt:/java.smartcardio] from classpath
2026-06-07 22:50:05 DEBUG org.apache.tomcat.util.scan.StandardJarScanner - Scanning JAR [jrt:/jdk.net] from classpath
2026-06-07 22:50:05 DEBUG org.apache.tomcat.util.scan.StandardJarScanner - Scanning JAR [jrt:/jdk.internal.md] from classpath
2026-06-07 22:50:05 DEBUG org.apache.tomcat.util.scan.StandardJarScanner - Scanning JAR [jrt:/jdk.unsupported] from classpath
2026-06-07 22:50:05 DEBUG org.apache.tomcat.util.scan.StandardJarScanner - Scanning JAR [jrt:/jdk.jshell] from classpath
2026-06-07 22:50:05 DEBUG org.apache.tomcat.util.scan.StandardJarScanner - Scanning JAR [jrt:/java.transaction.xa] from classpath
2026-06-07 22:50:05 DEBUG org.apache.tomcat.util.scan.StandardJarScanner - Scanning JAR [jrt:/jdk.jdeps] from classpath
2026-06-07 22:50:05 DEBUG org.apache.tomcat.util.scan.StandardJarScanner - Scanning JAR [jrt:/jdk.jsobject] from classpath
2026-06-07 22:50:05 DEBUG org.apache.tomcat.util.scan.StandardJarScanner - Scanning JAR [jrt:/jdk.naming.rmi] from classpath
2026-06-07 22:50:05 DEBUG org.apache.tomcat.util.scan.StandardJarScanner - Scanning JAR [jrt:/java.logging] from classpath
2026-06-07 22:50:05 DEBUG org.apache.tomcat.util.scan.StandardJarScanner - Scanning JAR [jrt:/java.xml] from classpath
2026-06-07 22:50:05 DEBUG org.apache.tomcat.util.scan.StandardJarScanner - Scanning JAR [jrt:/java.base] from classpath
2026-06-07 22:50:05 DEBUG org.apache.tomcat.util.scan.StandardJarScanner - Scanning JAR [jrt:/jdk.jpackage] from classpath
2026-06-07 22:50:05 DEBUG org.apache.tomcat.util.scan.StandardJarScanner - Scanning JAR [jrt:/jdk.sctp] from classpath
2026-06-07 22:50:05 DEBUG org.apache.tomcat.util.scan.StandardJarScanner - Scanning JAR [jrt:/java.naming] from classpath
2026-06-07 22:50:05 DEBUG org.apache.tomcat.util.scan.StandardJarScanner - Scanning JAR [jrt:/jdk.security.jgss] from classpath
2026-06-07 22:50:05 DEBUG org.apache.tomcat.util.scan.StandardJarScanner - Scanning JAR [jrt:/jdk.internal.jvmstat] from classpath
2026-06-07 22:50:05 DEBUG org.apache.tomcat.util.scan.StandardJarScanner - Scanning JAR [jrt:/jdk.charsets] from classpath
2026-06-07 22:50:05 DEBUG org.apache.tomcat.util.scan.StandardJarScanner - Scanning JAR [jrt:/jdk.jdi] from classpath
2026-06-07 22:50:05 DEBUG org.apache.tomcat.util.scan.StandardJarScanner - Scanning JAR [jrt:/jdk.javadoc] from classpath
2026-06-07 22:50:05 DEBUG org.apache.tomcat.util.scan.StandardJarScanner - Scanning JAR [jrt:/jdk.jconsole] from classpath
2026-06-07 22:50:05 DEBUG org.apache.tomcat.util.scan.StandardJarScanner - Scanning JAR [jrt:/java.security.jgss] from classpath
2026-06-07 22:50:05 DEBUG org.apache.tomcat.util.scan.StandardJarScanner - Scanning JAR [jrt:/jdk.internal.le] from classpath
2026-06-07 22:50:05 DEBUG org.apache.tomcat.util.scan.StandardJarScanner - Scanning JAR [jrt:/jdk.dynalink] from classpath
2026-06-07 22:50:05 DEBUG org.apache.tomcat.util.scan.StandardJarScanner - Scanning JAR [jrt:/java.sql.rowset] from classpath
2026-06-07 22:50:05 DEBUG org.apache.tomcat.util.scan.StandardJarScanner - Scanning JAR [jrt:/jdk.editpad] from classpath
2026-06-07 22:50:05 DEBUG org.apache.tomcat.util.scan.StandardJarScanner - Scanning JAR [jrt:/jdk.naming.dns] from classpath
2026-06-07 22:50:05 DEBUG org.apache.tomcat.util.scan.StandardJarScanner - Scanning JAR [jrt:/java.sql] from classpath
2026-06-07 22:50:05 DEBUG org.apache.tomcat.util.scan.StandardJarScanner - Scanning JAR [jrt:/java.datatransfer] from classpath
2026-06-07 22:50:05 DEBUG org.apache.tomcat.util.scan.StandardJarScanner - Scanning JAR [jrt:/java.xml.crypto] from classpath
2026-06-07 22:50:05 DEBUG org.apache.tomcat.util.scan.StandardJarScanner - Scanning JAR [jrt:/jdk.zipfs] from classpath
2026-06-07 22:50:05 DEBUG org.apache.tomcat.util.scan.StandardJarScanner - Scanning JAR [jrt:/java.security.sasl] from classpath
2026-06-07 22:50:05 DEBUG org.apache.tomcat.util.scan.StandardJarScanner - Scanning JAR [jrt:/jdk.security.auth] from classpath
2026-06-07 22:50:05 DEBUG org.apache.tomcat.util.scan.StandardJarScanner - Scanning JAR [jrt:/jdk.xml.dom] from classpath
2026-06-07 22:50:05 DEBUG org.apache.tomcat.util.scan.StandardJarScanner - Scanning JAR [jrt:/java.rmi] from classpath
2026-06-07 22:50:05 DEBUG org.apache.tomcat.util.scan.StandardJarScanner - Scanning JAR [jrt:/jdk.accessibility] from classpath
2026-06-07 22:50:05 DEBUG org.apache.tomcat.util.scan.StandardJarScanner - Scanning JAR [jrt:/java.management.rmi] from classpath
2026-06-07 22:50:05 DEBUG org.apache.tomcat.util.scan.StandardJarScanner - Scanning JAR [jrt:/jdk.jdwp.agent] from classpath
2026-06-07 22:50:05 DEBUG org.apache.tomcat.util.scan.StandardJarScanner - Scanning JAR [jrt:/java.net.http] from classpath
2026-06-07 22:50:05 DEBUG org.apache.tomcat.util.scan.StandardJarScanner - Scanning JAR [jrt:/jdk.attach] from classpath
2026-06-07 22:50:05 INFO  org.apache.jasper.servlet.TldScanner - At least one JAR was scanned for TLDs yet contained no TLDs. Enable debug logging for this logger for a complete list of JARs that were scanned but no TLDs were found in them. Skipping unneeded JARs during scanning can improve startup time and JSP compilation time.
2026-06-07 22:50:05 DEBUG org.springframework.boot.web.context.servlet.WebApplicationContextInitializer - Published root WebApplicationContext as ServletContext attribute with name [org.springframework.web.context.WebApplicationContext.ROOT]
2026-06-07 22:50:05 INFO  org.springframework.boot.web.context.servlet.WebApplicationContextInitializer - Root WebApplicationContext: initialization completed in 557 ms
2026-06-07 22:50:05 DEBUG org.springframework.beans.factory.support.DefaultListableBeanFactory - Creating shared instance of singleton bean 'requestContextFilter'
2026-06-07 22:50:05 DEBUG org.springframework.beans.factory.support.DefaultListableBeanFactory - Creating shared instance of singleton bean 'formContentFilter'
2026-06-07 22:50:05 DEBUG org.springframework.beans.factory.support.DefaultListableBeanFactory - Creating shared instance of singleton bean 'org.springframework.boot.webmvc.autoconfigure.WebMvcAutoConfiguration'
2026-06-07 22:50:05 DEBUG org.springframework.beans.factory.support.DefaultListableBeanFactory - Creating shared instance of singleton bean 'characterEncodingFilter'
2026-06-07 22:50:05 DEBUG org.springframework.beans.factory.support.DefaultListableBeanFactory - Creating shared instance of singleton bean 'org.springframework.boot.servlet.autoconfigure.HttpEncodingAutoConfiguration'
2026-06-07 22:50:05 DEBUG org.springframework.beans.factory.support.DefaultListableBeanFactory - Creating shared instance of singleton bean 'spring.servlet.encoding-org.springframework.boot.servlet.autoconfigure.ServletEncodingProperties'
2026-06-07 22:50:05 DEBUG org.springframework.beans.factory.support.DefaultListableBeanFactory - Autowiring by type from bean name 'characterEncodingFilter' via factory method to bean named 'spring.servlet.encoding-org.springframework.boot.servlet.autoconfigure.ServletEncodingProperties'
2026-06-07 22:50:05 DEBUG org.springframework.boot.web.servlet.ServletContextInitializerBeans - Mapping filters: characterEncodingFilter urls=[/*] order=-2147483648, formContentFilter urls=[/*] order=-9900, requestContextFilter urls=[/*] order=-105
2026-06-07 22:50:05 DEBUG org.springframework.boot.web.servlet.ServletContextInitializerBeans - Mapping servlets: dispatcherServlet urls=[/]
2026-06-07 22:50:05 DEBUG org.apache.catalina.core.ContainerBase - Add container child [StandardWrapper[dispatcherServlet]] to container [StandardEngine[Tomcat].StandardHost[localhost].TomcatEmbeddedContext[]]
2026-06-07 22:50:05 DEBUG org.apache.catalina.util.LifecycleBase - Setting state for [StandardEngine[Tomcat].StandardHost[localhost].TomcatEmbeddedContext[].StandardWrapper[dispatcherServlet]] to [INITIALIZING]
2026-06-07 22:50:05 DEBUG org.apache.catalina.util.LifecycleBase - Setting state for [StandardEngine[Tomcat].StandardHost[localhost].TomcatEmbeddedContext[].StandardWrapper[dispatcherServlet]] to [INITIALIZED]
2026-06-07 22:50:05 DEBUG org.apache.catalina.util.LifecycleBase - Setting state for [StandardEngine[Tomcat].StandardHost[localhost].TomcatEmbeddedContext[].StandardWrapper[dispatcherServlet]] to [STARTING_PREP]
2026-06-07 22:50:05 DEBUG org.apache.catalina.util.LifecycleBase - Setting state for [StandardPipeline[StandardEngine[Tomcat].StandardHost[localhost].TomcatEmbeddedContext[].StandardWrapper[dispatcherServlet]]] to [INITIALIZING]
2026-06-07 22:50:05 DEBUG org.apache.catalina.util.LifecycleBase - Setting state for [StandardPipeline[StandardEngine[Tomcat].StandardHost[localhost].TomcatEmbeddedContext[].StandardWrapper[dispatcherServlet]]] to [INITIALIZED]
2026-06-07 22:50:05 DEBUG org.apache.catalina.util.LifecycleBase - Setting state for [StandardPipeline[StandardEngine[Tomcat].StandardHost[localhost].TomcatEmbeddedContext[].StandardWrapper[dispatcherServlet]]] to [STARTING_PREP]
2026-06-07 22:50:05 DEBUG org.apache.catalina.util.LifecycleBase - Setting state for [StandardWrapperValve[StandardEngine[Tomcat].StandardHost[localhost].TomcatEmbeddedContext[].StandardWrapper[dispatcherServlet]]] to [INITIALIZING]
2026-06-07 22:50:05 DEBUG org.apache.catalina.util.LifecycleBase - Setting state for [StandardWrapperValve[StandardEngine[Tomcat].StandardHost[localhost].TomcatEmbeddedContext[].StandardWrapper[dispatcherServlet]]] to [INITIALIZED]
2026-06-07 22:50:05 DEBUG org.apache.catalina.util.LifecycleBase - Setting state for [StandardWrapperValve[StandardEngine[Tomcat].StandardHost[localhost].TomcatEmbeddedContext[].StandardWrapper[dispatcherServlet]]] to [STARTING_PREP]
2026-06-07 22:50:05 DEBUG org.apache.catalina.util.LifecycleBase - Setting state for [StandardWrapperValve[StandardEngine[Tomcat].StandardHost[localhost].TomcatEmbeddedContext[].StandardWrapper[dispatcherServlet]]] to [STARTING]
2026-06-07 22:50:05 DEBUG org.apache.catalina.util.LifecycleBase - Setting state for [StandardWrapperValve[StandardEngine[Tomcat].StandardHost[localhost].TomcatEmbeddedContext[].StandardWrapper[dispatcherServlet]]] to [STARTED]
2026-06-07 22:50:05 DEBUG org.apache.catalina.util.LifecycleBase - Setting state for [StandardPipeline[StandardEngine[Tomcat].StandardHost[localhost].TomcatEmbeddedContext[].StandardWrapper[dispatcherServlet]]] to [STARTING]
2026-06-07 22:50:05 DEBUG org.apache.catalina.util.LifecycleBase - Setting state for [StandardPipeline[StandardEngine[Tomcat].StandardHost[localhost].TomcatEmbeddedContext[].StandardWrapper[dispatcherServlet]]] to [STARTED]
2026-06-07 22:50:05 DEBUG org.apache.catalina.util.LifecycleBase - Setting state for [StandardEngine[Tomcat].StandardHost[localhost].TomcatEmbeddedContext[].StandardWrapper[dispatcherServlet]] to [STARTING]
2026-06-07 22:50:05 DEBUG org.apache.catalina.util.LifecycleBase - Setting state for [StandardEngine[Tomcat].StandardHost[localhost].TomcatEmbeddedContext[].StandardWrapper[dispatcherServlet]] to [STARTED]
2026-06-07 22:50:05 DEBUG org.apache.catalina.util.LifecycleBase - Setting state for [StandardManager[StandardEngine[Tomcat].StandardHost[localhost].TomcatEmbeddedContext[]]] to [INITIALIZING]
2026-06-07 22:50:05 DEBUG org.apache.catalina.util.LifecycleBase - Setting state for [StandardManager[StandardEngine[Tomcat].StandardHost[localhost].TomcatEmbeddedContext[]]] to [INITIALIZED]
2026-06-07 22:50:05 DEBUG org.apache.catalina.util.LifecycleBase - Setting state for [StandardManager[StandardEngine[Tomcat].StandardHost[localhost].TomcatEmbeddedContext[]]] to [STARTING_PREP]
2026-06-07 22:50:05 DEBUG org.apache.catalina.util.LifecycleBase - Setting state for [org.springframework.boot.tomcat.LazySessionIdGenerator@87d9a01] to [INITIALIZING]
2026-06-07 22:50:05 DEBUG org.apache.catalina.util.LifecycleBase - Setting state for [org.springframework.boot.tomcat.LazySessionIdGenerator@87d9a01] to [INITIALIZED]
2026-06-07 22:50:05 DEBUG org.apache.catalina.util.LifecycleBase - Setting state for [org.springframework.boot.tomcat.LazySessionIdGenerator@87d9a01] to [STARTING_PREP]
2026-06-07 22:50:05 DEBUG org.apache.catalina.util.LifecycleBase - Setting state for [org.springframework.boot.tomcat.LazySessionIdGenerator@87d9a01] to [STARTING]
2026-06-07 22:50:05 DEBUG org.apache.catalina.util.LifecycleBase - Setting state for [org.springframework.boot.tomcat.LazySessionIdGenerator@87d9a01] to [STARTED]
2026-06-07 22:50:05 DEBUG org.apache.catalina.util.LifecycleBase - Setting state for [StandardManager[StandardEngine[Tomcat].StandardHost[localhost].TomcatEmbeddedContext[]]] to [STARTING]
2026-06-07 22:50:05 DEBUG org.apache.catalina.util.LifecycleBase - Setting state for [StandardManager[StandardEngine[Tomcat].StandardHost[localhost].TomcatEmbeddedContext[]]] to [STARTED]
2026-06-07 22:50:05 DEBUG org.springframework.boot.servlet.filter.OrderedRequestContextFilter - Filter 'requestContextFilter' configured for use
2026-06-07 22:50:05 DEBUG org.springframework.boot.servlet.filter.OrderedCharacterEncodingFilter - Filter 'characterEncodingFilter' configured for use
2026-06-07 22:50:05 DEBUG org.springframework.boot.servlet.filter.OrderedFormContentFilter - Filter 'formContentFilter' configured for use
2026-06-07 22:50:05 DEBUG org.apache.catalina.util.LifecycleBase - Setting state for [StandardEngine[Tomcat].StandardHost[localhost].TomcatEmbeddedContext[]] to [STARTING]
2026-06-07 22:50:05 DEBUG org.apache.catalina.util.LifecycleBase - Setting state for [StandardEngine[Tomcat].StandardHost[localhost].TomcatEmbeddedContext[]] to [STARTED]
2026-06-07 22:50:05 DEBUG org.apache.catalina.util.LifecycleBase - Setting state for [StandardPipeline[StandardEngine[Tomcat].StandardHost[localhost]]] to [INITIALIZING]
2026-06-07 22:50:05 DEBUG org.apache.catalina.util.LifecycleBase - Setting state for [StandardPipeline[StandardEngine[Tomcat].StandardHost[localhost]]] to [INITIALIZED]
2026-06-07 22:50:05 DEBUG org.apache.catalina.util.LifecycleBase - Setting state for [StandardPipeline[StandardEngine[Tomcat].StandardHost[localhost]]] to [STARTING_PREP]
2026-06-07 22:50:05 DEBUG org.apache.catalina.util.LifecycleBase - Setting state for [ErrorReportValve[StandardEngine[Tomcat].StandardHost[localhost]]] to [INITIALIZING]
2026-06-07 22:50:05 DEBUG org.apache.catalina.util.LifecycleBase - Setting state for [ErrorReportValve[StandardEngine[Tomcat].StandardHost[localhost]]] to [INITIALIZED]
2026-06-07 22:50:05 DEBUG org.apache.catalina.util.LifecycleBase - Setting state for [ErrorReportValve[StandardEngine[Tomcat].StandardHost[localhost]]] to [STARTING_PREP]
2026-06-07 22:50:05 DEBUG org.apache.catalina.util.LifecycleBase - Setting state for [ErrorReportValve[StandardEngine[Tomcat].StandardHost[localhost]]] to [STARTING]
2026-06-07 22:50:05 DEBUG org.apache.catalina.util.LifecycleBase - Setting state for [ErrorReportValve[StandardEngine[Tomcat].StandardHost[localhost]]] to [STARTED]
2026-06-07 22:50:05 DEBUG org.apache.catalina.util.LifecycleBase - Setting state for [StandardHostValve[StandardEngine[Tomcat].StandardHost[localhost]]] to [INITIALIZING]
2026-06-07 22:50:05 DEBUG org.apache.catalina.util.LifecycleBase - Setting state for [StandardHostValve[StandardEngine[Tomcat].StandardHost[localhost]]] to [INITIALIZED]
2026-06-07 22:50:05 DEBUG org.apache.catalina.util.LifecycleBase - Setting state for [StandardHostValve[StandardEngine[Tomcat].StandardHost[localhost]]] to [STARTING_PREP]
2026-06-07 22:50:05 DEBUG org.apache.catalina.util.LifecycleBase - Setting state for [StandardHostValve[StandardEngine[Tomcat].StandardHost[localhost]]] to [STARTING]
2026-06-07 22:50:05 DEBUG org.apache.catalina.util.LifecycleBase - Setting state for [StandardHostValve[StandardEngine[Tomcat].StandardHost[localhost]]] to [STARTED]
2026-06-07 22:50:05 DEBUG org.apache.catalina.util.LifecycleBase - Setting state for [StandardPipeline[StandardEngine[Tomcat].StandardHost[localhost]]] to [STARTING]
2026-06-07 22:50:05 DEBUG org.apache.catalina.util.LifecycleBase - Setting state for [StandardPipeline[StandardEngine[Tomcat].StandardHost[localhost]]] to [STARTED]
2026-06-07 22:50:05 DEBUG org.apache.catalina.util.LifecycleBase - Setting state for [StandardEngine[Tomcat].StandardHost[localhost]] to [STARTING]
2026-06-07 22:50:05 DEBUG org.apache.catalina.util.LifecycleBase - Setting state for [StandardEngine[Tomcat].StandardHost[localhost]] to [STARTED]
2026-06-07 22:50:05 DEBUG org.apache.catalina.util.LifecycleBase - Setting state for [StandardPipeline[StandardEngine[Tomcat]]] to [INITIALIZING]
2026-06-07 22:50:05 DEBUG org.apache.catalina.util.LifecycleBase - Setting state for [StandardPipeline[StandardEngine[Tomcat]]] to [INITIALIZED]
2026-06-07 22:50:05 DEBUG org.apache.catalina.util.LifecycleBase - Setting state for [StandardPipeline[StandardEngine[Tomcat]]] to [STARTING_PREP]
2026-06-07 22:50:05 DEBUG org.apache.catalina.util.LifecycleBase - Setting state for [StandardEngineValve[StandardEngine[Tomcat]]] to [INITIALIZING]
2026-06-07 22:50:05 DEBUG org.apache.catalina.util.LifecycleBase - Setting state for [StandardEngineValve[StandardEngine[Tomcat]]] to [INITIALIZED]
2026-06-07 22:50:05 DEBUG org.apache.catalina.util.LifecycleBase - Setting state for [StandardEngineValve[StandardEngine[Tomcat]]] to [STARTING_PREP]
2026-06-07 22:50:05 DEBUG org.apache.catalina.util.LifecycleBase - Setting state for [StandardEngineValve[StandardEngine[Tomcat]]] to [STARTING]
2026-06-07 22:50:05 DEBUG org.apache.catalina.util.LifecycleBase - Setting state for [StandardEngineValve[StandardEngine[Tomcat]]] to [STARTED]
2026-06-07 22:50:05 DEBUG org.apache.catalina.util.LifecycleBase - Setting state for [StandardPipeline[StandardEngine[Tomcat]]] to [STARTING]
2026-06-07 22:50:05 DEBUG org.apache.catalina.util.LifecycleBase - Setting state for [StandardPipeline[StandardEngine[Tomcat]]] to [STARTED]
2026-06-07 22:50:05 DEBUG org.apache.catalina.util.LifecycleBase - Setting state for [StandardEngine[Tomcat]] to [STARTING]
2026-06-07 22:50:05 DEBUG org.apache.catalina.util.LifecycleBase - Setting state for [StandardEngine[Tomcat]] to [STARTED]
2026-06-07 22:50:05 DEBUG org.apache.catalina.util.LifecycleBase - Setting state for [org.apache.catalina.mapper.MapperListener@63bfdbcb] to [STARTING_PREP]
2026-06-07 22:50:05 DEBUG org.apache.catalina.util.LifecycleBase - Setting state for [org.apache.catalina.mapper.MapperListener@63bfdbcb] to [STARTING]
2026-06-07 22:50:05 DEBUG org.apache.catalina.mapper.Mapper - Registered host [localhost]
2026-06-07 22:50:05 DEBUG org.apache.catalina.mapper.MapperListener - Register Wrapper [jsp] in Context [] for service [StandardService[Tomcat]]
2026-06-07 22:50:05 DEBUG org.apache.catalina.mapper.MapperListener - Register Wrapper [dispatcherServlet] in Context [] for service [StandardService[Tomcat]]
2026-06-07 22:50:05 DEBUG org.apache.catalina.mapper.MapperListener - Register Context [] for service [StandardService[Tomcat]]
2026-06-07 22:50:05 DEBUG org.apache.catalina.mapper.MapperListener - Register host [localhost] at domain [null] for service [StandardService[Tomcat]]
2026-06-07 22:50:05 DEBUG org.apache.catalina.util.LifecycleBase - Setting state for [org.apache.catalina.mapper.MapperListener@63bfdbcb] to [STARTED]
2026-06-07 22:50:05 DEBUG org.apache.catalina.util.LifecycleBase - Setting state for [StandardService[Tomcat]] to [STARTED]
2026-06-07 22:50:05 DEBUG org.apache.catalina.util.LifecycleBase - Setting state for [StandardServer[-1]] to [STARTED]
2026-06-07 22:50:05 DEBUG org.springframework.beans.factory.support.DefaultListableBeanFactory - Creating shared instance of singleton bean 'applicationTaskExecutor'
2026-06-07 22:50:05 DEBUG org.springframework.beans.factory.support.DefaultListableBeanFactory - Creating shared instance of singleton bean 'org.springframework.boot.autoconfigure.task.TaskExecutorConfigurations$TaskExecutorConfiguration'
2026-06-07 22:50:05 DEBUG org.springframework.beans.factory.support.DefaultListableBeanFactory - Creating shared instance of singleton bean 'threadPoolTaskExecutorBuilder'
2026-06-07 22:50:05 DEBUG org.springframework.beans.factory.support.DefaultListableBeanFactory - Creating shared instance of singleton bean 'org.springframework.boot.autoconfigure.task.TaskExecutorConfigurations$ThreadPoolTaskExecutorBuilderConfiguration'
2026-06-07 22:50:05 DEBUG org.springframework.beans.factory.support.DefaultListableBeanFactory - Creating shared instance of singleton bean 'spring.task.execution-org.springframework.boot.autoconfigure.task.TaskExecutionProperties'
2026-06-07 22:50:05 DEBUG org.springframework.beans.factory.support.DefaultListableBeanFactory - Autowiring by type from bean name 'threadPoolTaskExecutorBuilder' via factory method to bean named 'spring.task.execution-org.springframework.boot.autoconfigure.task.TaskExecutionProperties'
2026-06-07 22:50:05 DEBUG org.springframework.beans.factory.support.DefaultListableBeanFactory - Autowiring by type from bean name 'applicationTaskExecutor' via factory method to bean named 'threadPoolTaskExecutorBuilder'
2026-06-07 22:50:05 DEBUG org.springframework.scheduling.concurrent.ThreadPoolTaskExecutor - Initializing ExecutorService 'applicationTaskExecutor'
2026-06-07 22:50:05 DEBUG org.springframework.beans.factory.support.DefaultListableBeanFactory - Creating shared instance of singleton bean 'dataSourceScriptDatabaseInitializer'
2026-06-07 22:50:05 DEBUG org.springframework.beans.factory.support.DefaultListableBeanFactory - Creating shared instance of singleton bean 'org.springframework.boot.jdbc.autoconfigure.DataSourceInitializationAutoConfiguration'
2026-06-07 22:50:05 DEBUG org.springframework.beans.factory.support.DefaultListableBeanFactory - Creating shared instance of singleton bean 'dataSource'
2026-06-07 22:50:05 DEBUG org.springframework.beans.factory.support.DefaultListableBeanFactory - Creating shared instance of singleton bean 'org.springframework.boot.jdbc.autoconfigure.DataSourceConfiguration$Hikari'
2026-06-07 22:50:05 DEBUG org.springframework.beans.factory.support.DefaultListableBeanFactory - Creating shared instance of singleton bean 'spring.datasource-org.springframework.boot.jdbc.autoconfigure.DataSourceProperties'
2026-06-07 22:50:05 DEBUG org.springframework.beans.factory.support.DefaultListableBeanFactory - Creating shared instance of singleton bean 'jdbcConnectionDetails'
2026-06-07 22:50:05 DEBUG org.springframework.beans.factory.support.DefaultListableBeanFactory - Creating shared instance of singleton bean 'org.springframework.boot.jdbc.autoconfigure.DataSourceAutoConfiguration$PooledDataSourceConfiguration'
2026-06-07 22:50:05 DEBUG org.springframework.beans.factory.support.DefaultListableBeanFactory - Autowiring by type from bean name 'jdbcConnectionDetails' via factory method to bean named 'spring.datasource-org.springframework.boot.jdbc.autoconfigure.DataSourceProperties'
2026-06-07 22:50:05 DEBUG org.springframework.beans.factory.support.DefaultListableBeanFactory - Autowiring by type from bean name 'dataSource' via factory method to bean named 'spring.datasource-org.springframework.boot.jdbc.autoconfigure.DataSourceProperties'
2026-06-07 22:50:05 DEBUG org.springframework.beans.factory.support.DefaultListableBeanFactory - Autowiring by type from bean name 'dataSource' via factory method to bean named 'jdbcConnectionDetails'
2026-06-07 22:50:05 DEBUG org.springframework.beans.factory.support.DefaultListableBeanFactory - Autowiring by type from bean name 'dataSource' via factory method to bean named 'environment'
2026-06-07 22:50:05 WARN  org.springframework.boot.web.server.servlet.context.AnnotationConfigServletWebServerApplicationContext - Exception encountered during context initialization - cancelling refresh attempt: org.springframework.beans.factory.BeanCreationException: Error creating bean with name 'entityManagerFactory' defined in class path resource [org/springframework/boot/hibernate/autoconfigure/HibernateJpaConfiguration.class]: Failed to initialize dependency 'dataSourceScriptDatabaseInitializer' of LoadTimeWeaverAware bean 'entityManagerFactory': Error creating bean with name 'dataSourceScriptDatabaseInitializer' defined in class path resource [org/springframework/boot/jdbc/autoconfigure/DataSourceInitializationAutoConfiguration.class]: Unsatisfied dependency expressed through method 'dataSourceScriptDatabaseInitializer' parameter 0: Error creating bean with name 'dataSource' defined in class path resource [org/springframework/boot/jdbc/autoconfigure/DataSourceConfiguration$Hikari.class]: Failed to instantiate [com.zaxxer.hikari.HikariDataSource]: Factory method 'dataSource' threw exception with message: Failed to determine a suitable driver class
2026-06-07 22:50:05 DEBUG org.springframework.scheduling.concurrent.ThreadPoolTaskExecutor - Shutting down ExecutorService 'applicationTaskExecutor'
2026-06-07 22:50:05 DEBUG org.apache.catalina.util.LifecycleBase - Setting state for [StandardServer[-1]] to [STOPPING_PREP]
2026-06-07 22:50:05 DEBUG org.apache.catalina.util.LifecycleBase - Setting state for [StandardServer[-1]] to [STOPPING]
2026-06-07 22:50:05 DEBUG org.apache.catalina.util.LifecycleBase - Setting state for [StandardService[Tomcat]] to [STOPPING_PREP]
2026-06-07 22:50:05 INFO  org.apache.catalina.core.StandardService - Stopping service [Tomcat]
2026-06-07 22:50:05 DEBUG org.apache.catalina.util.LifecycleBase - Setting state for [StandardService[Tomcat]] to [STOPPING]
2026-06-07 22:50:05 DEBUG org.apache.catalina.util.LifecycleBase - Setting state for [StandardEngine[Tomcat]] to [STOPPING_PREP]
2026-06-07 22:50:05 DEBUG org.apache.catalina.util.LifecycleBase - Setting state for [StandardEngine[Tomcat]] to [STOPPING]
2026-06-07 22:50:05 DEBUG org.apache.catalina.util.LifecycleBase - Setting state for [StandardPipeline[StandardEngine[Tomcat]]] to [STOPPING_PREP]
2026-06-07 22:50:05 DEBUG org.apache.catalina.util.LifecycleBase - Setting state for [StandardPipeline[StandardEngine[Tomcat]]] to [STOPPING]
2026-06-07 22:50:05 DEBUG org.apache.catalina.util.LifecycleBase - Setting state for [StandardEngineValve[StandardEngine[Tomcat]]] to [STOPPING_PREP]
2026-06-07 22:50:05 DEBUG org.apache.catalina.util.LifecycleBase - Setting state for [StandardEngineValve[StandardEngine[Tomcat]]] to [STOPPING]
2026-06-07 22:50:05 DEBUG org.apache.catalina.util.LifecycleBase - Setting state for [StandardEngineValve[StandardEngine[Tomcat]]] to [STOPPED]
2026-06-07 22:50:05 DEBUG org.apache.catalina.util.LifecycleBase - Setting state for [StandardPipeline[StandardEngine[Tomcat]]] to [STOPPED]
2026-06-07 22:50:05 DEBUG org.apache.catalina.util.LifecycleBase - Setting state for [StandardEngine[Tomcat].StandardHost[localhost]] to [STOPPING_PREP]
2026-06-07 22:50:05 DEBUG org.apache.catalina.mapper.MapperListener - Unregister host [localhost] at domain [null] for service [StandardService[Tomcat]]
2026-06-07 22:50:05 DEBUG org.apache.catalina.util.LifecycleBase - Setting state for [StandardEngine[Tomcat].StandardHost[localhost]] to [STOPPING]
2026-06-07 22:50:05 DEBUG org.apache.catalina.util.LifecycleBase - Setting state for [StandardPipeline[StandardEngine[Tomcat].StandardHost[localhost]]] to [STOPPING_PREP]
2026-06-07 22:50:05 DEBUG org.apache.catalina.util.LifecycleBase - Setting state for [StandardPipeline[StandardEngine[Tomcat].StandardHost[localhost]]] to [STOPPING]
2026-06-07 22:50:05 DEBUG org.apache.catalina.util.LifecycleBase - Setting state for [ErrorReportValve[StandardEngine[Tomcat].StandardHost[localhost]]] to [STOPPING_PREP]
2026-06-07 22:50:05 DEBUG org.apache.catalina.util.LifecycleBase - Setting state for [ErrorReportValve[StandardEngine[Tomcat].StandardHost[localhost]]] to [STOPPING]
2026-06-07 22:50:05 DEBUG org.apache.catalina.util.LifecycleBase - Setting state for [ErrorReportValve[StandardEngine[Tomcat].StandardHost[localhost]]] to [STOPPED]
2026-06-07 22:50:05 DEBUG org.apache.catalina.util.LifecycleBase - Setting state for [StandardHostValve[StandardEngine[Tomcat].StandardHost[localhost]]] to [STOPPING_PREP]
2026-06-07 22:50:05 DEBUG org.apache.catalina.util.LifecycleBase - Setting state for [StandardHostValve[StandardEngine[Tomcat].StandardHost[localhost]]] to [STOPPING]
2026-06-07 22:50:05 DEBUG org.apache.catalina.util.LifecycleBase - Setting state for [StandardHostValve[StandardEngine[Tomcat].StandardHost[localhost]]] to [STOPPED]
2026-06-07 22:50:05 DEBUG org.apache.catalina.util.LifecycleBase - Setting state for [StandardPipeline[StandardEngine[Tomcat].StandardHost[localhost]]] to [STOPPED]
2026-06-07 22:50:05 DEBUG org.apache.catalina.util.LifecycleBase - Setting state for [StandardEngine[Tomcat].StandardHost[localhost].TomcatEmbeddedContext[]] to [STOPPING_PREP]
2026-06-07 22:50:05 DEBUG org.apache.catalina.mapper.MapperListener - Unregister Context [] for service [StandardService[Tomcat]]
2026-06-07 22:50:05 DEBUG org.apache.catalina.util.LifecycleBase - Setting state for [StandardEngine[Tomcat].StandardHost[localhost].TomcatEmbeddedContext[]] to [STOPPING]
2026-06-07 22:50:05 DEBUG org.apache.catalina.util.LifecycleBase - Setting state for [StandardEngine[Tomcat].StandardHost[localhost].TomcatEmbeddedContext[].StandardWrapper[jsp]] to [STOPPING_PREP]
2026-06-07 22:50:05 DEBUG org.apache.catalina.mapper.MapperListener - Unregister Wrapper [jsp] in Context [] for service [StandardService[Tomcat]]
2026-06-07 22:50:05 DEBUG org.apache.catalina.util.LifecycleBase - Setting state for [StandardEngine[Tomcat].StandardHost[localhost].TomcatEmbeddedContext[].StandardWrapper[jsp]] to [STOPPING]
2026-06-07 22:50:05 DEBUG org.apache.catalina.util.LifecycleBase - Setting state for [StandardPipeline[StandardEngine[Tomcat].StandardHost[localhost].TomcatEmbeddedContext[].StandardWrapper[jsp]]] to [STOPPING_PREP]
2026-06-07 22:50:05 DEBUG org.apache.catalina.util.LifecycleBase - Setting state for [StandardPipeline[StandardEngine[Tomcat].StandardHost[localhost].TomcatEmbeddedContext[].StandardWrapper[jsp]]] to [STOPPING]
2026-06-07 22:50:05 DEBUG org.apache.catalina.util.LifecycleBase - Setting state for [StandardWrapperValve[StandardEngine[Tomcat].StandardHost[localhost].TomcatEmbeddedContext[].StandardWrapper[jsp]]] to [STOPPING_PREP]
2026-06-07 22:50:05 DEBUG org.apache.catalina.util.LifecycleBase - Setting state for [StandardWrapperValve[StandardEngine[Tomcat].StandardHost[localhost].TomcatEmbeddedContext[].StandardWrapper[jsp]]] to [STOPPING]
2026-06-07 22:50:05 DEBUG org.apache.catalina.util.LifecycleBase - Setting state for [StandardWrapperValve[StandardEngine[Tomcat].StandardHost[localhost].TomcatEmbeddedContext[].StandardWrapper[jsp]]] to [STOPPED]
2026-06-07 22:50:05 DEBUG org.apache.catalina.util.LifecycleBase - Setting state for [StandardPipeline[StandardEngine[Tomcat].StandardHost[localhost].TomcatEmbeddedContext[].StandardWrapper[jsp]]] to [STOPPED]
2026-06-07 22:50:05 DEBUG org.apache.catalina.util.LifecycleBase - Setting state for [StandardEngine[Tomcat].StandardHost[localhost].TomcatEmbeddedContext[].StandardWrapper[jsp]] to [STOPPED]
2026-06-07 22:50:05 DEBUG org.apache.catalina.util.LifecycleBase - Setting state for [StandardEngine[Tomcat].StandardHost[localhost].TomcatEmbeddedContext[].StandardWrapper[dispatcherServlet]] to [STOPPING_PREP]
2026-06-07 22:50:05 DEBUG org.apache.catalina.mapper.MapperListener - Unregister Wrapper [dispatcherServlet] in Context [] for service [StandardService[Tomcat]]
2026-06-07 22:50:05 DEBUG org.apache.catalina.util.LifecycleBase - Setting state for [StandardEngine[Tomcat].StandardHost[localhost].TomcatEmbeddedContext[].StandardWrapper[dispatcherServlet]] to [STOPPING]
2026-06-07 22:50:05 DEBUG org.apache.catalina.util.LifecycleBase - Setting state for [StandardPipeline[StandardEngine[Tomcat].StandardHost[localhost].TomcatEmbeddedContext[].StandardWrapper[dispatcherServlet]]] to [STOPPING_PREP]
2026-06-07 22:50:05 DEBUG org.apache.catalina.util.LifecycleBase - Setting state for [StandardPipeline[StandardEngine[Tomcat].StandardHost[localhost].TomcatEmbeddedContext[].StandardWrapper[dispatcherServlet]]] to [STOPPING]
2026-06-07 22:50:05 DEBUG org.apache.catalina.util.LifecycleBase - Setting state for [StandardWrapperValve[StandardEngine[Tomcat].StandardHost[localhost].TomcatEmbeddedContext[].StandardWrapper[dispatcherServlet]]] to [STOPPING_PREP]
2026-06-07 22:50:05 DEBUG org.apache.catalina.util.LifecycleBase - Setting state for [StandardWrapperValve[StandardEngine[Tomcat].StandardHost[localhost].TomcatEmbeddedContext[].StandardWrapper[dispatcherServlet]]] to [STOPPING]
2026-06-07 22:50:05 DEBUG org.apache.catalina.util.LifecycleBase - Setting state for [StandardWrapperValve[StandardEngine[Tomcat].StandardHost[localhost].TomcatEmbeddedContext[].StandardWrapper[dispatcherServlet]]] to [STOPPED]
2026-06-07 22:50:05 DEBUG org.apache.catalina.util.LifecycleBase - Setting state for [StandardPipeline[StandardEngine[Tomcat].StandardHost[localhost].TomcatEmbeddedContext[].StandardWrapper[dispatcherServlet]]] to [STOPPED]
2026-06-07 22:50:05 DEBUG org.apache.catalina.util.LifecycleBase - Setting state for [StandardEngine[Tomcat].StandardHost[localhost].TomcatEmbeddedContext[].StandardWrapper[dispatcherServlet]] to [STOPPED]
2026-06-07 22:50:05 DEBUG org.apache.catalina.core.ApplicationFilterConfig - JMX de-registration complete for filter of type [org.springframework.boot.servlet.filter.OrderedRequestContextFilter] and name [requestContextFilter]
2026-06-07 22:50:05 DEBUG org.apache.catalina.core.ApplicationFilterConfig - JMX de-registration complete for filter of type [org.apache.tomcat.websocket.server.WsFilter] and name [Tomcat WebSocket (JSR356) Filter]
2026-06-07 22:50:05 DEBUG org.apache.catalina.core.ApplicationFilterConfig - JMX de-registration complete for filter of type [org.springframework.boot.servlet.filter.OrderedCharacterEncodingFilter] and name [characterEncodingFilter]
2026-06-07 22:50:05 DEBUG org.apache.catalina.core.ApplicationFilterConfig - JMX de-registration complete for filter of type [org.springframework.boot.servlet.filter.OrderedFormContentFilter] and name [formContentFilter]
2026-06-07 22:50:05 DEBUG org.apache.catalina.util.LifecycleBase - Setting state for [StandardManager[StandardEngine[Tomcat].StandardHost[localhost].TomcatEmbeddedContext[]]] to [STOPPING_PREP]
2026-06-07 22:50:05 DEBUG org.apache.catalina.util.LifecycleBase - Setting state for [StandardManager[StandardEngine[Tomcat].StandardHost[localhost].TomcatEmbeddedContext[]]] to [STOPPING]
2026-06-07 22:50:05 DEBUG org.apache.catalina.session.StandardManager - No persisted sessions to unload
2026-06-07 22:50:05 DEBUG org.apache.catalina.util.LifecycleBase - Setting state for [org.springframework.boot.tomcat.LazySessionIdGenerator@87d9a01] to [STOPPING_PREP]
2026-06-07 22:50:05 DEBUG org.apache.catalina.util.LifecycleBase - Setting state for [org.springframework.boot.tomcat.LazySessionIdGenerator@87d9a01] to [STOPPING]
2026-06-07 22:50:05 DEBUG org.apache.catalina.util.LifecycleBase - Setting state for [org.springframework.boot.tomcat.LazySessionIdGenerator@87d9a01] to [STOPPED]
2026-06-07 22:50:05 DEBUG org.apache.catalina.util.LifecycleBase - Setting state for [StandardManager[StandardEngine[Tomcat].StandardHost[localhost].TomcatEmbeddedContext[]]] to [STOPPED]
2026-06-07 22:50:05 DEBUG org.apache.catalina.util.LifecycleBase - Setting state for [org.apache.catalina.deploy.NamingResourcesImpl@384fda47] to [STOPPING_PREP]
2026-06-07 22:50:05 DEBUG org.apache.catalina.util.LifecycleBase - Setting state for [org.apache.catalina.deploy.NamingResourcesImpl@384fda47] to [STOPPING]
2026-06-07 22:50:05 DEBUG org.apache.catalina.util.LifecycleBase - Setting state for [org.apache.catalina.deploy.NamingResourcesImpl@384fda47] to [STOPPED]
2026-06-07 22:50:05 DEBUG org.apache.catalina.util.LifecycleBase - Setting state for [StandardPipeline[StandardEngine[Tomcat].StandardHost[localhost].TomcatEmbeddedContext[]]] to [STOPPING_PREP]
2026-06-07 22:50:05 DEBUG org.apache.catalina.util.LifecycleBase - Setting state for [StandardPipeline[StandardEngine[Tomcat].StandardHost[localhost].TomcatEmbeddedContext[]]] to [STOPPING]
2026-06-07 22:50:05 DEBUG org.apache.catalina.util.LifecycleBase - Setting state for [NonLoginAuthenticator[StandardEngine[Tomcat].StandardHost[localhost].TomcatEmbeddedContext[]]] to [STOPPING_PREP]
2026-06-07 22:50:05 DEBUG org.apache.catalina.util.LifecycleBase - Setting state for [NonLoginAuthenticator[StandardEngine[Tomcat].StandardHost[localhost].TomcatEmbeddedContext[]]] to [STOPPING]
2026-06-07 22:50:05 DEBUG org.apache.catalina.util.LifecycleBase - Setting state for [NonLoginAuthenticator[StandardEngine[Tomcat].StandardHost[localhost].TomcatEmbeddedContext[]]] to [STOPPED]
2026-06-07 22:50:05 DEBUG org.apache.catalina.util.LifecycleBase - Setting state for [StandardContextValve[StandardEngine[Tomcat].StandardHost[localhost].TomcatEmbeddedContext[]]] to [STOPPING_PREP]
2026-06-07 22:50:05 DEBUG org.apache.catalina.util.LifecycleBase - Setting state for [StandardContextValve[StandardEngine[Tomcat].StandardHost[localhost].TomcatEmbeddedContext[]]] to [STOPPING]
2026-06-07 22:50:05 DEBUG org.apache.catalina.util.LifecycleBase - Setting state for [StandardContextValve[StandardEngine[Tomcat].StandardHost[localhost].TomcatEmbeddedContext[]]] to [STOPPED]
2026-06-07 22:50:05 DEBUG org.apache.catalina.util.LifecycleBase - Setting state for [StandardPipeline[StandardEngine[Tomcat].StandardHost[localhost].TomcatEmbeddedContext[]]] to [STOPPED]
2026-06-07 22:50:05 DEBUG org.apache.catalina.util.LifecycleBase - Setting state for [WebappLoader[StandardEngine[Tomcat].StandardHost[localhost].TomcatEmbeddedContext[]]] to [STOPPING_PREP]
2026-06-07 22:50:05 DEBUG org.apache.catalina.loader.WebappLoader - Stopping this Loader
2026-06-07 22:50:05 DEBUG org.apache.catalina.util.LifecycleBase - Setting state for [WebappLoader[StandardEngine[Tomcat].StandardHost[localhost].TomcatEmbeddedContext[]]] to [STOPPING]
2026-06-07 22:50:05 DEBUG org.apache.catalina.util.LifecycleBase - Setting state for [WebappLoader[StandardEngine[Tomcat].StandardHost[localhost].TomcatEmbeddedContext[]]] to [STOPPED]
2026-06-07 22:50:05 DEBUG org.apache.catalina.util.LifecycleBase - Setting state for [org.apache.catalina.webresources.StandardRoot@536b71b4] to [STOPPING_PREP]
2026-06-07 22:50:05 DEBUG org.apache.catalina.util.LifecycleBase - Setting state for [org.apache.catalina.webresources.DirResourceSet@43f03c23] to [STOPPING_PREP]
2026-06-07 22:50:05 DEBUG org.apache.catalina.util.LifecycleBase - Setting state for [org.apache.catalina.webresources.DirResourceSet@43f03c23] to [STOPPING]
2026-06-07 22:50:05 DEBUG org.apache.catalina.util.LifecycleBase - Setting state for [org.apache.catalina.webresources.DirResourceSet@43f03c23] to [STOPPED]
2026-06-07 22:50:05 DEBUG org.apache.catalina.util.LifecycleBase - Setting state for [org.apache.catalina.webresources.DirResourceSet@43f03c23] to [DESTROYING]
2026-06-07 22:50:05 DEBUG org.apache.catalina.util.LifecycleBase - Setting state for [org.apache.catalina.webresources.DirResourceSet@43f03c23] to [DESTROYED]
2026-06-07 22:50:05 DEBUG org.apache.catalina.util.LifecycleBase - Setting state for [org.apache.catalina.webresources.StandardRoot@536b71b4] to [STOPPING]
2026-06-07 22:50:05 DEBUG org.apache.catalina.util.LifecycleBase - Setting state for [org.apache.catalina.webresources.StandardRoot@536b71b4] to [STOPPED]
2026-06-07 22:50:05 DEBUG org.apache.catalina.util.LifecycleBase - Setting state for [StandardEngine[Tomcat].StandardHost[localhost].TomcatEmbeddedContext[].StandardWrapper[jsp]] to [DESTROYING]
2026-06-07 22:50:05 DEBUG org.apache.catalina.util.LifecycleBase - Setting state for [StandardPipeline[StandardEngine[Tomcat].StandardHost[localhost].TomcatEmbeddedContext[].StandardWrapper[jsp]]] to [DESTROYING]
2026-06-07 22:50:05 DEBUG org.apache.catalina.util.LifecycleBase - Setting state for [StandardWrapperValve[Container is null]] to [DESTROYING]
2026-06-07 22:50:05 DEBUG org.apache.catalina.util.LifecycleBase - Setting state for [StandardWrapperValve[Container is null]] to [DESTROYED]
2026-06-07 22:50:05 DEBUG org.apache.catalina.util.LifecycleBase - Setting state for [StandardPipeline[StandardEngine[Tomcat].StandardHost[localhost].TomcatEmbeddedContext[].StandardWrapper[jsp]]] to [DESTROYED]
2026-06-07 22:50:05 DEBUG org.apache.catalina.util.LifecycleBase - Setting state for [StandardEngine[Tomcat].StandardHost[localhost].TomcatEmbeddedContext[].StandardWrapper[jsp]] to [DESTROYED]
2026-06-07 22:50:05 DEBUG org.apache.catalina.util.LifecycleBase - Setting state for [StandardEngine[Tomcat].StandardHost[localhost].TomcatEmbeddedContext[].StandardWrapper[dispatcherServlet]] to [DESTROYING]
2026-06-07 22:50:05 DEBUG org.apache.catalina.util.LifecycleBase - Setting state for [StandardPipeline[StandardEngine[Tomcat].StandardHost[localhost].TomcatEmbeddedContext[].StandardWrapper[dispatcherServlet]]] to [DESTROYING]
2026-06-07 22:50:05 DEBUG org.apache.catalina.util.LifecycleBase - Setting state for [StandardWrapperValve[Container is null]] to [DESTROYING]
2026-06-07 22:50:05 DEBUG org.apache.catalina.util.LifecycleBase - Setting state for [StandardWrapperValve[Container is null]] to [DESTROYED]
2026-06-07 22:50:05 DEBUG org.apache.catalina.util.LifecycleBase - Setting state for [StandardPipeline[StandardEngine[Tomcat].StandardHost[localhost].TomcatEmbeddedContext[].StandardWrapper[dispatcherServlet]]] to [DESTROYED]
2026-06-07 22:50:05 DEBUG org.apache.catalina.util.LifecycleBase - Setting state for [StandardEngine[Tomcat].StandardHost[localhost].TomcatEmbeddedContext[].StandardWrapper[dispatcherServlet]] to [DESTROYED]
2026-06-07 22:50:05 DEBUG org.apache.catalina.util.LifecycleBase - Setting state for [StandardEngine[Tomcat].StandardHost[localhost].TomcatEmbeddedContext[]] to [STOPPED]
2026-06-07 22:50:05 DEBUG org.apache.catalina.util.LifecycleBase - Setting state for [StandardEngine[Tomcat].StandardHost[localhost]] to [STOPPED]
2026-06-07 22:50:05 DEBUG org.apache.catalina.util.LifecycleBase - Setting state for [SimpleRealm[StandardEngine[Tomcat]]] to [STOPPING_PREP]
2026-06-07 22:50:05 DEBUG org.apache.catalina.util.LifecycleBase - Setting state for [SimpleRealm[StandardEngine[Tomcat]]] to [STOPPING]
2026-06-07 22:50:05 DEBUG org.apache.catalina.util.LifecycleBase - Setting state for [SimpleRealm[StandardEngine[Tomcat]]] to [STOPPED]
2026-06-07 22:50:05 DEBUG org.apache.catalina.util.LifecycleBase - Setting state for [StandardEngine[Tomcat]] to [STOPPED]
2026-06-07 22:50:05 DEBUG org.apache.catalina.util.LifecycleBase - Setting state for [org.apache.catalina.mapper.MapperListener@63bfdbcb] to [STOPPING_PREP]
2026-06-07 22:50:05 DEBUG org.apache.catalina.util.LifecycleBase - Setting state for [org.apache.catalina.mapper.MapperListener@63bfdbcb] to [STOPPING]
2026-06-07 22:50:05 DEBUG org.apache.catalina.util.LifecycleBase - Setting state for [org.apache.catalina.mapper.MapperListener@63bfdbcb] to [STOPPED]
2026-06-07 22:50:05 DEBUG org.apache.catalina.util.LifecycleBase - Setting state for [StandardService[Tomcat]] to [STOPPED]
2026-06-07 22:50:05 DEBUG org.apache.catalina.util.LifecycleBase - Setting state for [org.apache.catalina.deploy.NamingResourcesImpl@25a94b55] to [STOPPING_PREP]
2026-06-07 22:50:05 DEBUG org.apache.catalina.util.LifecycleBase - Setting state for [org.apache.catalina.deploy.NamingResourcesImpl@25a94b55] to [STOPPING]
2026-06-07 22:50:05 DEBUG org.apache.catalina.util.LifecycleBase - Setting state for [org.apache.catalina.deploy.NamingResourcesImpl@25a94b55] to [STOPPED]
2026-06-07 22:50:05 DEBUG org.apache.catalina.util.LifecycleBase - Setting state for [StandardServer[-1]] to [STOPPED]
2026-06-07 22:50:05 DEBUG org.apache.catalina.util.LifecycleBase - Setting state for [StandardServer[-1]] to [DESTROYING]
2026-06-07 22:50:05 DEBUG org.apache.catalina.util.LifecycleBase - Setting state for [StandardService[Tomcat]] to [DESTROYING]
2026-06-07 22:50:05 DEBUG org.apache.catalina.util.LifecycleBase - Setting state for [org.apache.catalina.mapper.MapperListener@63bfdbcb] to [DESTROYING]
2026-06-07 22:50:05 DEBUG org.apache.catalina.util.LifecycleBase - Setting state for [org.apache.catalina.mapper.MapperListener@63bfdbcb] to [DESTROYED]
2026-06-07 22:50:05 DEBUG org.apache.catalina.util.LifecycleBase - Setting state for [StandardEngine[Tomcat]] to [DESTROYING]
2026-06-07 22:50:05 DEBUG org.apache.catalina.util.LifecycleBase - Setting state for [SimpleRealm[StandardEngine[Tomcat]]] to [DESTROYING]
2026-06-07 22:50:05 DEBUG org.apache.catalina.util.LifecycleBase - Setting state for [SimpleRealm[StandardEngine[Tomcat]]] to [DESTROYED]
2026-06-07 22:50:05 DEBUG org.apache.catalina.util.LifecycleBase - Setting state for [StandardPipeline[StandardEngine[Tomcat]]] to [DESTROYING]
2026-06-07 22:50:05 DEBUG org.apache.catalina.util.LifecycleBase - Setting state for [StandardEngineValve[Container is null]] to [DESTROYING]
2026-06-07 22:50:05 DEBUG org.apache.catalina.util.LifecycleBase - Setting state for [StandardEngineValve[Container is null]] to [DESTROYED]
2026-06-07 22:50:05 DEBUG org.apache.catalina.util.LifecycleBase - Setting state for [StandardPipeline[StandardEngine[Tomcat]]] to [DESTROYED]
2026-06-07 22:50:05 DEBUG org.apache.catalina.util.LifecycleBase - Setting state for [StandardEngine[Tomcat].StandardHost[localhost]] to [DESTROYING]
2026-06-07 22:50:05 DEBUG org.apache.catalina.util.LifecycleBase - Setting state for [StandardPipeline[StandardEngine[Tomcat].StandardHost[localhost]]] to [DESTROYING]
2026-06-07 22:50:05 DEBUG org.apache.catalina.util.LifecycleBase - Setting state for [ErrorReportValve[Container is null]] to [DESTROYING]
2026-06-07 22:50:05 DEBUG org.apache.catalina.util.LifecycleBase - Setting state for [ErrorReportValve[Container is null]] to [DESTROYED]
2026-06-07 22:50:05 DEBUG org.apache.catalina.util.LifecycleBase - Setting state for [StandardHostValve[Container is null]] to [DESTROYING]
2026-06-07 22:50:05 DEBUG org.apache.catalina.util.LifecycleBase - Setting state for [StandardHostValve[Container is null]] to [DESTROYED]
2026-06-07 22:50:05 DEBUG org.apache.catalina.util.LifecycleBase - Setting state for [StandardPipeline[StandardEngine[Tomcat].StandardHost[localhost]]] to [DESTROYED]
2026-06-07 22:50:05 DEBUG org.apache.catalina.util.LifecycleBase - Setting state for [StandardEngine[Tomcat].StandardHost[localhost].TomcatEmbeddedContext[]] to [DESTROYING]
2026-06-07 22:50:05 DEBUG org.apache.catalina.util.LifecycleBase - Setting state for [org.apache.catalina.deploy.NamingResourcesImpl@384fda47] to [DESTROYING]
2026-06-07 22:50:05 DEBUG org.apache.catalina.util.LifecycleBase - Setting state for [org.apache.catalina.deploy.NamingResourcesImpl@384fda47] to [DESTROYED]
2026-06-07 22:50:05 DEBUG org.apache.catalina.util.LifecycleBase - Setting state for [WebappLoader[StandardEngine[Tomcat].StandardHost[localhost].TomcatEmbeddedContext[]]] to [DESTROYING]
2026-06-07 22:50:05 DEBUG org.apache.catalina.util.LifecycleBase - Setting state for [WebappLoader[StandardEngine[Tomcat].StandardHost[localhost].TomcatEmbeddedContext[]]] to [DESTROYED]
2026-06-07 22:50:05 DEBUG org.apache.catalina.util.LifecycleBase - Setting state for [StandardManager[StandardEngine[Tomcat].StandardHost[localhost].TomcatEmbeddedContext[]]] to [DESTROYING]
2026-06-07 22:50:05 DEBUG org.apache.catalina.util.LifecycleBase - Setting state for [StandardManager[StandardEngine[Tomcat].StandardHost[localhost].TomcatEmbeddedContext[]]] to [DESTROYED]
2026-06-07 22:50:05 DEBUG org.apache.catalina.util.LifecycleBase - Setting state for [org.apache.catalina.webresources.StandardRoot@536b71b4] to [DESTROYING]
2026-06-07 22:50:05 DEBUG org.apache.catalina.util.LifecycleBase - Setting state for [org.apache.catalina.webresources.StandardRoot@536b71b4] to [DESTROYED]
2026-06-07 22:50:05 DEBUG org.apache.catalina.util.LifecycleBase - Setting state for [StandardPipeline[StandardEngine[Tomcat].StandardHost[localhost].TomcatEmbeddedContext[]]] to [DESTROYING]
2026-06-07 22:50:05 DEBUG org.apache.catalina.util.LifecycleBase - Setting state for [NonLoginAuthenticator[Container is null]] to [DESTROYING]
2026-06-07 22:50:05 DEBUG org.apache.catalina.util.LifecycleBase - Setting state for [NonLoginAuthenticator[Container is null]] to [DESTROYED]
2026-06-07 22:50:05 DEBUG org.apache.catalina.util.LifecycleBase - Setting state for [StandardContextValve[Container is null]] to [DESTROYING]
2026-06-07 22:50:05 DEBUG org.apache.catalina.util.LifecycleBase - Setting state for [StandardContextValve[Container is null]] to [DESTROYED]
2026-06-07 22:50:05 DEBUG org.apache.catalina.util.LifecycleBase - Setting state for [StandardPipeline[StandardEngine[Tomcat].StandardHost[localhost].TomcatEmbeddedContext[]]] to [DESTROYED]
2026-06-07 22:50:05 DEBUG org.apache.catalina.util.LifecycleBase - Setting state for [StandardEngine[Tomcat].StandardHost[localhost].TomcatEmbeddedContext[]] to [DESTROYED]
2026-06-07 22:50:05 DEBUG org.apache.catalina.util.LifecycleBase - Setting state for [StandardEngine[Tomcat].StandardHost[localhost]] to [DESTROYED]
2026-06-07 22:50:05 DEBUG org.apache.catalina.util.LifecycleBase - Setting state for [StandardEngine[Tomcat]] to [DESTROYED]
2026-06-07 22:50:05 DEBUG org.apache.catalina.util.LifecycleBase - Setting state for [StandardService[Tomcat]] to [DESTROYED]
2026-06-07 22:50:05 DEBUG org.apache.catalina.util.LifecycleBase - Setting state for [org.apache.catalina.deploy.NamingResourcesImpl@25a94b55] to [DESTROYING]
2026-06-07 22:50:05 DEBUG org.apache.catalina.util.LifecycleBase - Setting state for [org.apache.catalina.deploy.NamingResourcesImpl@25a94b55] to [DESTROYED]
2026-06-07 22:50:05 DEBUG org.apache.catalina.util.LifecycleBase - Setting state for [StandardServer[-1]] to [DESTROYED]
2026-06-07 22:50:05 DEBUG org.springframework.boot.autoconfigure.logging.ConditionEvaluationReportLogger - 


============================
CONDITIONS EVALUATION REPORT
============================


Positive matches:
-----------------

   AopAutoConfiguration matched:
      - @ConditionalOnBooleanProperty (spring.aop.auto=true) matched (OnPropertyCondition)

   AopAutoConfiguration.AspectJAutoProxyingConfiguration matched:
      - @ConditionalOnClass found required class 'org.aspectj.weaver.Advice' (OnClassCondition)

   AopAutoConfiguration.AspectJAutoProxyingConfiguration.CglibAutoProxyConfiguration matched:
      - @ConditionalOnBooleanProperty (spring.aop.proxy-target-class=true) matched (OnPropertyCondition)

   ApplicationAvailabilityAutoConfiguration#applicationAvailability matched:
      - @ConditionalOnMissingBean (types: org.springframework.boot.availability.ApplicationAvailability; SearchStrategy: all) did not find any beans (OnBeanCondition)

   DataJpaRepositoriesAutoConfiguration matched:
      - @ConditionalOnClass found required class 'org.springframework.data.jpa.repository.JpaRepository' (OnClassCondition)
      - @ConditionalOnBooleanProperty (spring.data.jpa.repositories.enabled=true) matched (OnPropertyCondition)
      - @ConditionalOnBean (types: javax.sql.DataSource; SearchStrategy: all) found bean 'dataSource'; @ConditionalOnMissingBean (types: org.springframework.data.jpa.repository.support.JpaRepositoryFactoryBean,org.springframework.data.jpa.repository.config.JpaRepositoryConfigExtension; SearchStrategy: all) did not find any beans (OnBeanCondition)

   DataSourceAutoConfiguration matched:
      - @ConditionalOnClass found required classes 'javax.sql.DataSource', 'org.springframework.jdbc.datasource.embedded.EmbeddedDatabaseType' (OnClassCondition)
      - @ConditionalOnMissingBean (types: io.r2dbc.spi.ConnectionFactory; SearchStrategy: all) did not find any beans (OnBeanCondition)

   DataSourceAutoConfiguration.PooledDataSourceConfiguration matched:
      - AnyNestedCondition 1 matched 1 did not; NestedCondition on DataSourceAutoConfiguration.PooledDataSourceCondition.PooledDataSourceAvailable PooledDataSource found supported DataSource; NestedCondition on DataSourceAutoConfiguration.PooledDataSourceCondition.ExplicitType @ConditionalOnProperty (spring.datasource.type) did not find property 'spring.datasource.type' (DataSourceAutoConfiguration.PooledDataSourceCondition)
      - @ConditionalOnMissingBean (types: javax.sql.DataSource,javax.sql.XADataSource; SearchStrategy: all) did not find any beans (OnBeanCondition)

   DataSourceAutoConfiguration.PooledDataSourceConfiguration#jdbcConnectionDetails matched:
      - @ConditionalOnMissingBean (types: org.springframework.boot.jdbc.autoconfigure.JdbcConnectionDetails; SearchStrategy: all) did not find any beans (OnBeanCondition)

   DataSourceConfiguration.Hikari matched:
      - @ConditionalOnClass found required class 'com.zaxxer.hikari.HikariDataSource' (OnClassCondition)
      - @ConditionalOnProperty (spring.datasource.type=com.zaxxer.hikari.HikariDataSource) matched (OnPropertyCondition)
      - @ConditionalOnMissingBean (types: javax.sql.DataSource; SearchStrategy: all) did not find any beans (OnBeanCondition)

   DataSourceInitializationAutoConfiguration matched:
      - @ConditionalOnClass found required class 'org.springframework.jdbc.datasource.init.DatabasePopulator' (OnClassCondition)
      - SQL InitializationDatabase Initialization default value is EMBEDDED (OnSqlInitializationCondition)
      - @ConditionalOnSingleCandidate (types: javax.sql.DataSource; SearchStrategy: all) found a single bean 'dataSource'; @ConditionalOnMissingBean (types: org.springframework.boot.sql.autoconfigure.init.ApplicationScriptDatabaseInitializer; SearchStrategy: all) did not find any beans (OnBeanCondition)

   DataSourceJmxConfiguration matched:
      - @ConditionalOnBooleanProperty (spring.jmx.enabled=true) matched (OnPropertyCondition)

   DataSourceJmxConfiguration.Hikari matched:
      - @ConditionalOnClass found required class 'com.zaxxer.hikari.HikariDataSource' (OnClassCondition)
      - @ConditionalOnSingleCandidate (types: javax.sql.DataSource; SearchStrategy: all) found a single bean 'dataSource' (OnBeanCondition)

   DataSourcePoolMetadataProvidersConfiguration.HikariPoolDataSourceMetadataProviderConfiguration matched:
      - @ConditionalOnClass found required class 'com.zaxxer.hikari.HikariDataSource' (OnClassCondition)

   DataSourceTransactionManagerAutoConfiguration matched:
      - @ConditionalOnClass found required classes 'javax.sql.DataSource', 'org.springframework.jdbc.core.JdbcTemplate', 'org.springframework.transaction.TransactionManager' (OnClassCondition)

   DataSourceTransactionManagerAutoConfiguration.JdbcTransactionManagerConfiguration matched:
      - @ConditionalOnSingleCandidate (types: javax.sql.DataSource; SearchStrategy: all) found a single bean 'dataSource' (OnBeanCondition)

   DataWebAutoConfiguration matched:
      - @ConditionalOnClass found required classes 'org.springframework.data.web.PageableHandlerMethodArgumentResolver', 'org.springframework.web.servlet.config.annotation.WebMvcConfigurer' (OnClassCondition)
      - found 'session' scope (OnWebApplicationCondition)
      - @ConditionalOnMissingBean (types: org.springframework.data.web.PageableHandlerMethodArgumentResolver; SearchStrategy: all) did not find any beans (OnBeanCondition)

   DataWebAutoConfiguration#pageableCustomizer matched:
      - @ConditionalOnMissingBean (types: org.springframework.data.web.config.PageableHandlerMethodArgumentResolverCustomizer; SearchStrategy: all) did not find any beans (OnBeanCondition)

   DataWebAutoConfiguration#sortCustomizer matched:
      - @ConditionalOnMissingBean (types: org.springframework.data.web.config.SortHandlerMethodArgumentResolverCustomizer; SearchStrategy: all) did not find any beans (OnBeanCondition)

   DataWebAutoConfiguration#springDataWebSettings matched:
      - @ConditionalOnMissingBean (types: org.springframework.data.web.config.SpringDataWebSettings; SearchStrategy: all) did not find any beans (OnBeanCondition)

   DispatcherServletAutoConfiguration matched:
      - @ConditionalOnClass found required class 'org.springframework.web.servlet.DispatcherServlet' (OnClassCondition)
      - found 'session' scope (OnWebApplicationCondition)

   DispatcherServletAutoConfiguration.DispatcherServletConfiguration matched:
      - @ConditionalOnClass found required class 'jakarta.servlet.ServletRegistration' (OnClassCondition)
      - Default DispatcherServlet did not find dispatcher servlet beans (DispatcherServletAutoConfiguration.DefaultDispatcherServletCondition)

   DispatcherServletAutoConfiguration.DispatcherServletRegistrationConfiguration matched:
      - @ConditionalOnClass found required class 'jakarta.servlet.ServletRegistration' (OnClassCondition)
      - DispatcherServlet Registration did not find servlet registration bean (DispatcherServletAutoConfiguration.DispatcherServletRegistrationCondition)

   DispatcherServletAutoConfiguration.DispatcherServletRegistrationConfiguration#dispatcherServletRegistration matched:
      - @ConditionalOnBean (names: dispatcherServlet types: org.springframework.web.servlet.DispatcherServlet; SearchStrategy: all) found bean 'dispatcherServlet' (OnBeanCondition)

   ErrorMvcAutoConfiguration matched:
      - @ConditionalOnClass found required classes 'jakarta.servlet.Servlet', 'org.springframework.web.servlet.DispatcherServlet' (OnClassCondition)
      - found 'session' scope (OnWebApplicationCondition)

   ErrorMvcAutoConfiguration#basicErrorController matched:
      - @ConditionalOnMissingBean (types: org.springframework.boot.webmvc.error.ErrorController; SearchStrategy: current) did not find any beans (OnBeanCondition)

   ErrorMvcAutoConfiguration#errorAttributes matched:
      - @ConditionalOnMissingBean (types: org.springframework.boot.webmvc.error.ErrorAttributes; SearchStrategy: current) did not find any beans (OnBeanCondition)

   ErrorMvcAutoConfiguration.DefaultErrorViewResolverConfiguration#conventionErrorViewResolver matched:
      - @ConditionalOnBean (types: org.springframework.web.servlet.DispatcherServlet; SearchStrategy: all) found bean 'dispatcherServlet'; @ConditionalOnMissingBean (types: org.springframework.boot.webmvc.autoconfigure.error.ErrorViewResolver; SearchStrategy: all) did not find any beans (OnBeanCondition)

   ErrorMvcAutoConfiguration.WhitelabelErrorViewConfiguration matched:
      - @ConditionalOnBooleanProperty (spring.web.error.whitelabel.enabled=true) matched (OnPropertyCondition)
      - ErrorTemplate Missing did not find error template view (ErrorMvcAutoConfiguration.ErrorTemplateMissingCondition)

   ErrorMvcAutoConfiguration.WhitelabelErrorViewConfiguration#beanNameViewResolver matched:
      - @ConditionalOnMissingBean (types: org.springframework.web.servlet.view.BeanNameViewResolver; SearchStrategy: all) did not find any beans (OnBeanCondition)

   ErrorMvcAutoConfiguration.WhitelabelErrorViewConfiguration#defaultErrorView matched:
      - @ConditionalOnMissingBean (names: error; SearchStrategy: all) did not find any beans (OnBeanCondition)

   HibernateJpaAutoConfiguration matched:
      - @ConditionalOnClass found required classes 'org.springframework.orm.jpa.LocalContainerEntityManagerFactoryBean', 'jakarta.persistence.EntityManager', 'org.hibernate.engine.spi.SessionImplementor' (OnClassCondition)

   HibernateJpaConfiguration matched:
      - @ConditionalOnSingleCandidate (types: javax.sql.DataSource; SearchStrategy: all) found a single bean 'dataSource' (OnBeanCondition)

   HttpEncodingAutoConfiguration matched:
      - @ConditionalOnClass found required class 'org.springframework.web.filter.CharacterEncodingFilter' (OnClassCondition)
      - found 'session' scope (OnWebApplicationCondition)
      - @ConditionalOnBooleanProperty (spring.servlet.encoding.enabled=true) matched (OnPropertyCondition)

   HttpEncodingAutoConfiguration#characterEncodingFilter matched:
      - @ConditionalOnMissingBean (types: org.springframework.web.filter.CharacterEncodingFilter; SearchStrategy: all) did not find any beans (OnBeanCondition)

   HttpMessageConvertersAutoConfiguration matched:
      - @ConditionalOnClass found required class 'org.springframework.http.converter.HttpMessageConverter' (OnClassCondition)
      - NoneNestedConditions 0 matched 1 did not; NestedCondition on HttpMessageConvertersAutoConfiguration.NotReactiveWebApplicationCondition.ReactiveWebApplication did not find reactive web application classes (HttpMessageConvertersAutoConfiguration.NotReactiveWebApplicationCondition)

   HttpMessageConvertersAutoConfiguration.StringHttpMessageConverterConfiguration#stringHttpMessageConvertersCustomizer matched:
      - @ConditionalOnMissingBean (types: org.springframework.http.converter.StringHttpMessageConverter; SearchStrategy: all) did not find any beans (OnBeanCondition)

   JacksonAutoConfiguration matched:
      - @ConditionalOnClass found required class 'tools.jackson.databind.json.JsonMapper' (OnClassCondition)

   JacksonAutoConfiguration#jacksonJsonMapper matched:
      - @ConditionalOnMissingBean (types: tools.jackson.databind.json.JsonMapper; SearchStrategy: all) did not find any beans (OnBeanCondition)

   JacksonAutoConfiguration#jsonMapperBuilder matched:
      - @ConditionalOnMissingBean (types: tools.jackson.databind.json.JsonMapper$Builder; SearchStrategy: all) did not find any beans (OnBeanCondition)

   JacksonAutoConfiguration.JsonProblemDetailsConfiguration matched:
      - @ConditionalOnClass found required class 'org.springframework.http.ProblemDetail' (OnClassCondition)

   JacksonHttpMessageConvertersConfiguration.JacksonJsonHttpMessageConverterConfiguration matched:
      - @ConditionalOnClass found required class 'tools.jackson.databind.json.JsonMapper' (OnClassCondition)
      - @ConditionalOnProperty (spring.http.converters.preferred-json-mapper=jackson) matched (OnPropertyCondition)
      - @ConditionalOnBean (types: tools.jackson.databind.json.JsonMapper; SearchStrategy: all) found bean 'jacksonJsonMapper' (OnBeanCondition)

   JacksonHttpMessageConvertersConfiguration.JacksonJsonHttpMessageConverterConfiguration#jacksonJsonHttpMessageConvertersCustomizer matched:
      - @ConditionalOnMissingBean (types: org.springframework.http.converter.json.JacksonJsonHttpMessageConverter ignored: org.springframework.hateoas.server.mvc.TypeConstrainedJacksonJsonHttpMessageConverter,org.springframework.data.rest.webmvc.alps.AlpsJacksonJsonHttpMessageConverter; SearchStrategy: all) did not find any beans (OnBeanCondition)

   JdbcClientAutoConfiguration matched:
      - @ConditionalOnSingleCandidate (types: org.springframework.jdbc.core.namedparam.NamedParameterJdbcTemplate; SearchStrategy: all) found a single bean 'namedParameterJdbcTemplate'; @ConditionalOnMissingBean (types: org.springframework.jdbc.core.simple.JdbcClient; SearchStrategy: all) did not find any beans (OnBeanCondition)

   JdbcTemplateAutoConfiguration matched:
      - @ConditionalOnClass found required classes 'javax.sql.DataSource', 'org.springframework.jdbc.core.JdbcTemplate' (OnClassCondition)
      - @ConditionalOnSingleCandidate (types: javax.sql.DataSource; SearchStrategy: all) found a single bean 'dataSource' (OnBeanCondition)

   JdbcTemplateConfiguration matched:
      - @ConditionalOnMissingBean (types: org.springframework.jdbc.core.JdbcOperations; SearchStrategy: all) did not find any beans (OnBeanCondition)

   JmxAutoConfiguration matched:
      - @ConditionalOnClass found required class 'org.springframework.jmx.export.MBeanExporter' (OnClassCondition)
      - @ConditionalOnBooleanProperty (spring.jmx.enabled=true) matched (OnPropertyCondition)

   JmxAutoConfiguration#mbeanExporter matched:
      - @ConditionalOnMissingBean (types: org.springframework.jmx.export.MBeanExporter; SearchStrategy: current) did not find any beans (OnBeanCondition)

   JmxAutoConfiguration#mbeanServer matched:
      - @ConditionalOnMissingBean (types: javax.management.MBeanServer; SearchStrategy: all) did not find any beans (OnBeanCondition)

   JmxAutoConfiguration#objectNamingStrategy matched:
      - @ConditionalOnMissingBean (types: org.springframework.jmx.export.naming.ObjectNamingStrategy; SearchStrategy: current) did not find any beans (OnBeanCondition)

   JpaBaseConfiguration#entityManagerFactory matched:
      - @ConditionalOnMissingBean (types: org.springframework.orm.jpa.LocalContainerEntityManagerFactoryBean,jakarta.persistence.EntityManagerFactory; SearchStrategy: all) did not find any beans (OnBeanCondition)

   JpaBaseConfiguration#entityManagerFactoryBuilder matched:
      - @ConditionalOnMissingBean (types: org.springframework.boot.jpa.EntityManagerFactoryBuilder; SearchStrategy: all) did not find any beans (OnBeanCondition)

   JpaBaseConfiguration#jpaVendorAdapter matched:
      - @ConditionalOnMissingBean (types: org.springframework.orm.jpa.JpaVendorAdapter; SearchStrategy: all) did not find any beans (OnBeanCondition)

   JpaBaseConfiguration#transactionManager matched:
      - @ConditionalOnMissingBean (types: org.springframework.transaction.TransactionManager; SearchStrategy: all) did not find any beans (OnBeanCondition)

   JpaBaseConfiguration.JpaWebConfiguration matched:
      - @ConditionalOnClass found required class 'org.springframework.web.servlet.config.annotation.WebMvcConfigurer' (OnClassCondition)
      - found 'session' scope (OnWebApplicationCondition)
      - @ConditionalOnBooleanProperty (spring.jpa.open-in-view=true) matched (OnPropertyCondition)
      - @ConditionalOnMissingBean (types: org.springframework.orm.jpa.support.OpenEntityManagerInViewInterceptor,org.springframework.orm.jpa.support.OpenEntityManagerInViewFilter; SearchStrategy: all) did not find any beans (OnBeanCondition)

   JpaBaseConfiguration.PersistenceManagedTypesConfiguration matched:
      - @ConditionalOnMissingBean (types: org.springframework.orm.jpa.LocalContainerEntityManagerFactoryBean,jakarta.persistence.EntityManagerFactory; SearchStrategy: all) did not find any beans (OnBeanCondition)

   JpaBaseConfiguration.PersistenceManagedTypesConfiguration#persistenceManagedTypes matched:
      - @ConditionalOnMissingBean (types: org.springframework.orm.jpa.persistenceunit.PersistenceManagedTypes; SearchStrategy: all) did not find any beans (OnBeanCondition)

   JtaAutoConfiguration matched:
      - @ConditionalOnClass found required class 'jakarta.transaction.Transaction' (OnClassCondition)
      - @ConditionalOnBooleanProperty (spring.jta.enabled=true) matched (OnPropertyCondition)

   LifecycleAutoConfiguration#defaultLifecycleProcessor matched:
      - @ConditionalOnMissingBean (names: lifecycleProcessor; SearchStrategy: current) did not find any beans (OnBeanCondition)

   MultipartAutoConfiguration matched:
      - @ConditionalOnClass found required classes 'jakarta.servlet.Servlet', 'org.springframework.web.multipart.support.StandardServletMultipartResolver', 'jakarta.servlet.MultipartConfigElement' (OnClassCondition)
      - found 'session' scope (OnWebApplicationCondition)
      - @ConditionalOnBooleanProperty (spring.servlet.multipart.enabled=true) matched (OnPropertyCondition)

   MultipartAutoConfiguration#multipartConfigElement matched:
      - @ConditionalOnMissingBean (types: jakarta.servlet.MultipartConfigElement; SearchStrategy: all) did not find any beans (OnBeanCondition)

   MultipartAutoConfiguration#multipartResolver matched:
      - @ConditionalOnMissingBean (types: org.springframework.web.multipart.MultipartResolver; SearchStrategy: all) did not find any beans (OnBeanCondition)

   MybatisAutoConfiguration matched:
      - @ConditionalOnClass found required classes 'org.apache.ibatis.session.SqlSessionFactory', 'org.mybatis.spring.SqlSessionFactoryBean' (OnClassCondition)
      - @ConditionalOnSingleCandidate (types: javax.sql.DataSource; SearchStrategy: all) found a single bean 'dataSource' (OnBeanCondition)

   MybatisAutoConfiguration#sqlSessionFactory matched:
      - @ConditionalOnMissingBean (types: org.apache.ibatis.session.SqlSessionFactory; SearchStrategy: all) did not find any beans (OnBeanCondition)

   MybatisAutoConfiguration#sqlSessionTemplate matched:
      - @ConditionalOnMissingBean (types: org.mybatis.spring.SqlSessionTemplate; SearchStrategy: all) did not find any beans (OnBeanCondition)

   MybatisAutoConfiguration.MapperScannerRegistrarNotFoundConfiguration matched:
      - @ConditionalOnMissingBean (types: org.mybatis.spring.mapper.MapperFactoryBean,org.mybatis.spring.mapper.MapperScannerConfigurer; SearchStrategy: all) did not find any beans (OnBeanCondition)

   MybatisLanguageDriverAutoConfiguration matched:
      - @ConditionalOnClass found required class 'org.apache.ibatis.scripting.LanguageDriver' (OnClassCondition)

   NamedParameterJdbcTemplateConfiguration matched:
      - @ConditionalOnSingleCandidate (types: org.springframework.jdbc.core.JdbcTemplate; SearchStrategy: all) found a single bean 'jdbcTemplate'; @ConditionalOnMissingBean (types: org.springframework.jdbc.core.namedparam.NamedParameterJdbcOperations; SearchStrategy: all) did not find any beans (OnBeanCondition)

   PersistenceExceptionTranslationAutoConfiguration matched:
      - @ConditionalOnClass found required class 'org.springframework.dao.annotation.PersistenceExceptionTranslationPostProcessor' (OnClassCondition)

   PersistenceExceptionTranslationAutoConfiguration#persistenceExceptionTranslationPostProcessor matched:
      - @ConditionalOnBooleanProperty (spring.persistence.exceptiontranslation.enabled=true) matched (OnPropertyCondition)
      - @ConditionalOnMissingBean (types: org.springframework.dao.annotation.PersistenceExceptionTranslationPostProcessor; SearchStrategy: all) did not find any beans (OnBeanCondition)

   PropertyPlaceholderAutoConfiguration#propertySourcesPlaceholderConfigurer matched:
      - @ConditionalOnMissingBean (types: org.springframework.context.support.PropertySourcesPlaceholderConfigurer; SearchStrategy: current) did not find any beans (OnBeanCondition)

   SpringApplicationAdminJmxAutoConfiguration matched:
      - @ConditionalOnBooleanProperty (spring.application.admin.enabled=true) matched (OnPropertyCondition)

   SpringApplicationAdminJmxAutoConfiguration#springApplicationAdminRegistrar matched:
      - @ConditionalOnMissingBean (types: org.springframework.boot.admin.SpringApplicationAdminMXBeanRegistrar; SearchStrategy: all) did not find any beans (OnBeanCondition)

   SslAutoConfiguration#sslBundleRegistry matched:
      - @ConditionalOnMissingBean (types: org.springframework.boot.ssl.SslBundleRegistry,org.springframework.boot.ssl.SslBundles; SearchStrategy: all) did not find any beans (OnBeanCondition)

   TaskExecutionAutoConfiguration matched:
      - @ConditionalOnClass found required class 'org.springframework.scheduling.concurrent.ThreadPoolTaskExecutor' (OnClassCondition)

   TaskExecutorConfigurations.AsyncConfigurerConfiguration matched:
      - @ConditionalOnMissingBean (types: org.springframework.scheduling.annotation.AsyncConfigurer; SearchStrategy: all) did not find any beans (OnBeanCondition)

   TaskExecutorConfigurations.SimpleAsyncTaskExecutorBuilderConfiguration#simpleAsyncTaskExecutorBuilder matched:
      - @ConditionalOnMissingBean (types: org.springframework.boot.task.SimpleAsyncTaskExecutorBuilder; SearchStrategy: all) did not find any beans (OnBeanCondition)
      - @ConditionalOnThreading found PLATFORM (OnThreadingCondition)

   TaskExecutorConfigurations.TaskExecutorConfiguration matched:
      - AnyNestedCondition 1 matched 1 did not; NestedCondition on TaskExecutorConfigurations.OnExecutorCondition.ModelCondition @ConditionalOnProperty (spring.task.execution.mode=force) did not find property 'spring.task.execution.mode'; NestedCondition on TaskExecutorConfigurations.OnExecutorCondition.ExecutorBeanCondition @ConditionalOnMissingBean (types: java.util.concurrent.Executor; SearchStrategy: all) did not find any beans (TaskExecutorConfigurations.OnExecutorCondition)

   TaskExecutorConfigurations.TaskExecutorConfiguration#applicationTaskExecutor matched:
      - @ConditionalOnThreading found PLATFORM (OnThreadingCondition)

   TaskExecutorConfigurations.ThreadPoolTaskExecutorBuilderConfiguration#threadPoolTaskExecutorBuilder matched:
      - @ConditionalOnMissingBean (types: org.springframework.boot.task.ThreadPoolTaskExecutorBuilder; SearchStrategy: all) did not find any beans (OnBeanCondition)

   TaskSchedulingAutoConfiguration matched:
      - @ConditionalOnClass found required class 'org.springframework.scheduling.concurrent.ThreadPoolTaskScheduler' (OnClassCondition)

   TaskSchedulingConfigurations.SimpleAsyncTaskSchedulerBuilderConfiguration#simpleAsyncTaskSchedulerBuilder matched:
      - @ConditionalOnMissingBean (types: org.springframework.boot.task.SimpleAsyncTaskSchedulerBuilder; SearchStrategy: all) did not find any beans (OnBeanCondition)
      - @ConditionalOnThreading found PLATFORM (OnThreadingCondition)

   TaskSchedulingConfigurations.ThreadPoolTaskSchedulerBuilderConfiguration#threadPoolTaskSchedulerBuilder matched:
      - @ConditionalOnMissingBean (types: org.springframework.boot.task.ThreadPoolTaskSchedulerBuilder; SearchStrategy: all) did not find any beans (OnBeanCondition)

   TomcatServletWebServerAutoConfiguration matched:
      - @ConditionalOnClass found required classes 'jakarta.servlet.ServletRequest', 'org.apache.catalina.startup.Tomcat', 'org.apache.coyote.UpgradeProtocol', 'org.springframework.boot.tomcat.servlet.TomcatServletWebServerFactory' (OnClassCondition)
      - found 'session' scope (OnWebApplicationCondition)

   TomcatServletWebServerAutoConfiguration#tomcatServletWebServerFactory matched:
      - @ConditionalOnMissingBean (types: org.springframework.boot.web.server.servlet.ServletWebServerFactory; SearchStrategy: current) did not find any beans (OnBeanCondition)

   TomcatWebServerConfiguration matched:
      - @ConditionalOnWarDeployment the application is not deployed as a WAR file. (OnWarDeploymentCondition)

   TomcatWebServerConfiguration.TomcatWebSocketConfiguration matched:
      - @ConditionalOnClass found required class 'org.apache.tomcat.websocket.server.WsSci' (OnClassCondition)

   TransactionAutoConfiguration matched:
      - @ConditionalOnClass found required class 'org.springframework.transaction.PlatformTransactionManager' (OnClassCondition)

   TransactionAutoConfiguration.EnableTransactionManagementConfiguration matched:
      - @ConditionalOnBean (types: org.springframework.transaction.TransactionManager; SearchStrategy: all) found bean 'transactionManager'; @ConditionalOnMissingBean (types: org.springframework.transaction.annotation.AbstractTransactionManagementConfiguration; SearchStrategy: all) did not find any beans (OnBeanCondition)

   TransactionAutoConfiguration.EnableTransactionManagementConfiguration.CglibAutoProxyConfiguration matched:
      - @ConditionalOnBooleanProperty (spring.aop.proxy-target-class=true) matched (OnPropertyCondition)

   TransactionAutoConfiguration.TransactionTemplateConfiguration matched:
      - @ConditionalOnSingleCandidate (types: org.springframework.transaction.PlatformTransactionManager; SearchStrategy: all) found a single bean 'transactionManager' (OnBeanCondition)

   TransactionAutoConfiguration.TransactionTemplateConfiguration#transactionTemplate matched:
      - @ConditionalOnMissingBean (types: org.springframework.transaction.support.TransactionOperations; SearchStrategy: all) did not find any beans (OnBeanCondition)

   TransactionManagerCustomizationAutoConfiguration matched:
      - @ConditionalOnClass found required class 'org.springframework.transaction.PlatformTransactionManager' (OnClassCondition)

   TransactionManagerCustomizationAutoConfiguration#platformTransactionManagerCustomizers matched:
      - @ConditionalOnMissingBean (types: org.springframework.boot.transaction.autoconfigure.TransactionManagerCustomizers; SearchStrategy: all) did not find any beans (OnBeanCondition)

   WebMvcAutoConfiguration matched:
      - @ConditionalOnClass found required classes 'jakarta.servlet.Servlet', 'org.springframework.web.servlet.DispatcherServlet', 'org.springframework.web.servlet.config.annotation.WebMvcConfigurer' (OnClassCondition)
      - found 'session' scope (OnWebApplicationCondition)
      - @ConditionalOnMissingBean (types: org.springframework.web.servlet.config.annotation.WebMvcConfigurationSupport; SearchStrategy: all) did not find any beans (OnBeanCondition)

   WebMvcAutoConfiguration#formContentFilter matched:
      - @ConditionalOnBooleanProperty (spring.mvc.formcontent.filter.enabled=true) matched (OnPropertyCondition)
      - @ConditionalOnMissingBean (types: org.springframework.web.filter.FormContentFilter; SearchStrategy: all) did not find any beans (OnBeanCondition)

   WebMvcAutoConfiguration.EnableWebMvcConfiguration#flashMapManager matched:
      - @ConditionalOnMissingBean (names: flashMapManager; SearchStrategy: all) did not find any beans (OnBeanCondition)

   WebMvcAutoConfiguration.EnableWebMvcConfiguration#localeResolver matched:
      - @ConditionalOnMissingBean (names: localeResolver; SearchStrategy: all) did not find any beans (OnBeanCondition)

   WebMvcAutoConfiguration.EnableWebMvcConfiguration#viewNameTranslator matched:
      - @ConditionalOnMissingBean (names: viewNameTranslator; SearchStrategy: all) did not find any beans (OnBeanCondition)

   WebMvcAutoConfiguration.WebMvcAutoConfigurationAdapter#defaultViewResolver matched:
      - @ConditionalOnMissingBean (types: org.springframework.web.servlet.view.InternalResourceViewResolver; SearchStrategy: all) did not find any beans (OnBeanCondition)

   WebMvcAutoConfiguration.WebMvcAutoConfigurationAdapter#requestContextFilter matched:
      - @ConditionalOnMissingBean (types: org.springframework.web.context.request.RequestContextListener,org.springframework.web.filter.RequestContextFilter; SearchStrategy: all) did not find any beans (OnBeanCondition)

   WebMvcAutoConfiguration.WebMvcAutoConfigurationAdapter#viewResolver matched:
      - @ConditionalOnBean (types: org.springframework.web.servlet.ViewResolver; SearchStrategy: all) found beans 'defaultViewResolver', 'beanNameViewResolver', 'mvcViewResolver'; @ConditionalOnMissingBean (names: viewResolver types: org.springframework.web.servlet.view.ContentNegotiatingViewResolver; SearchStrategy: all) did not find any beans (OnBeanCondition)


Negative matches:
-----------------

   AopAutoConfiguration.AspectJAutoProxyingConfiguration.JdkDynamicAutoProxyConfiguration:
      Did not match:
         - @ConditionalOnBooleanProperty (spring.aop.proxy-target-class=false) did not find property 'spring.aop.proxy-target-class' (OnPropertyCondition)

   AopAutoConfiguration.ClassProxyingConfiguration:
      Did not match:
         - @ConditionalOnMissingClass found unwanted class 'org.aspectj.weaver.Advice' (OnClassCondition)

   DataJpaRepositoriesAutoConfiguration#entityManagerFactoryBootstrapExecutorCustomizer:
      Did not match:
         - AnyNestedCondition 0 matched 2 did not; NestedCondition on DataJpaRepositoriesAutoConfiguration.BootstrapExecutorCondition.LazyBootstrapMode @ConditionalOnProperty (spring.data.jpa.repositories.bootstrap-mode=lazy) did not find property 'spring.data.jpa.repositories.bootstrap-mode'; NestedCondition on DataJpaRepositoriesAutoConfiguration.BootstrapExecutorCondition.DeferredBootstrapMode @ConditionalOnProperty (spring.data.jpa.repositories.bootstrap-mode=deferred) did not find property 'spring.data.jpa.repositories.bootstrap-mode' (DataJpaRepositoriesAutoConfiguration.BootstrapExecutorCondition)

   DataRepositoryMetricsAutoConfiguration:
      Did not match:
         - @ConditionalOnBean did not find required type 'io.micrometer.core.instrument.MeterRegistry' (OnBeanCondition)

   DataSourceAutoConfiguration.EmbeddedDatabaseConfiguration:
      Did not match:
         - EmbeddedDataSource found supported pooled data source (DataSourceAutoConfiguration.EmbeddedDatabaseCondition)

   DataSourceCheckpointRestoreConfiguration:
      Did not match:
         - @ConditionalOnClass did not find required class 'org.crac.Resource' (OnClassCondition)

   DataSourceConfiguration.Dbcp2:
      Did not match:
         - @ConditionalOnClass did not find required class 'org.apache.commons.dbcp2.BasicDataSource' (OnClassCondition)

   DataSourceConfiguration.Generic:
      Did not match:
         - @ConditionalOnProperty (spring.datasource.type) did not find property 'spring.datasource.type' (OnPropertyCondition)

   DataSourceConfiguration.OracleUcp:
      Did not match:
         - @ConditionalOnClass did not find required classes 'oracle.ucp.jdbc.PoolDataSourceImpl', 'oracle.jdbc.OracleConnection' (OnClassCondition)

   DataSourceConfiguration.Tomcat:
      Did not match:
         - @ConditionalOnClass did not find required class 'org.apache.tomcat.jdbc.pool.DataSource' (OnClassCondition)

   DataSourceHealthContributorAutoConfiguration:
      Did not match:
         - @ConditionalOnClass did not find required class 'org.springframework.boot.health.autoconfigure.contributor.ConditionalOnEnabledHealthIndicator' (OnClassCondition)

   DataSourceJmxConfiguration.TomcatDataSourceJmxConfiguration:
      Did not match:
         - @ConditionalOnClass did not find required class 'org.apache.tomcat.jdbc.pool.DataSourceProxy' (OnClassCondition)

   DataSourcePoolMetadataProvidersConfiguration.CommonsDbcp2PoolDataSourceMetadataProviderConfiguration:
      Did not match:
         - @ConditionalOnClass did not find required class 'org.apache.commons.dbcp2.BasicDataSource' (OnClassCondition)

   DataSourcePoolMetadataProvidersConfiguration.OracleUcpPoolDataSourceMetadataProviderConfiguration:
      Did not match:
         - @ConditionalOnClass did not find required classes 'oracle.ucp.jdbc.PoolDataSource', 'oracle.jdbc.OracleConnection' (OnClassCondition)

   DataSourcePoolMetadataProvidersConfiguration.TomcatDataSourcePoolMetadataProviderConfiguration:
      Did not match:
         - @ConditionalOnClass did not find required class 'org.apache.tomcat.jdbc.pool.DataSource' (OnClassCondition)

   DataSourcePoolMetricsAutoConfiguration:
      Did not match:
         - @ConditionalOnClass did not find required class 'io.micrometer.core.instrument.MeterRegistry' (OnClassCondition)

   DataSourceTransactionManagerAutoConfiguration.JdbcTransactionManagerConfiguration#transactionManager:
      Did not match:
         - @ConditionalOnMissingBean (types: org.springframework.transaction.TransactionManager; SearchStrategy: all) found beans of type 'org.springframework.transaction.TransactionManager' transactionManager (OnBeanCondition)

   DispatcherServletAutoConfiguration.DispatcherServletConfiguration#multipartResolver:
      Did not match:
         - @ConditionalOnBean (types: org.springframework.web.multipart.MultipartResolver; SearchStrategy: all) did not find any beans of type org.springframework.web.multipart.MultipartResolver (OnBeanCondition)

   GsonHttpMessageConvertersConfiguration:
      Did not match:
         - @ConditionalOnClass did not find required class 'com.google.gson.Gson' (OnClassCondition)

   HibernateMetricsAutoConfiguration:
      Did not match:
         - @ConditionalOnClass did not find required class 'io.micrometer.core.instrument.MeterRegistry' (OnClassCondition)

   Jackson2HttpMessageConvertersConfiguration.MappingJackson2HttpMessageConverterConfiguration:
      Did not match:
         - @ConditionalOnClass did not find required class 'com.fasterxml.jackson.databind.ObjectMapper' (OnClassCondition)

   Jackson2HttpMessageConvertersConfiguration.MappingJackson2XmlHttpMessageConverterConfiguration:
      Did not match:
         - @ConditionalOnClass did not find required class 'com.fasterxml.jackson.dataformat.xml.XmlMapper' (OnClassCondition)

   JacksonAutoConfiguration.CborConfiguration:
      Did not match:
         - @ConditionalOnClass did not find required class 'tools.jackson.dataformat.cbor.CBORMapper' (OnClassCondition)

   JacksonAutoConfiguration.XmlConfiguration:
      Did not match:
         - @ConditionalOnClass did not find required class 'tools.jackson.dataformat.xml.XmlMapper' (OnClassCondition)

   JacksonHttpMessageConvertersConfiguration.JacksonXmlHttpMessageConverterConfiguration:
      Did not match:
         - @ConditionalOnClass did not find required class 'tools.jackson.dataformat.xml.XmlMapper' (OnClassCondition)

   JndiDataSourceAutoConfiguration:
      Did not match:
         - @ConditionalOnProperty (spring.datasource.jndi-name) did not find property 'spring.datasource.jndi-name' (OnPropertyCondition)
      Matched:
         - @ConditionalOnClass found required classes 'javax.sql.DataSource', 'org.springframework.jdbc.datasource.embedded.EmbeddedDatabaseType' (OnClassCondition)

   JndiJtaConfiguration:
      Did not match:
         - @ConditionalOnJndi JNDI environment is not available (OnJndiCondition)
      Matched:
         - @ConditionalOnClass found required class 'org.springframework.transaction.jta.JtaTransactionManager' (OnClassCondition)

   JsonbHttpMessageConvertersConfiguration:
      Did not match:
         - @ConditionalOnClass did not find required class 'jakarta.json.bind.Jsonb' (OnClassCondition)

   KotlinSerializationHttpMessageConvertersConfiguration:
      Did not match:
         - @ConditionalOnClass did not find required classes 'kotlinx.serialization.Serializable', 'kotlinx.serialization.json.Json' (OnClassCondition)

   MessageSourceAutoConfiguration:
      Did not match:
         - ResourceBundle did not find bundle with basename messages (MessageSourceAutoConfiguration.ResourceBundleCondition)

   MybatisLanguageDriverAutoConfiguration.FreeMarkerConfiguration:
      Did not match:
         - @ConditionalOnClass did not find required classes 'org.mybatis.scripting.freemarker.FreeMarkerLanguageDriver', 'org.mybatis.scripting.freemarker.FreeMarkerLanguageDriverConfig' (OnClassCondition)

   MybatisLanguageDriverAutoConfiguration.LegacyFreeMarkerConfiguration:
      Did not match:
         - @ConditionalOnClass did not find required class 'org.mybatis.scripting.freemarker.FreeMarkerLanguageDriver' (OnClassCondition)

   MybatisLanguageDriverAutoConfiguration.LegacyVelocityConfiguration:
      Did not match:
         - @ConditionalOnClass did not find required class 'org.mybatis.scripting.velocity.Driver' (OnClassCondition)

   MybatisLanguageDriverAutoConfiguration.ThymeleafConfiguration:
      Did not match:
         - @ConditionalOnClass did not find required class 'org.mybatis.scripting.thymeleaf.ThymeleafLanguageDriver' (OnClassCondition)

   MybatisLanguageDriverAutoConfiguration.VelocityConfiguration:
      Did not match:
         - @ConditionalOnClass did not find required classes 'org.mybatis.scripting.velocity.VelocityLanguageDriver', 'org.mybatis.scripting.velocity.VelocityLanguageDriverConfig' (OnClassCondition)

   ProjectInfoAutoConfiguration#buildProperties:
      Did not match:
         - @ConditionalOnResource did not find resource '${spring.info.build.location:classpath:META-INF/build-info.properties}' (OnResourceCondition)

   ProjectInfoAutoConfiguration#gitProperties:
      Did not match:
         - GitResource did not find git info at classpath:git.properties (ProjectInfoAutoConfiguration.GitResourceAvailableCondition)

   ServletHttpExchangesAutoConfiguration:
      Did not match:
         - @ConditionalOnBean did not find required type 'org.springframework.boot.actuate.web.exchanges.HttpExchangeRepository' (OnBeanCondition)

   ServletManagementContextAutoConfiguration:
      Did not match:
         - @ConditionalOnClass did not find required class 'org.springframework.boot.actuate.autoconfigure.endpoint.web.WebEndpointProperties' (OnClassCondition)

   ServletMappingsAutoConfiguration:
      Did not match:
         - @ConditionalOnClass did not find required class 'org.springframework.boot.actuate.autoconfigure.endpoint.condition.ConditionalOnAvailableEndpoint' (OnClassCondition)

   ServletWebServerConfiguration#forwardedHeaderFilter:
      Did not match:
         - @ConditionalOnProperty (server.forward-headers-strategy=framework) did not find property 'server.forward-headers-strategy' (OnPropertyCondition)

   TaskExecutorConfigurations.AsyncConfigurerWrapperConfiguration:
      Did not match:
         - @ConditionalOnBean (types: org.springframework.scheduling.annotation.AsyncConfigurer; SearchStrategy: all) did not find any beans of type org.springframework.scheduling.annotation.AsyncConfigurer (OnBeanCondition)

   TaskExecutorConfigurations.SimpleAsyncTaskExecutorBuilderConfiguration#simpleAsyncTaskExecutorBuilderVirtualThreads:
      Did not match:
         - @ConditionalOnMissingBean (types: org.springframework.boot.task.SimpleAsyncTaskExecutorBuilder; SearchStrategy: all) found beans of type 'org.springframework.boot.task.SimpleAsyncTaskExecutorBuilder' simpleAsyncTaskExecutorBuilder (OnBeanCondition)

   TaskExecutorConfigurations.TaskExecutorConfiguration#applicationTaskExecutorVirtualThreads:
      Did not match:
         - @ConditionalOnThreading did not find VIRTUAL (OnThreadingCondition)

   TaskSchedulingAutoConfiguration#scheduledBeanLazyInitializationExcludeFilter:
      Did not match:
         - @ConditionalOnBean (names: org.springframework.scheduling.config.internalScheduledAnnotationProcessor; SearchStrategy: all) did not find any beans named org.springframework.scheduling.config.internalScheduledAnnotationProcessor (OnBeanCondition)

   TaskSchedulingConfigurations.SimpleAsyncTaskSchedulerBuilderConfiguration#simpleAsyncTaskSchedulerBuilderVirtualThreads:
      Did not match:
         - @ConditionalOnMissingBean (types: org.springframework.boot.task.SimpleAsyncTaskSchedulerBuilder; SearchStrategy: all) found beans of type 'org.springframework.boot.task.SimpleAsyncTaskSchedulerBuilder' simpleAsyncTaskSchedulerBuilder (OnBeanCondition)

   TaskSchedulingConfigurations.TaskSchedulerConfiguration:
      Did not match:
         - @ConditionalOnBean (names: org.springframework.scheduling.config.internalScheduledAnnotationProcessor; SearchStrategy: all) did not find any beans named org.springframework.scheduling.config.internalScheduledAnnotationProcessor (OnBeanCondition)

   TomcatMetricsAutoConfiguration:
      Did not match:
         - @ConditionalOnClass did not find required class 'io.micrometer.core.instrument.binder.tomcat.TomcatMetrics' (OnClassCondition)

   TomcatReactiveManagementContextAutoConfiguration:
      Did not match:
         - @ConditionalOnClass did not find required class 'org.springframework.boot.actuate.autoconfigure.web.server.ManagementContextFactory' (OnClassCondition)

   TomcatReactiveWebServerAutoConfiguration:
      Did not match:
         - @ConditionalOnWebApplication did not find reactive web application classes (OnWebApplicationCondition)

   TomcatServletManagementContextAutoConfiguration:
      Did not match:
         - @ConditionalOnClass did not find required class 'org.springframework.boot.actuate.autoconfigure.web.server.ManagementContextFactory' (OnClassCondition)

   TomcatServletWebServerAutoConfiguration#tomcatForwardedHeaderFilterCustomizer:
      Did not match:
         - @ConditionalOnProperty (server.forward-headers-strategy=framework) did not find property 'server.forward-headers-strategy' (OnPropertyCondition)

   TomcatWebServerConfiguration#tomcatVirtualThreadsProtocolHandlerCustomizer:
      Did not match:
         - @ConditionalOnThreading did not find VIRTUAL (OnThreadingCondition)

   TransactionAutoConfiguration#transactionalOperator:
      Did not match:
         - @ConditionalOnSingleCandidate (types: org.springframework.transaction.ReactiveTransactionManager; SearchStrategy: all) did not find any beans (OnBeanCondition)

   TransactionAutoConfiguration.AspectJTransactionManagementConfiguration:
      Did not match:
         - @ConditionalOnBean (types: org.springframework.transaction.aspectj.AbstractTransactionAspect; SearchStrategy: all) did not find any beans of type org.springframework.transaction.aspectj.AbstractTransactionAspect (OnBeanCondition)

   TransactionAutoConfiguration.EnableTransactionManagementConfiguration.JdkDynamicAutoProxyConfiguration:
      Did not match:
         - @ConditionalOnBooleanProperty (spring.aop.proxy-target-class=false) did not find property 'spring.aop.proxy-target-class' (OnPropertyCondition)

   WebMvcAutoConfiguration#hiddenHttpMethodFilter:
      Did not match:
         - @ConditionalOnBooleanProperty (spring.mvc.hiddenmethod.filter.enabled=true) did not find property 'spring.mvc.hiddenmethod.filter.enabled' (OnPropertyCondition)

   WebMvcAutoConfiguration.ProblemDetailsErrorHandlingConfiguration:
      Did not match:
         - @ConditionalOnBooleanProperty (spring.mvc.problemdetails.enabled=true) did not find property 'spring.mvc.problemdetails.enabled' (OnPropertyCondition)

   WebMvcAutoConfiguration.ResourceChainCustomizerConfiguration:
      Did not match:
         - @ConditionalOnEnabledResourceChain did not find class org.webjars.WebJarVersionLocator (OnEnabledResourceChainCondition)

   WebMvcAutoConfiguration.WebMvcAutoConfigurationAdapter#beanNameViewResolver:
      Did not match:
         - @ConditionalOnMissingBean (types: org.springframework.web.servlet.view.BeanNameViewResolver; SearchStrategy: all) found beans of type 'org.springframework.web.servlet.view.BeanNameViewResolver' beanNameViewResolver (OnBeanCondition)

   WebMvcHealthEndpointExtensionAutoConfiguration:
      Did not match:
         - @ConditionalOnClass did not find required class 'org.springframework.boot.health.actuate.endpoint.HealthEndpoint' (OnClassCondition)

   WebMvcMappingsAutoConfiguration:
      Did not match:
         - @ConditionalOnClass did not find required class 'org.springframework.boot.actuate.autoconfigure.endpoint.condition.ConditionalOnAvailableEndpoint' (OnClassCondition)

   WebMvcObservationAutoConfiguration:
      Did not match:
         - @ConditionalOnClass did not find required class 'org.springframework.boot.micrometer.observation.autoconfigure.ObservationProperties' (OnClassCondition)

   XADataSourceAutoConfiguration:
      Did not match:
         - @ConditionalOnBean (types: org.springframework.boot.jdbc.XADataSourceWrapper; SearchStrategy: all) did not find any beans of type org.springframework.boot.jdbc.XADataSourceWrapper (OnBeanCondition)
      Matched:
         - @ConditionalOnClass found required classes 'javax.sql.DataSource', 'jakarta.transaction.TransactionManager', 'org.springframework.jdbc.datasource.embedded.EmbeddedDatabaseType' (OnClassCondition)


Exclusions:
-----------

    None


Unconditional classes:
----------------------

    org.springframework.boot.autoconfigure.context.ConfigurationPropertiesAutoConfiguration

    org.springframework.boot.autoconfigure.ssl.SslAutoConfiguration

    org.springframework.boot.autoconfigure.context.LifecycleAutoConfiguration

    org.springframework.boot.autoconfigure.context.PropertyPlaceholderAutoConfiguration

    org.springframework.boot.autoconfigure.availability.ApplicationAvailabilityAutoConfiguration

    org.springframework.boot.autoconfigure.info.ProjectInfoAutoConfiguration



2026-06-07 22:50:05 DEBUG org.springframework.boot.diagnostics.LoggingFailureAnalysisReporter - Application failed to start due to an exception
org.springframework.boot.jdbc.autoconfigure.DataSourceProperties$DataSourceBeanCreationException: Failed to determine a suitable driver class
	at org.springframework.boot.jdbc.autoconfigure.DataSourceProperties.determineDriverClassName(DataSourceProperties.java:179)
	at org.springframework.boot.jdbc.autoconfigure.PropertiesJdbcConnectionDetails.getDriverClassName(PropertiesJdbcConnectionDetails.java:51)
	at org.springframework.boot.jdbc.autoconfigure.DataSourceConfiguration.createDataSource(DataSourceConfiguration.java:63)
	at org.springframework.boot.jdbc.autoconfigure.DataSourceConfiguration$Hikari.dataSource(DataSourceConfiguration.java:128)
	at java.base/jdk.internal.reflect.DirectMethodHandleAccessor.invoke(DirectMethodHandleAccessor.java:103)
	at java.base/java.lang.reflect.Method.invoke(Method.java:580)
	at org.springframework.beans.factory.support.SimpleInstantiationStrategy.lambda$instantiate$0(SimpleInstantiationStrategy.java:155)
	at org.springframework.beans.factory.support.SimpleInstantiationStrategy.instantiateWithFactoryMethod(SimpleInstantiationStrategy.java:72)
	at org.springframework.beans.factory.support.SimpleInstantiationStrategy.instantiate(SimpleInstantiationStrategy.java:152)
	at org.springframework.beans.factory.support.ConstructorResolver.instantiate(ConstructorResolver.java:653)
	at org.springframework.beans.factory.support.ConstructorResolver.instantiateUsingFactoryMethod(ConstructorResolver.java:645)
	at org.springframework.beans.factory.support.AbstractAutowireCapableBeanFactory.instantiateUsingFactoryMethod(AbstractAutowireCapableBeanFactory.java:1362)
	at org.springframework.beans.factory.support.AbstractAutowireCapableBeanFactory.createBeanInstance(AbstractAutowireCapableBeanFactory.java:1194)
	at org.springframework.beans.factory.support.AbstractAutowireCapableBeanFactory.doCreateBean(AbstractAutowireCapableBeanFactory.java:565)
	at org.springframework.beans.factory.support.AbstractAutowireCapableBeanFactory.createBean(AbstractAutowireCapableBeanFactory.java:525)
	at org.springframework.beans.factory.support.AbstractBeanFactory.lambda$doGetBean$0(AbstractBeanFactory.java:333)
	at org.springframework.beans.factory.support.DefaultSingletonBeanRegistry.getSingleton(DefaultSingletonBeanRegistry.java:371)
	at org.springframework.beans.factory.support.AbstractBeanFactory.doGetBean(AbstractBeanFactory.java:331)
	at org.springframework.beans.factory.support.AbstractBeanFactory.getBean(AbstractBeanFactory.java:201)
	at org.springframework.beans.factory.support.DefaultListableBeanFactory.resolveBean(DefaultListableBeanFactory.java:1225)
	at org.springframework.beans.factory.support.DefaultListableBeanFactory.doResolveDependency(DefaultListableBeanFactory.java:1704)
	at org.springframework.beans.factory.support.DefaultListableBeanFactory.resolveDependency(DefaultListableBeanFactory.java:1651)
	at org.springframework.beans.factory.support.ConstructorResolver.resolveAutowiredArgument(ConstructorResolver.java:912)
	at org.springframework.beans.factory.support.ConstructorResolver.createArgumentArray(ConstructorResolver.java:791)
	at org.springframework.beans.factory.support.ConstructorResolver.instantiateUsingFactoryMethod(ConstructorResolver.java:546)
	at org.springframework.beans.factory.support.AbstractAutowireCapableBeanFactory.instantiateUsingFactoryMethod(AbstractAutowireCapableBeanFactory.java:1362)
	at org.springframework.beans.factory.support.AbstractAutowireCapableBeanFactory.createBeanInstance(AbstractAutowireCapableBeanFactory.java:1194)
	at org.springframework.beans.factory.support.AbstractAutowireCapableBeanFactory.doCreateBean(AbstractAutowireCapableBeanFactory.java:565)
	at org.springframework.beans.factory.support.AbstractAutowireCapableBeanFactory.createBean(AbstractAutowireCapableBeanFactory.java:525)
	at org.springframework.beans.factory.support.AbstractBeanFactory.lambda$doGetBean$0(AbstractBeanFactory.java:333)
	at org.springframework.beans.factory.support.DefaultSingletonBeanRegistry.getSingleton(DefaultSingletonBeanRegistry.java:371)
	at org.springframework.beans.factory.support.AbstractBeanFactory.doGetBean(AbstractBeanFactory.java:331)
	at org.springframework.beans.factory.support.AbstractBeanFactory.getBean(AbstractBeanFactory.java:196)
	at org.springframework.beans.factory.support.AbstractBeanFactory.doGetBean(AbstractBeanFactory.java:309)
	at org.springframework.beans.factory.support.AbstractBeanFactory.getBean(AbstractBeanFactory.java:201)
	at org.springframework.context.support.AbstractApplicationContext.finishBeanFactoryInitialization(AbstractApplicationContext.java:977)
	at org.springframework.context.support.AbstractApplicationContext.refresh(AbstractApplicationContext.java:621)
	at org.springframework.boot.web.server.servlet.context.ServletWebServerApplicationContext.refresh(ServletWebServerApplicationContext.java:143)
	at org.springframework.boot.SpringApplication.refresh(SpringApplication.java:756)
	at org.springframework.boot.SpringApplication.refreshContext(SpringApplication.java:445)
	at org.springframework.boot.SpringApplication.run(SpringApplication.java:321)
	at org.springframework.boot.SpringApplication.run(SpringApplication.java:1365)
	at org.springframework.boot.SpringApplication.run(SpringApplication.java:1354)
	at com.pup.taguig.app.OrderManagementApplication.main(OrderManagementApplication.java:10)
2026-06-07 22:50:05 ERROR org.springframework.boot.diagnostics.LoggingFailureAnalysisReporter - 

***************************
APPLICATION FAILED TO START
***************************

Description:

Failed to configure a DataSource: 'url' attribute is not specified and no embedded datasource could be configured.

Reason: Failed to determine a suitable driver class


Action:

Consider the following:
	If you want an embedded database (H2, HSQL or Derby), please put it on the classpath.
	If you have database settings to be loaded from a particular profile you may need to activate it (no profiles are currently active).

2026-06-07 22:51:46 DEBUG org.springframework.core.env.PropertySourcesPropertyResolver - Found key 'spring.application.name' in PropertySource 'configurationProperties' with value of type String
2026-06-07 22:51:46 INFO  com.pup.taguig.app.OrderManagementApplication - Starting OrderManagementApplication using Java 23.0.2 with PID 56853 (/Users/aronstephencordova/eclipse-workspace/OrderManagement/target/classes started by aronstephencordova in /Users/aronstephencordova/eclipse-workspace/OrderManagement)
2026-06-07 22:51:46 DEBUG com.pup.taguig.app.OrderManagementApplication - Running with Spring Boot v4.0.6, Spring v7.0.7
2026-06-07 22:51:46 INFO  com.pup.taguig.app.OrderManagementApplication - No active profile set, falling back to 1 default profile: "default"
2026-06-07 22:51:46 DEBUG org.springframework.boot.SpringApplication - Loading source class com.pup.taguig.app.OrderManagementApplication
2026-06-07 22:51:46 DEBUG org.springframework.boot.web.server.servlet.context.AnnotationConfigServletWebServerApplicationContext - Refreshing org.springframework.boot.web.server.servlet.context.AnnotationConfigServletWebServerApplicationContext@20312893
2026-06-07 22:51:46 DEBUG org.springframework.beans.factory.support.DefaultListableBeanFactory - Creating shared instance of singleton bean 'org.springframework.context.annotation.internalConfigurationAnnotationProcessor'
2026-06-07 22:51:46 DEBUG org.springframework.beans.factory.support.DefaultListableBeanFactory - Creating shared instance of singleton bean 'org.springframework.boot.autoconfigure.internalCachingMetadataReaderFactory'
2026-06-07 22:51:46 DEBUG org.springframework.beans.factory.support.DefaultListableBeanFactory - Creating shared instance of singleton bean 'org.springframework.boot.autoconfigure.AutoConfigurationPackages'
2026-06-07 22:51:46 DEBUG org.springframework.boot.autoconfigure.AutoConfigurationPackages - @EnableAutoConfiguration was declared on a class in the package 'com.pup.taguig.app'. Automatic @Repository and @Entity scanning is enabled.
2026-06-07 22:51:46 DEBUG org.mybatis.spring.boot.autoconfigure.MybatisAutoConfiguration - Searching for mappers annotated with @Mapper
2026-06-07 22:51:46 DEBUG org.mybatis.spring.boot.autoconfigure.MybatisAutoConfiguration - Using auto-configuration base package 'com.pup.taguig.app'
2026-06-07 22:51:46 INFO  org.springframework.data.repository.config.RepositoryConfigurationDelegate - Bootstrapping Spring Data JPA repositories in DEFAULT mode.
2026-06-07 22:51:46 DEBUG org.springframework.data.repository.config.RepositoryConfigurationDelegate - Scanning for JPA repositories in packages com.pup.taguig.app.
2026-06-07 22:51:46 INFO  org.springframework.data.repository.config.RepositoryConfigurationDelegate - Finished Spring Data repository scanning in 2 ms. Found 0 JPA repository interfaces.
2026-06-07 22:51:46 DEBUG org.springframework.beans.factory.support.DefaultListableBeanFactory - Creating shared instance of singleton bean 'org.mybatis.spring.mapper.MapperScannerConfigurer'
2026-06-07 22:51:46 DEBUG org.springframework.beans.factory.support.DefaultListableBeanFactory - Creating shared instance of singleton bean 'propertySourcesPlaceholderConfigurer'
2026-06-07 22:51:46 DEBUG org.apache.ibatis.logging.LogFactory - Logging initialized using 'class org.apache.ibatis.logging.slf4j.Slf4jImpl' adapter.
2026-06-07 22:51:46 WARN  org.mybatis.spring.mapper.ClassPathMapperScanner - No MyBatis mapper was found in '[com.pup.taguig.app]' package. Please check your configuration.
2026-06-07 22:51:46 DEBUG org.springframework.beans.factory.support.DefaultListableBeanFactory - Creating shared instance of singleton bean 'org.springframework.boot.sql.init.dependency.DatabaseInitializationDependencyConfigurer$DependsOnDatabaseInitializationPostProcessor'
2026-06-07 22:51:46 DEBUG org.springframework.beans.factory.support.DefaultListableBeanFactory - Creating shared instance of singleton bean 'org.springframework.context.event.internalEventListenerProcessor'
2026-06-07 22:51:46 DEBUG org.springframework.beans.factory.support.DefaultListableBeanFactory - Creating shared instance of singleton bean 'bootstrapExecutorAliasPostProcessor'
2026-06-07 22:51:46 DEBUG org.springframework.beans.factory.support.DefaultListableBeanFactory - Creating shared instance of singleton bean 'preserveErrorControllerTargetClassPostProcessor'
2026-06-07 22:51:46 DEBUG org.springframework.beans.factory.support.DefaultListableBeanFactory - Creating shared instance of singleton bean 'org.springframework.context.event.internalEventListenerFactory'
2026-06-07 22:51:46 DEBUG org.springframework.beans.factory.support.DefaultListableBeanFactory - Creating shared instance of singleton bean 'org.springframework.transaction.config.internalTransactionalEventListenerFactory'
2026-06-07 22:51:46 DEBUG org.springframework.beans.factory.support.DefaultListableBeanFactory - Creating shared instance of singleton bean 'org.springframework.context.annotation.internalAutowiredAnnotationProcessor'
2026-06-07 22:51:46 DEBUG org.springframework.beans.factory.support.DefaultListableBeanFactory - Creating shared instance of singleton bean 'org.springframework.context.annotation.internalCommonAnnotationProcessor'
2026-06-07 22:51:46 DEBUG org.springframework.beans.factory.support.DefaultListableBeanFactory - Creating shared instance of singleton bean 'org.springframework.context.annotation.internalPersistenceAnnotationProcessor'
2026-06-07 22:51:46 DEBUG org.springframework.beans.factory.support.DefaultListableBeanFactory - Creating shared instance of singleton bean 'org.springframework.boot.context.properties.ConfigurationPropertiesBindingPostProcessor'
2026-06-07 22:51:46 DEBUG org.springframework.beans.factory.support.DefaultListableBeanFactory - Creating shared instance of singleton bean 'org.springframework.boot.context.internalConfigurationPropertiesBinder'
2026-06-07 22:51:46 DEBUG org.springframework.beans.factory.support.DefaultListableBeanFactory - Creating shared instance of singleton bean 'jdbcConnectionDetailsHikariBeanPostProcessor'
2026-06-07 22:51:46 DEBUG org.springframework.beans.factory.support.DefaultListableBeanFactory - Creating shared instance of singleton bean 'org.springframework.aop.config.internalAutoProxyCreator'
2026-06-07 22:51:46 DEBUG org.springframework.beans.factory.support.DefaultListableBeanFactory - Creating shared instance of singleton bean 'org.springframework.aop.framework.autoproxy.defaultProxyConfig'
2026-06-07 22:51:46 DEBUG org.springframework.beans.factory.support.DefaultListableBeanFactory - Creating shared instance of singleton bean 'persistenceExceptionTranslationPostProcessor'
2026-06-07 22:51:46 DEBUG org.springframework.beans.factory.support.DefaultListableBeanFactory - Autowiring by type from bean name 'persistenceExceptionTranslationPostProcessor' via factory method to bean named 'environment'
2026-06-07 22:51:46 DEBUG org.springframework.beans.factory.support.DefaultListableBeanFactory - Creating shared instance of singleton bean 'projectingArgumentResolverBeanPostProcessor'
2026-06-07 22:51:46 DEBUG org.springframework.beans.factory.support.DefaultListableBeanFactory - Creating shared instance of singleton bean 'org.springframework.transaction.config.internalTransactionAdvisor'
2026-06-07 22:51:46 DEBUG org.springframework.beans.factory.support.DefaultListableBeanFactory - Creating shared instance of singleton bean 'org.springframework.transaction.annotation.ProxyTransactionManagementConfiguration'
2026-06-07 22:51:46 DEBUG org.springframework.beans.factory.support.DefaultListableBeanFactory - Creating shared instance of singleton bean 'transactionAttributeSource'
2026-06-07 22:51:46 DEBUG org.springframework.beans.factory.support.DefaultListableBeanFactory - Creating shared instance of singleton bean 'transactionInterceptor'
2026-06-07 22:51:46 DEBUG org.springframework.beans.factory.support.DefaultListableBeanFactory - Autowiring by type from bean name 'transactionInterceptor' via factory method to bean named 'transactionAttributeSource'
2026-06-07 22:51:46 DEBUG org.springframework.beans.factory.support.DefaultListableBeanFactory - Autowiring by type from bean name 'org.springframework.transaction.config.internalTransactionAdvisor' via factory method to bean named 'transactionAttributeSource'
2026-06-07 22:51:46 DEBUG org.springframework.beans.factory.support.DefaultListableBeanFactory - Autowiring by type from bean name 'org.springframework.transaction.config.internalTransactionAdvisor' via factory method to bean named 'transactionInterceptor'
2026-06-07 22:51:46 DEBUG org.springframework.beans.factory.support.DefaultListableBeanFactory - Creating shared instance of singleton bean 'webServerFactoryCustomizerBeanPostProcessor'
2026-06-07 22:51:46 DEBUG org.springframework.beans.factory.support.DefaultListableBeanFactory - Creating shared instance of singleton bean 'errorPageRegistrarBeanPostProcessor'
2026-06-07 22:51:46 DEBUG org.springframework.beans.factory.support.DefaultListableBeanFactory - Creating shared instance of singleton bean 'tomcatServletWebServerFactory'
2026-06-07 22:51:46 DEBUG org.springframework.beans.factory.support.DefaultListableBeanFactory - Creating shared instance of singleton bean 'org.springframework.boot.tomcat.autoconfigure.servlet.TomcatServletWebServerAutoConfiguration'
2026-06-07 22:51:46 DEBUG org.springframework.beans.factory.support.DefaultListableBeanFactory - Creating shared instance of singleton bean 'server.tomcat-org.springframework.boot.tomcat.autoconfigure.TomcatServerProperties'
2026-06-07 22:51:46 DEBUG org.springframework.beans.factory.support.DefaultListableBeanFactory - Creating shared instance of singleton bean 'org.springframework.boot.context.properties.BoundConfigurationProperties'
2026-06-07 22:51:46 DEBUG org.springframework.beans.factory.support.DefaultListableBeanFactory - Autowiring by type from bean name 'org.springframework.boot.tomcat.autoconfigure.servlet.TomcatServletWebServerAutoConfiguration' via constructor to bean named 'server.tomcat-org.springframework.boot.tomcat.autoconfigure.TomcatServerProperties'
2026-06-07 22:51:46 DEBUG org.springframework.beans.factory.support.DefaultListableBeanFactory - Creating shared instance of singleton bean 'servletWebServerFactoryCustomizer'
2026-06-07 22:51:46 DEBUG org.springframework.beans.factory.support.DefaultListableBeanFactory - Creating shared instance of singleton bean 'org.springframework.boot.web.server.autoconfigure.servlet.ServletWebServerConfiguration'
2026-06-07 22:51:46 DEBUG org.springframework.beans.factory.support.DefaultListableBeanFactory - Creating shared instance of singleton bean 'server-org.springframework.boot.web.server.autoconfigure.ServerProperties'
2026-06-07 22:51:46 DEBUG org.springframework.beans.factory.support.DefaultListableBeanFactory - Autowiring by type from bean name 'servletWebServerFactoryCustomizer' via factory method to bean named 'server-org.springframework.boot.web.server.autoconfigure.ServerProperties'
2026-06-07 22:51:46 DEBUG org.springframework.beans.factory.support.DefaultListableBeanFactory - Creating shared instance of singleton bean 'sslBundleRegistry'
2026-06-07 22:51:46 DEBUG org.springframework.beans.factory.support.DefaultListableBeanFactory - Creating shared instance of singleton bean 'org.springframework.boot.autoconfigure.ssl.SslAutoConfiguration'
2026-06-07 22:51:46 DEBUG org.springframework.beans.factory.support.DefaultListableBeanFactory - Creating shared instance of singleton bean 'spring.ssl-org.springframework.boot.autoconfigure.ssl.SslProperties'
2026-06-07 22:51:46 DEBUG org.springframework.beans.factory.support.DefaultListableBeanFactory - Autowiring by type from bean name 'org.springframework.boot.autoconfigure.ssl.SslAutoConfiguration' via constructor to bean named 'org.springframework.boot.web.server.servlet.context.AnnotationConfigServletWebServerApplicationContext@20312893'
2026-06-07 22:51:46 DEBUG org.springframework.beans.factory.support.DefaultListableBeanFactory - Autowiring by type from bean name 'org.springframework.boot.autoconfigure.ssl.SslAutoConfiguration' via constructor to bean named 'spring.ssl-org.springframework.boot.autoconfigure.ssl.SslProperties'
2026-06-07 22:51:46 DEBUG org.springframework.beans.factory.support.DefaultListableBeanFactory - Creating shared instance of singleton bean 'sslPropertiesSslBundleRegistrar'
2026-06-07 22:51:46 DEBUG org.springframework.beans.factory.support.DefaultListableBeanFactory - Creating shared instance of singleton bean 'fileWatcher'
2026-06-07 22:51:46 DEBUG org.springframework.beans.factory.support.DefaultListableBeanFactory - Autowiring by type from bean name 'sslPropertiesSslBundleRegistrar' via factory method to bean named 'fileWatcher'
2026-06-07 22:51:46 DEBUG org.springframework.beans.factory.support.DefaultListableBeanFactory - Creating shared instance of singleton bean 'webSocketWebServerCustomizer'
2026-06-07 22:51:46 DEBUG org.springframework.beans.factory.support.DefaultListableBeanFactory - Creating shared instance of singleton bean 'org.springframework.boot.tomcat.autoconfigure.TomcatWebServerConfiguration$TomcatWebSocketConfiguration'
2026-06-07 22:51:46 DEBUG org.springframework.beans.factory.support.DefaultListableBeanFactory - Creating shared instance of singleton bean 'tomcatWebServerFactoryCustomizer'
2026-06-07 22:51:46 DEBUG org.springframework.beans.factory.support.DefaultListableBeanFactory - Creating shared instance of singleton bean 'org.springframework.boot.tomcat.autoconfigure.TomcatWebServerConfiguration'
2026-06-07 22:51:46 DEBUG org.springframework.beans.factory.support.DefaultListableBeanFactory - Creating shared instance of singleton bean 'spring.web-org.springframework.boot.autoconfigure.web.WebProperties'
2026-06-07 22:51:46 DEBUG org.springframework.beans.factory.support.DefaultListableBeanFactory - Autowiring by type from bean name 'tomcatWebServerFactoryCustomizer' via factory method to bean named 'environment'
2026-06-07 22:51:46 DEBUG org.springframework.beans.factory.support.DefaultListableBeanFactory - Autowiring by type from bean name 'tomcatWebServerFactoryCustomizer' via factory method to bean named 'server-org.springframework.boot.web.server.autoconfigure.ServerProperties'
2026-06-07 22:51:46 DEBUG org.springframework.beans.factory.support.DefaultListableBeanFactory - Autowiring by type from bean name 'tomcatWebServerFactoryCustomizer' via factory method to bean named 'server.tomcat-org.springframework.boot.tomcat.autoconfigure.TomcatServerProperties'
2026-06-07 22:51:46 DEBUG org.springframework.beans.factory.support.DefaultListableBeanFactory - Autowiring by type from bean name 'tomcatWebServerFactoryCustomizer' via factory method to bean named 'spring.web-org.springframework.boot.autoconfigure.web.WebProperties'
2026-06-07 22:51:46 DEBUG org.springframework.beans.factory.support.DefaultListableBeanFactory - Creating shared instance of singleton bean 'tomcatServletWebServerFactoryCustomizer'
2026-06-07 22:51:46 DEBUG org.springframework.beans.factory.support.DefaultListableBeanFactory - Autowiring by type from bean name 'tomcatServletWebServerFactoryCustomizer' via factory method to bean named 'server.tomcat-org.springframework.boot.tomcat.autoconfigure.TomcatServerProperties'
2026-06-07 22:51:46 DEBUG org.springframework.beans.factory.support.DefaultListableBeanFactory - Creating shared instance of singleton bean 'errorPageCustomizer'
2026-06-07 22:51:46 DEBUG org.springframework.beans.factory.support.DefaultListableBeanFactory - Creating shared instance of singleton bean 'org.springframework.boot.webmvc.autoconfigure.error.ErrorMvcAutoConfiguration'
2026-06-07 22:51:46 DEBUG org.springframework.beans.factory.support.DefaultListableBeanFactory - Autowiring by type from bean name 'org.springframework.boot.webmvc.autoconfigure.error.ErrorMvcAutoConfiguration' via constructor to bean named 'spring.web-org.springframework.boot.autoconfigure.web.WebProperties'
2026-06-07 22:51:46 DEBUG org.springframework.beans.factory.support.DefaultListableBeanFactory - Creating shared instance of singleton bean 'dispatcherServletRegistration'
2026-06-07 22:51:46 DEBUG org.springframework.beans.factory.support.DefaultListableBeanFactory - Creating shared instance of singleton bean 'org.springframework.boot.webmvc.autoconfigure.DispatcherServletAutoConfiguration$DispatcherServletRegistrationConfiguration'
2026-06-07 22:51:46 DEBUG org.springframework.beans.factory.support.DefaultListableBeanFactory - Creating shared instance of singleton bean 'dispatcherServlet'
2026-06-07 22:51:46 DEBUG org.springframework.beans.factory.support.DefaultListableBeanFactory - Creating shared instance of singleton bean 'org.springframework.boot.webmvc.autoconfigure.DispatcherServletAutoConfiguration$DispatcherServletConfiguration'
2026-06-07 22:51:46 DEBUG org.springframework.beans.factory.support.DefaultListableBeanFactory - Creating shared instance of singleton bean 'spring.mvc-org.springframework.boot.webmvc.autoconfigure.WebMvcProperties'
2026-06-07 22:51:46 DEBUG org.springframework.beans.factory.support.DefaultListableBeanFactory - Autowiring by type from bean name 'dispatcherServlet' via factory method to bean named 'spring.mvc-org.springframework.boot.webmvc.autoconfigure.WebMvcProperties'
2026-06-07 22:51:46 DEBUG org.springframework.beans.factory.support.DefaultListableBeanFactory - Autowiring by type from bean name 'dispatcherServletRegistration' via factory method to bean named 'dispatcherServlet'
2026-06-07 22:51:46 DEBUG org.springframework.beans.factory.support.DefaultListableBeanFactory - Autowiring by type from bean name 'dispatcherServletRegistration' via factory method to bean named 'spring.mvc-org.springframework.boot.webmvc.autoconfigure.WebMvcProperties'
2026-06-07 22:51:46 DEBUG org.springframework.beans.factory.support.DefaultListableBeanFactory - Creating shared instance of singleton bean 'multipartConfigElement'
2026-06-07 22:51:46 DEBUG org.springframework.beans.factory.support.DefaultListableBeanFactory - Creating shared instance of singleton bean 'org.springframework.boot.servlet.autoconfigure.MultipartAutoConfiguration'
2026-06-07 22:51:46 DEBUG org.springframework.beans.factory.support.DefaultListableBeanFactory - Creating shared instance of singleton bean 'spring.servlet.multipart-org.springframework.boot.servlet.autoconfigure.MultipartProperties'
2026-06-07 22:51:46 DEBUG org.springframework.beans.factory.support.DefaultListableBeanFactory - Autowiring by type from bean name 'org.springframework.boot.servlet.autoconfigure.MultipartAutoConfiguration' via constructor to bean named 'spring.servlet.multipart-org.springframework.boot.servlet.autoconfigure.MultipartProperties'
2026-06-07 22:51:46 DEBUG org.springframework.beans.factory.support.DefaultListableBeanFactory - Autowiring by type from bean name 'errorPageCustomizer' via factory method to bean named 'dispatcherServletRegistration'
2026-06-07 22:51:46 DEBUG org.springframework.boot.tomcat.servlet.TomcatServletWebServerFactory - Code archive: /Users/aronstephencordova/.m2/repository/org/springframework/boot/spring-boot-web-server/4.0.6/spring-boot-web-server-4.0.6.jar
2026-06-07 22:51:46 DEBUG org.springframework.boot.tomcat.servlet.TomcatServletWebServerFactory - Code archive: /Users/aronstephencordova/.m2/repository/org/springframework/boot/spring-boot-web-server/4.0.6/spring-boot-web-server-4.0.6.jar
2026-06-07 22:51:46 DEBUG org.springframework.boot.tomcat.servlet.TomcatServletWebServerFactory - None of the document roots [src/main/webapp, public, static] point to a directory and will be ignored.
2026-06-07 22:51:46 INFO  org.springframework.boot.tomcat.TomcatWebServer - Tomcat initialized with port 8080 (http)
2026-06-07 22:51:46 INFO  org.apache.coyote.http11.Http11NioProtocol - Initializing ProtocolHandler ["http-nio-8080"]
2026-06-07 22:51:46 DEBUG org.apache.catalina.util.LifecycleBase - Setting state for [Connector["http-nio-8080"]] to [INITIALIZED]
2026-06-07 22:51:46 DEBUG org.apache.catalina.util.LifecycleBase - Setting state for [StandardService[Tomcat]] to [INITIALIZED]
2026-06-07 22:51:46 DEBUG org.apache.catalina.util.LifecycleBase - Setting state for [StandardServer[-1]] to [INITIALIZED]
2026-06-07 22:51:46 DEBUG org.apache.catalina.util.LifecycleBase - Setting state for [StandardServer[-1]] to [STARTING_PREP]
2026-06-07 22:51:46 DEBUG org.apache.catalina.util.LifecycleBase - Setting state for [StandardServer[-1]] to [STARTING]
2026-06-07 22:51:46 DEBUG org.apache.catalina.util.LifecycleBase - Setting state for [org.apache.catalina.deploy.NamingResourcesImpl@40709f9] to [STARTING_PREP]
2026-06-07 22:51:46 DEBUG org.apache.catalina.util.LifecycleBase - Setting state for [org.apache.catalina.deploy.NamingResourcesImpl@40709f9] to [STARTING]
2026-06-07 22:51:46 DEBUG org.apache.catalina.util.LifecycleBase - Setting state for [org.apache.catalina.deploy.NamingResourcesImpl@40709f9] to [STARTED]
2026-06-07 22:51:46 DEBUG org.apache.catalina.util.LifecycleBase - Setting state for [StandardService[Tomcat]] to [STARTING_PREP]
2026-06-07 22:51:46 INFO  org.apache.catalina.core.StandardService - Starting service [Tomcat]
2026-06-07 22:51:46 DEBUG org.apache.catalina.util.LifecycleBase - Setting state for [StandardService[Tomcat]] to [STARTING]
2026-06-07 22:51:46 DEBUG org.apache.catalina.util.LifecycleBase - Setting state for [StandardEngine[Tomcat]] to [STARTING_PREP]
2026-06-07 22:51:46 INFO  org.apache.catalina.core.StandardEngine - Starting Servlet engine: [Apache Tomcat/11.0.21]
2026-06-07 22:51:46 DEBUG org.apache.catalina.util.LifecycleBase - Setting state for [SimpleRealm[StandardEngine[Tomcat]]] to [INITIALIZING]
2026-06-07 22:51:46 DEBUG org.apache.catalina.util.LifecycleBase - Setting state for [SimpleRealm[StandardEngine[Tomcat]]] to [INITIALIZED]
2026-06-07 22:51:46 DEBUG org.apache.catalina.util.LifecycleBase - Setting state for [SimpleRealm[StandardEngine[Tomcat]]] to [STARTING_PREP]
2026-06-07 22:51:46 DEBUG org.apache.catalina.util.LifecycleBase - Setting state for [SimpleRealm[StandardEngine[Tomcat]]] to [STARTING]
2026-06-07 22:51:46 DEBUG org.apache.catalina.util.LifecycleBase - Setting state for [SimpleRealm[StandardEngine[Tomcat]]] to [STARTED]
2026-06-07 22:51:46 DEBUG org.apache.catalina.util.LifecycleBase - Setting state for [StandardEngine[Tomcat].StandardHost[localhost]] to [INITIALIZING]
2026-06-07 22:51:46 DEBUG org.apache.catalina.util.LifecycleBase - Setting state for [StandardEngine[Tomcat].StandardHost[localhost]] to [INITIALIZED]
2026-06-07 22:51:46 DEBUG org.apache.catalina.util.LifecycleBase - Setting state for [StandardEngine[Tomcat].StandardHost[localhost]] to [STARTING_PREP]
2026-06-07 22:51:46 DEBUG org.apache.catalina.util.LifecycleBase - Setting state for [StandardEngine[Tomcat].StandardHost[localhost].TomcatEmbeddedContext[]] to [INITIALIZING]
2026-06-07 22:51:46 DEBUG org.apache.catalina.util.LifecycleBase - Setting state for [StandardEngine[Tomcat].StandardHost[localhost].TomcatEmbeddedContext[]] to [INITIALIZED]
2026-06-07 22:51:46 DEBUG org.apache.catalina.util.LifecycleBase - Setting state for [StandardEngine[Tomcat].StandardHost[localhost].TomcatEmbeddedContext[]] to [STARTING_PREP]
2026-06-07 22:51:46 DEBUG org.apache.catalina.util.LifecycleBase - Setting state for [org.apache.catalina.webresources.StandardRoot@6f5d0190] to [INITIALIZING]
2026-06-07 22:51:46 DEBUG org.apache.catalina.util.LifecycleBase - Setting state for [org.apache.catalina.webresources.StandardRoot@6f5d0190] to [INITIALIZED]
2026-06-07 22:51:46 DEBUG org.apache.catalina.util.LifecycleBase - Setting state for [org.apache.catalina.webresources.StandardRoot@6f5d0190] to [STARTING_PREP]
2026-06-07 22:51:46 DEBUG org.apache.catalina.util.LifecycleBase - Setting state for [org.apache.catalina.webresources.DirResourceSet@3d40a3b4] to [INITIALIZING]
2026-06-07 22:51:46 DEBUG org.apache.catalina.util.LifecycleBase - Setting state for [org.apache.catalina.webresources.DirResourceSet@3d40a3b4] to [INITIALIZED]
2026-06-07 22:51:46 DEBUG org.apache.catalina.util.LifecycleBase - Setting state for [org.apache.catalina.webresources.DirResourceSet@3d40a3b4] to [STARTING_PREP]
2026-06-07 22:51:46 DEBUG org.apache.catalina.util.LifecycleBase - Setting state for [org.apache.catalina.webresources.DirResourceSet@3d40a3b4] to [STARTING]
2026-06-07 22:51:46 DEBUG org.apache.catalina.util.LifecycleBase - Setting state for [org.apache.catalina.webresources.DirResourceSet@3d40a3b4] to [STARTED]
2026-06-07 22:51:46 DEBUG org.apache.catalina.util.LifecycleBase - Setting state for [org.apache.catalina.webresources.StandardRoot@6f5d0190] to [STARTING]
2026-06-07 22:51:46 DEBUG org.apache.catalina.util.LifecycleBase - Setting state for [org.apache.catalina.webresources.StandardRoot@6f5d0190] to [STARTED]
2026-06-07 22:51:46 DEBUG org.apache.catalina.util.LifecycleBase - Setting state for [WebappLoader[StandardEngine[Tomcat].StandardHost[localhost].TomcatEmbeddedContext[]]] to [INITIALIZING]
2026-06-07 22:51:46 DEBUG org.apache.catalina.util.LifecycleBase - Setting state for [WebappLoader[StandardEngine[Tomcat].StandardHost[localhost].TomcatEmbeddedContext[]]] to [INITIALIZED]
2026-06-07 22:51:46 DEBUG org.apache.catalina.util.LifecycleBase - Setting state for [WebappLoader[StandardEngine[Tomcat].StandardHost[localhost].TomcatEmbeddedContext[]]] to [STARTING_PREP]
2026-06-07 22:51:46 DEBUG org.apache.catalina.loader.WebappLoader - Starting this Loader
2026-06-07 22:51:46 DEBUG org.apache.catalina.webresources.Cache - Increased cache size by [531] for item [org.apache.catalina.webresources.CachedResource@1e3df614] at [/WEB-INF/classes] making total cache size [531]
2026-06-07 22:51:46 DEBUG org.apache.catalina.util.LifecycleBase - Setting state for [WebappLoader[StandardEngine[Tomcat].StandardHost[localhost].TomcatEmbeddedContext[]]] to [STARTING]
2026-06-07 22:51:46 DEBUG org.apache.catalina.util.LifecycleBase - Setting state for [WebappLoader[StandardEngine[Tomcat].StandardHost[localhost].TomcatEmbeddedContext[]]] to [STARTED]
2026-06-07 22:51:46 DEBUG org.apache.catalina.util.LifecycleBase - Setting state for [StandardEngine[Tomcat].StandardHost[localhost].TomcatEmbeddedContext[].StandardWrapper[jsp]] to [INITIALIZING]
2026-06-07 22:51:46 DEBUG org.apache.catalina.util.LifecycleBase - Setting state for [StandardEngine[Tomcat].StandardHost[localhost].TomcatEmbeddedContext[].StandardWrapper[jsp]] to [INITIALIZED]
2026-06-07 22:51:46 DEBUG org.apache.catalina.util.LifecycleBase - Setting state for [StandardEngine[Tomcat].StandardHost[localhost].TomcatEmbeddedContext[].StandardWrapper[jsp]] to [STARTING_PREP]
2026-06-07 22:51:46 DEBUG org.apache.catalina.util.LifecycleBase - Setting state for [StandardPipeline[StandardEngine[Tomcat].StandardHost[localhost].TomcatEmbeddedContext[].StandardWrapper[jsp]]] to [INITIALIZING]
2026-06-07 22:51:46 DEBUG org.apache.catalina.util.LifecycleBase - Setting state for [StandardPipeline[StandardEngine[Tomcat].StandardHost[localhost].TomcatEmbeddedContext[].StandardWrapper[jsp]]] to [INITIALIZED]
2026-06-07 22:51:46 DEBUG org.apache.catalina.util.LifecycleBase - Setting state for [StandardPipeline[StandardEngine[Tomcat].StandardHost[localhost].TomcatEmbeddedContext[].StandardWrapper[jsp]]] to [STARTING_PREP]
2026-06-07 22:51:46 DEBUG org.apache.catalina.util.LifecycleBase - Setting state for [StandardWrapperValve[StandardEngine[Tomcat].StandardHost[localhost].TomcatEmbeddedContext[].StandardWrapper[jsp]]] to [INITIALIZING]
2026-06-07 22:51:46 DEBUG org.apache.catalina.util.LifecycleBase - Setting state for [StandardWrapperValve[StandardEngine[Tomcat].StandardHost[localhost].TomcatEmbeddedContext[].StandardWrapper[jsp]]] to [INITIALIZED]
2026-06-07 22:51:46 DEBUG org.apache.catalina.util.LifecycleBase - Setting state for [StandardWrapperValve[StandardEngine[Tomcat].StandardHost[localhost].TomcatEmbeddedContext[].StandardWrapper[jsp]]] to [STARTING_PREP]
2026-06-07 22:51:46 DEBUG org.apache.catalina.util.LifecycleBase - Setting state for [StandardWrapperValve[StandardEngine[Tomcat].StandardHost[localhost].TomcatEmbeddedContext[].StandardWrapper[jsp]]] to [STARTING]
2026-06-07 22:51:47 DEBUG org.apache.catalina.util.LifecycleBase - Setting state for [StandardWrapperValve[StandardEngine[Tomcat].StandardHost[localhost].TomcatEmbeddedContext[].StandardWrapper[jsp]]] to [STARTED]
2026-06-07 22:51:47 DEBUG org.apache.catalina.util.LifecycleBase - Setting state for [StandardPipeline[StandardEngine[Tomcat].StandardHost[localhost].TomcatEmbeddedContext[].StandardWrapper[jsp]]] to [STARTING]
2026-06-07 22:51:47 DEBUG org.apache.catalina.util.LifecycleBase - Setting state for [StandardPipeline[StandardEngine[Tomcat].StandardHost[localhost].TomcatEmbeddedContext[].StandardWrapper[jsp]]] to [STARTED]
2026-06-07 22:51:47 DEBUG org.apache.catalina.util.LifecycleBase - Setting state for [StandardEngine[Tomcat].StandardHost[localhost].TomcatEmbeddedContext[].StandardWrapper[jsp]] to [STARTING]
2026-06-07 22:51:47 DEBUG org.apache.catalina.util.LifecycleBase - Setting state for [StandardEngine[Tomcat].StandardHost[localhost].TomcatEmbeddedContext[].StandardWrapper[jsp]] to [STARTED]
2026-06-07 22:51:47 DEBUG org.apache.catalina.util.LifecycleBase - Setting state for [StandardPipeline[StandardEngine[Tomcat].StandardHost[localhost].TomcatEmbeddedContext[]]] to [INITIALIZING]
2026-06-07 22:51:47 DEBUG org.apache.catalina.util.LifecycleBase - Setting state for [StandardPipeline[StandardEngine[Tomcat].StandardHost[localhost].TomcatEmbeddedContext[]]] to [INITIALIZED]
2026-06-07 22:51:47 DEBUG org.apache.catalina.util.LifecycleBase - Setting state for [StandardPipeline[StandardEngine[Tomcat].StandardHost[localhost].TomcatEmbeddedContext[]]] to [STARTING_PREP]
2026-06-07 22:51:47 DEBUG org.apache.catalina.util.LifecycleBase - Setting state for [NonLoginAuthenticator[StandardEngine[Tomcat].StandardHost[localhost].TomcatEmbeddedContext[]]] to [INITIALIZING]
2026-06-07 22:51:47 DEBUG org.apache.catalina.util.LifecycleBase - Setting state for [NonLoginAuthenticator[StandardEngine[Tomcat].StandardHost[localhost].TomcatEmbeddedContext[]]] to [INITIALIZED]
2026-06-07 22:51:47 DEBUG org.apache.catalina.util.LifecycleBase - Setting state for [NonLoginAuthenticator[StandardEngine[Tomcat].StandardHost[localhost].TomcatEmbeddedContext[]]] to [STARTING_PREP]
2026-06-07 22:51:47 DEBUG org.apache.catalina.util.LifecycleBase - Setting state for [NonLoginAuthenticator[StandardEngine[Tomcat].StandardHost[localhost].TomcatEmbeddedContext[]]] to [STARTING]
2026-06-07 22:51:47 DEBUG org.apache.catalina.util.LifecycleBase - Setting state for [NonLoginAuthenticator[StandardEngine[Tomcat].StandardHost[localhost].TomcatEmbeddedContext[]]] to [STARTED]
2026-06-07 22:51:47 DEBUG org.apache.catalina.util.LifecycleBase - Setting state for [StandardContextValve[StandardEngine[Tomcat].StandardHost[localhost].TomcatEmbeddedContext[]]] to [INITIALIZING]
2026-06-07 22:51:47 DEBUG org.apache.catalina.util.LifecycleBase - Setting state for [StandardContextValve[StandardEngine[Tomcat].StandardHost[localhost].TomcatEmbeddedContext[]]] to [INITIALIZED]
2026-06-07 22:51:47 DEBUG org.apache.catalina.util.LifecycleBase - Setting state for [StandardContextValve[StandardEngine[Tomcat].StandardHost[localhost].TomcatEmbeddedContext[]]] to [STARTING_PREP]
2026-06-07 22:51:47 DEBUG org.apache.catalina.util.LifecycleBase - Setting state for [StandardContextValve[StandardEngine[Tomcat].StandardHost[localhost].TomcatEmbeddedContext[]]] to [STARTING]
2026-06-07 22:51:47 DEBUG org.apache.catalina.util.LifecycleBase - Setting state for [StandardContextValve[StandardEngine[Tomcat].StandardHost[localhost].TomcatEmbeddedContext[]]] to [STARTED]
2026-06-07 22:51:47 DEBUG org.apache.catalina.util.LifecycleBase - Setting state for [StandardPipeline[StandardEngine[Tomcat].StandardHost[localhost].TomcatEmbeddedContext[]]] to [STARTING]
2026-06-07 22:51:47 DEBUG org.apache.catalina.util.LifecycleBase - Setting state for [StandardPipeline[StandardEngine[Tomcat].StandardHost[localhost].TomcatEmbeddedContext[]]] to [STARTED]
2026-06-07 22:51:47 DEBUG org.apache.catalina.core.StandardContext - No manager found. Checking if cluster manager should be used. Cluster configured: [false], Application distributable: [false]
2026-06-07 22:51:47 DEBUG org.apache.catalina.core.StandardContext - Configured a manager of class [org.apache.catalina.session.StandardManager]
2026-06-07 22:51:47 DEBUG org.apache.catalina.util.LifecycleBase - Setting state for [org.apache.catalina.deploy.NamingResourcesImpl@433d9680] to [INITIALIZING]
2026-06-07 22:51:47 DEBUG org.apache.catalina.util.LifecycleBase - Setting state for [org.apache.catalina.deploy.NamingResourcesImpl@433d9680] to [INITIALIZED]
2026-06-07 22:51:47 DEBUG org.apache.catalina.util.LifecycleBase - Setting state for [org.apache.catalina.deploy.NamingResourcesImpl@433d9680] to [STARTING_PREP]
2026-06-07 22:51:47 DEBUG org.apache.catalina.util.LifecycleBase - Setting state for [org.apache.catalina.deploy.NamingResourcesImpl@433d9680] to [STARTING]
2026-06-07 22:51:47 DEBUG org.apache.catalina.util.LifecycleBase - Setting state for [org.apache.catalina.deploy.NamingResourcesImpl@433d9680] to [STARTED]
2026-06-07 22:51:47 DEBUG org.apache.jasper.servlet.JasperInitializer - Initializing Jasper for context [application]
2026-06-07 22:51:47 DEBUG org.apache.jasper.servlet.TldScanner - No TLD files were found in resource path [/WEB-INF/].
2026-06-07 22:51:47 DEBUG org.apache.tomcat.util.scan.StandardJarScanner - Scanning JAR [file:/Users/aronstephencordova/eclipse-workspace/OrderManagement/target/classes/] from classpath
2026-06-07 22:51:47 DEBUG org.apache.tomcat.util.scan.StandardJarScanner - Scanning JAR [file:/Users/aronstephencordova/.m2/repository/jakarta/annotation/jakarta.annotation-api/3.0.0/jakarta.annotation-api-3.0.0.jar] from classpath
2026-06-07 22:51:47 DEBUG org.apache.jasper.servlet.TldScanner - No TLD files were found in [file:/Users/aronstephencordova/.m2/repository/jakarta/annotation/jakarta.annotation-api/3.0.0/jakarta.annotation-api-3.0.0.jar]. Consider adding the JAR to the tomcat.util.scan.StandardJarScanFilter.jarsToSkip property in CATALINA_BASE/conf/catalina.properties file.
2026-06-07 22:51:47 DEBUG org.apache.tomcat.util.scan.StandardJarScanner - Scanning JAR [file:/Users/aronstephencordova/.m2/repository/org/apache/tomcat/embed/tomcat-embed-websocket/11.0.21/tomcat-embed-websocket-11.0.21.jar] from classpath
2026-06-07 22:51:47 DEBUG org.apache.jasper.servlet.TldScanner - No TLD files were found in [file:/Users/aronstephencordova/.m2/repository/org/apache/tomcat/embed/tomcat-embed-websocket/11.0.21/tomcat-embed-websocket-11.0.21.jar]. Consider adding the JAR to the tomcat.util.scan.StandardJarScanFilter.jarsToSkip property in CATALINA_BASE/conf/catalina.properties file.
2026-06-07 22:51:47 DEBUG org.apache.tomcat.util.scan.StandardJarScanner - Scanning JAR [file:/Users/aronstephencordova/.m2/repository/org/springframework/spring-web/7.0.7/spring-web-7.0.7.jar] from classpath
2026-06-07 22:51:47 DEBUG org.apache.jasper.servlet.TldScanner - No TLD files were found in [file:/Users/aronstephencordova/.m2/repository/org/springframework/spring-web/7.0.7/spring-web-7.0.7.jar]. Consider adding the JAR to the tomcat.util.scan.StandardJarScanFilter.jarsToSkip property in CATALINA_BASE/conf/catalina.properties file.
2026-06-07 22:51:47 DEBUG org.apache.tomcat.util.scan.StandardJarScanner - Scanning JAR [file:/Users/aronstephencordova/.m2/repository/io/micrometer/micrometer-observation/1.16.5/micrometer-observation-1.16.5.jar] from classpath
2026-06-07 22:51:47 DEBUG org.apache.jasper.servlet.TldScanner - No TLD files were found in [file:/Users/aronstephencordova/.m2/repository/io/micrometer/micrometer-observation/1.16.5/micrometer-observation-1.16.5.jar]. Consider adding the JAR to the tomcat.util.scan.StandardJarScanFilter.jarsToSkip property in CATALINA_BASE/conf/catalina.properties file.
2026-06-07 22:51:47 DEBUG org.apache.tomcat.util.scan.StandardJarScanner - Scanning JAR [file:/Users/aronstephencordova/.m2/repository/io/micrometer/micrometer-commons/1.16.5/micrometer-commons-1.16.5.jar] from classpath
2026-06-07 22:51:47 DEBUG org.apache.jasper.servlet.TldScanner - No TLD files were found in [file:/Users/aronstephencordova/.m2/repository/io/micrometer/micrometer-commons/1.16.5/micrometer-commons-1.16.5.jar]. Consider adding the JAR to the tomcat.util.scan.StandardJarScanFilter.jarsToSkip property in CATALINA_BASE/conf/catalina.properties file.
2026-06-07 22:51:47 DEBUG org.apache.tomcat.util.scan.StandardJarScanner - Scanning JAR [file:/Users/aronstephencordova/.m2/repository/org/springframework/spring-webmvc/7.0.7/spring-webmvc-7.0.7.jar] from classpath
2026-06-07 22:51:47 DEBUG org.apache.jasper.servlet.TldScanner - TLD files were found in JAR [file:/Users/aronstephencordova/.m2/repository/org/springframework/spring-webmvc/7.0.7/spring-webmvc-7.0.7.jar].
2026-06-07 22:51:47 DEBUG org.apache.tomcat.util.scan.StandardJarScanner - Scanning JAR [file:/Users/aronstephencordova/.m2/repository/org/apache/tomcat/tomcat-jasper/11.0.6/tomcat-jasper-11.0.6.jar] from classpath
2026-06-07 22:51:47 DEBUG org.apache.jasper.servlet.TldScanner - No TLD files were found in [file:/Users/aronstephencordova/.m2/repository/org/apache/tomcat/tomcat-jasper/11.0.6/tomcat-jasper-11.0.6.jar]. Consider adding the JAR to the tomcat.util.scan.StandardJarScanFilter.jarsToSkip property in CATALINA_BASE/conf/catalina.properties file.
2026-06-07 22:51:47 DEBUG org.apache.tomcat.util.scan.StandardJarScanner - Scanning JAR [file:/Users/aronstephencordova/.m2/repository/org/apache/tomcat/tomcat-servlet-api/11.0.6/tomcat-servlet-api-11.0.6.jar] from classpath
2026-06-07 22:51:47 DEBUG org.apache.jasper.servlet.TldScanner - No TLD files were found in [file:/Users/aronstephencordova/.m2/repository/org/apache/tomcat/tomcat-servlet-api/11.0.6/tomcat-servlet-api-11.0.6.jar]. Consider adding the JAR to the tomcat.util.scan.StandardJarScanFilter.jarsToSkip property in CATALINA_BASE/conf/catalina.properties file.
2026-06-07 22:51:47 DEBUG org.apache.tomcat.util.scan.StandardJarScanner - Scanning JAR [file:/Users/aronstephencordova/.m2/repository/org/apache/tomcat/tomcat-juli/11.0.6/tomcat-juli-11.0.6.jar] from classpath
2026-06-07 22:51:47 DEBUG org.apache.jasper.servlet.TldScanner - No TLD files were found in [file:/Users/aronstephencordova/.m2/repository/org/apache/tomcat/tomcat-juli/11.0.6/tomcat-juli-11.0.6.jar]. Consider adding the JAR to the tomcat.util.scan.StandardJarScanFilter.jarsToSkip property in CATALINA_BASE/conf/catalina.properties file.
2026-06-07 22:51:47 DEBUG org.apache.tomcat.util.scan.StandardJarScanner - Scanning JAR [file:/Users/aronstephencordova/.m2/repository/org/apache/tomcat/tomcat-jsp-api/11.0.21/tomcat-jsp-api-11.0.21.jar] from classpath
2026-06-07 22:51:47 DEBUG org.apache.jasper.servlet.TldScanner - No TLD files were found in [file:/Users/aronstephencordova/.m2/repository/org/apache/tomcat/tomcat-jsp-api/11.0.21/tomcat-jsp-api-11.0.21.jar]. Consider adding the JAR to the tomcat.util.scan.StandardJarScanFilter.jarsToSkip property in CATALINA_BASE/conf/catalina.properties file.
2026-06-07 22:51:47 DEBUG org.apache.tomcat.util.scan.StandardJarScanner - Scanning JAR [file:/Users/aronstephencordova/.m2/repository/org/apache/tomcat/tomcat-el-api/11.0.6/tomcat-el-api-11.0.6.jar] from classpath
2026-06-07 22:51:47 DEBUG org.apache.jasper.servlet.TldScanner - No TLD files were found in [file:/Users/aronstephencordova/.m2/repository/org/apache/tomcat/tomcat-el-api/11.0.6/tomcat-el-api-11.0.6.jar]. Consider adding the JAR to the tomcat.util.scan.StandardJarScanFilter.jarsToSkip property in CATALINA_BASE/conf/catalina.properties file.
2026-06-07 22:51:47 DEBUG org.apache.tomcat.util.scan.StandardJarScanner - Scanning JAR [file:/Users/aronstephencordova/.m2/repository/org/apache/tomcat/tomcat-jasper-el/11.0.6/tomcat-jasper-el-11.0.6.jar] from classpath
2026-06-07 22:51:47 DEBUG org.apache.jasper.servlet.TldScanner - No TLD files were found in [file:/Users/aronstephencordova/.m2/repository/org/apache/tomcat/tomcat-jasper-el/11.0.6/tomcat-jasper-el-11.0.6.jar]. Consider adding the JAR to the tomcat.util.scan.StandardJarScanFilter.jarsToSkip property in CATALINA_BASE/conf/catalina.properties file.
2026-06-07 22:51:47 DEBUG org.apache.tomcat.util.scan.StandardJarScanner - Scanning JAR [file:/Users/aronstephencordova/.m2/repository/org/apache/tomcat/tomcat-api/11.0.6/tomcat-api-11.0.6.jar] from classpath
2026-06-07 22:51:47 DEBUG org.apache.jasper.servlet.TldScanner - No TLD files were found in [file:/Users/aronstephencordova/.m2/repository/org/apache/tomcat/tomcat-api/11.0.6/tomcat-api-11.0.6.jar]. Consider adding the JAR to the tomcat.util.scan.StandardJarScanFilter.jarsToSkip property in CATALINA_BASE/conf/catalina.properties file.
2026-06-07 22:51:47 DEBUG org.apache.tomcat.util.scan.StandardJarScanner - Scanning JAR [file:/Users/aronstephencordova/.m2/repository/org/apache/tomcat/tomcat-util-scan/11.0.6/tomcat-util-scan-11.0.6.jar] from classpath
2026-06-07 22:51:47 DEBUG org.apache.jasper.servlet.TldScanner - No TLD files were found in [file:/Users/aronstephencordova/.m2/repository/org/apache/tomcat/tomcat-util-scan/11.0.6/tomcat-util-scan-11.0.6.jar]. Consider adding the JAR to the tomcat.util.scan.StandardJarScanFilter.jarsToSkip property in CATALINA_BASE/conf/catalina.properties file.
2026-06-07 22:51:47 DEBUG org.apache.tomcat.util.scan.StandardJarScanner - Scanning JAR [file:/Users/aronstephencordova/.m2/repository/org/apache/tomcat/tomcat-util/11.0.6/tomcat-util-11.0.6.jar] from classpath
2026-06-07 22:51:47 DEBUG org.apache.jasper.servlet.TldScanner - No TLD files were found in [file:/Users/aronstephencordova/.m2/repository/org/apache/tomcat/tomcat-util/11.0.6/tomcat-util-11.0.6.jar]. Consider adding the JAR to the tomcat.util.scan.StandardJarScanFilter.jarsToSkip property in CATALINA_BASE/conf/catalina.properties file.
2026-06-07 22:51:47 DEBUG org.apache.tomcat.util.scan.StandardJarScanner - Scanning JAR [file:/Users/aronstephencordova/.m2/repository/jakarta/xml/bind/jakarta.xml.bind-api/4.0.4/jakarta.xml.bind-api-4.0.4.jar] from classpath
2026-06-07 22:51:47 DEBUG org.apache.jasper.servlet.TldScanner - No TLD files were found in [file:/Users/aronstephencordova/.m2/repository/jakarta/xml/bind/jakarta.xml.bind-api/4.0.4/jakarta.xml.bind-api-4.0.4.jar]. Consider adding the JAR to the tomcat.util.scan.StandardJarScanFilter.jarsToSkip property in CATALINA_BASE/conf/catalina.properties file.
2026-06-07 22:51:47 DEBUG org.apache.tomcat.util.scan.StandardJarScanner - Scanning JAR [file:/Users/aronstephencordova/.m2/repository/jakarta/activation/jakarta.activation-api/2.1.4/jakarta.activation-api-2.1.4.jar] from classpath
2026-06-07 22:51:47 DEBUG org.apache.jasper.servlet.TldScanner - No TLD files were found in [file:/Users/aronstephencordova/.m2/repository/jakarta/activation/jakarta.activation-api/2.1.4/jakarta.activation-api-2.1.4.jar]. Consider adding the JAR to the tomcat.util.scan.StandardJarScanFilter.jarsToSkip property in CATALINA_BASE/conf/catalina.properties file.
2026-06-07 22:51:47 DEBUG org.apache.tomcat.util.scan.StandardJarScanner - Scanning JAR [file:/Users/aronstephencordova/.m2/repository/net/bytebuddy/byte-buddy/1.17.8/byte-buddy-1.17.8.jar] from classpath
2026-06-07 22:51:47 DEBUG org.apache.jasper.servlet.TldScanner - No TLD files were found in [file:/Users/aronstephencordova/.m2/repository/net/bytebuddy/byte-buddy/1.17.8/byte-buddy-1.17.8.jar]. Consider adding the JAR to the tomcat.util.scan.StandardJarScanFilter.jarsToSkip property in CATALINA_BASE/conf/catalina.properties file.
2026-06-07 22:51:47 DEBUG org.apache.tomcat.util.scan.StandardJarScanner - Scanning JAR [file:/Users/aronstephencordova/.m2/repository/org/jspecify/jspecify/1.0.0/jspecify-1.0.0.jar] from classpath
2026-06-07 22:51:47 DEBUG org.apache.jasper.servlet.TldScanner - No TLD files were found in [file:/Users/aronstephencordova/.m2/repository/org/jspecify/jspecify/1.0.0/jspecify-1.0.0.jar]. Consider adding the JAR to the tomcat.util.scan.StandardJarScanFilter.jarsToSkip property in CATALINA_BASE/conf/catalina.properties file.
2026-06-07 22:51:47 DEBUG org.apache.tomcat.util.scan.StandardJarScanner - Scanning JAR [file:/Users/aronstephencordova/.m2/repository/com/zaxxer/HikariCP/7.0.2/HikariCP-7.0.2.jar] from classpath
2026-06-07 22:51:47 DEBUG org.apache.jasper.servlet.TldScanner - No TLD files were found in [file:/Users/aronstephencordova/.m2/repository/com/zaxxer/HikariCP/7.0.2/HikariCP-7.0.2.jar]. Consider adding the JAR to the tomcat.util.scan.StandardJarScanFilter.jarsToSkip property in CATALINA_BASE/conf/catalina.properties file.
2026-06-07 22:51:47 DEBUG org.apache.tomcat.util.scan.StandardJarScanner - Scanning JAR [file:/Users/aronstephencordova/.m2/repository/jakarta/persistence/jakarta.persistence-api/3.2.0/jakarta.persistence-api-3.2.0.jar] from classpath
2026-06-07 22:51:47 DEBUG org.apache.jasper.servlet.TldScanner - No TLD files were found in [file:/Users/aronstephencordova/.m2/repository/jakarta/persistence/jakarta.persistence-api/3.2.0/jakarta.persistence-api-3.2.0.jar]. Consider adding the JAR to the tomcat.util.scan.StandardJarScanFilter.jarsToSkip property in CATALINA_BASE/conf/catalina.properties file.
2026-06-07 22:51:47 DEBUG org.apache.tomcat.util.scan.StandardJarScanner - Scanning JAR [file:/Users/aronstephencordova/.m2/repository/jakarta/transaction/jakarta.transaction-api/2.0.1/jakarta.transaction-api-2.0.1.jar] from classpath
2026-06-07 22:51:47 DEBUG org.apache.jasper.servlet.TldScanner - No TLD files were found in [file:/Users/aronstephencordova/.m2/repository/jakarta/transaction/jakarta.transaction-api/2.0.1/jakarta.transaction-api-2.0.1.jar]. Consider adding the JAR to the tomcat.util.scan.StandardJarScanFilter.jarsToSkip property in CATALINA_BASE/conf/catalina.properties file.
2026-06-07 22:51:47 DEBUG org.apache.tomcat.util.scan.StandardJarScanner - Scanning JAR [file:/Users/aronstephencordova/.m2/repository/org/eclipse/angus/angus-activation/2.0.3/angus-activation-2.0.3.jar] from classpath
2026-06-07 22:51:47 DEBUG org.apache.jasper.servlet.TldScanner - No TLD files were found in [file:/Users/aronstephencordova/.m2/repository/org/eclipse/angus/angus-activation/2.0.3/angus-activation-2.0.3.jar]. Consider adding the JAR to the tomcat.util.scan.StandardJarScanFilter.jarsToSkip property in CATALINA_BASE/conf/catalina.properties file.
2026-06-07 22:51:47 DEBUG org.apache.tomcat.util.scan.StandardJarScanner - Scanning JAR [file:/Users/aronstephencordova/.m2/repository/org/glassfish/jaxb/txw2/4.0.6/txw2-4.0.6.jar] from classpath
2026-06-07 22:51:47 DEBUG org.apache.jasper.servlet.TldScanner - No TLD files were found in [file:/Users/aronstephencordova/.m2/repository/org/glassfish/jaxb/txw2/4.0.6/txw2-4.0.6.jar]. Consider adding the JAR to the tomcat.util.scan.StandardJarScanFilter.jarsToSkip property in CATALINA_BASE/conf/catalina.properties file.
2026-06-07 22:51:47 DEBUG org.apache.tomcat.util.scan.StandardJarScanner - Scanning JAR [file:/Users/aronstephencordova/.m2/repository/com/sun/istack/istack-commons-runtime/4.1.2/istack-commons-runtime-4.1.2.jar] from classpath
2026-06-07 22:51:47 DEBUG org.apache.jasper.servlet.TldScanner - No TLD files were found in [file:/Users/aronstephencordova/.m2/repository/com/sun/istack/istack-commons-runtime/4.1.2/istack-commons-runtime-4.1.2.jar]. Consider adding the JAR to the tomcat.util.scan.StandardJarScanFilter.jarsToSkip property in CATALINA_BASE/conf/catalina.properties file.
2026-06-07 22:51:47 DEBUG org.apache.tomcat.util.scan.StandardJarScanner - Scanning JAR [file:/Users/aronstephencordova/.m2/repository/jakarta/inject/jakarta.inject-api/2.0.1/jakarta.inject-api-2.0.1.jar] from classpath
2026-06-07 22:51:47 DEBUG org.apache.jasper.servlet.TldScanner - No TLD files were found in [file:/Users/aronstephencordova/.m2/repository/jakarta/inject/jakarta.inject-api/2.0.1/jakarta.inject-api-2.0.1.jar]. Consider adding the JAR to the tomcat.util.scan.StandardJarScanFilter.jarsToSkip property in CATALINA_BASE/conf/catalina.properties file.
2026-06-07 22:51:47 DEBUG org.apache.tomcat.util.scan.StandardJarScanner - Scanning JAR [file:/Users/aronstephencordova/.m2/repository/com/mysql/mysql-connector-j/9.6.0/mysql-connector-j-9.6.0.jar] from classpath
2026-06-07 22:51:47 DEBUG org.apache.jasper.servlet.TldScanner - No TLD files were found in [file:/Users/aronstephencordova/.m2/repository/com/mysql/mysql-connector-j/9.6.0/mysql-connector-j-9.6.0.jar]. Consider adding the JAR to the tomcat.util.scan.StandardJarScanFilter.jarsToSkip property in CATALINA_BASE/conf/catalina.properties file.
2026-06-07 22:51:47 DEBUG org.apache.tomcat.util.scan.StandardJarScanner - Scanning JAR [file:/Users/aronstephencordova/.m2/repository/org/mybatis/spring/boot/mybatis-spring-boot-starter/4.0.0/mybatis-spring-boot-starter-4.0.0.jar] from classpath
2026-06-07 22:51:47 DEBUG org.apache.jasper.servlet.TldScanner - No TLD files were found in [file:/Users/aronstephencordova/.m2/repository/org/mybatis/spring/boot/mybatis-spring-boot-starter/4.0.0/mybatis-spring-boot-starter-4.0.0.jar]. Consider adding the JAR to the tomcat.util.scan.StandardJarScanFilter.jarsToSkip property in CATALINA_BASE/conf/catalina.properties file.
2026-06-07 22:51:47 DEBUG org.apache.tomcat.util.scan.StandardJarScanner - Scanning JAR [file:/Users/aronstephencordova/.m2/repository/org/mybatis/spring/boot/mybatis-spring-boot-autoconfigure/4.0.0/mybatis-spring-boot-autoconfigure-4.0.0.jar] from classpath
2026-06-07 22:51:47 DEBUG org.apache.jasper.servlet.TldScanner - No TLD files were found in [file:/Users/aronstephencordova/.m2/repository/org/mybatis/spring/boot/mybatis-spring-boot-autoconfigure/4.0.0/mybatis-spring-boot-autoconfigure-4.0.0.jar]. Consider adding the JAR to the tomcat.util.scan.StandardJarScanFilter.jarsToSkip property in CATALINA_BASE/conf/catalina.properties file.
2026-06-07 22:51:47 DEBUG org.apache.tomcat.util.scan.StandardJarScanner - Scanning JAR [file:/Users/aronstephencordova/.m2/repository/org/mybatis/mybatis/3.5.19/mybatis-3.5.19.jar] from classpath
2026-06-07 22:51:47 DEBUG org.apache.jasper.servlet.TldScanner - No TLD files were found in [file:/Users/aronstephencordova/.m2/repository/org/mybatis/mybatis/3.5.19/mybatis-3.5.19.jar]. Consider adding the JAR to the tomcat.util.scan.StandardJarScanFilter.jarsToSkip property in CATALINA_BASE/conf/catalina.properties file.
2026-06-07 22:51:47 DEBUG org.apache.tomcat.util.scan.StandardJarScanner - Scanning JAR [file:/Users/aronstephencordova/.m2/repository/org/mybatis/mybatis-spring/4.0.0/mybatis-spring-4.0.0.jar] from classpath
2026-06-07 22:51:47 DEBUG org.apache.jasper.servlet.TldScanner - No TLD files were found in [file:/Users/aronstephencordova/.m2/repository/org/mybatis/mybatis-spring/4.0.0/mybatis-spring-4.0.0.jar]. Consider adding the JAR to the tomcat.util.scan.StandardJarScanFilter.jarsToSkip property in CATALINA_BASE/conf/catalina.properties file.
2026-06-07 22:51:47 DEBUG org.apache.tomcat.util.scan.StandardJarScanner - Scanning JAR [file:/Users/aronstephencordova/.m2/repository/org/projectlombok/lombok/1.18.46/lombok-1.18.46.jar] from classpath
2026-06-07 22:51:47 DEBUG org.apache.jasper.servlet.TldScanner - No TLD files were found in [file:/Users/aronstephencordova/.m2/repository/org/projectlombok/lombok/1.18.46/lombok-1.18.46.jar]. Consider adding the JAR to the tomcat.util.scan.StandardJarScanFilter.jarsToSkip property in CATALINA_BASE/conf/catalina.properties file.
2026-06-07 22:51:47 DEBUG org.apache.tomcat.util.scan.StandardJarScanner - Scanning JAR [jrt:/java.security.sasl] from classpath
2026-06-07 22:51:47 DEBUG org.apache.tomcat.util.scan.StandardJarScanner - Scanning JAR [jrt:/jdk.security.auth] from classpath
2026-06-07 22:51:47 DEBUG org.apache.tomcat.util.scan.StandardJarScanner - Scanning JAR [jrt:/jdk.xml.dom] from classpath
2026-06-07 22:51:47 DEBUG org.apache.tomcat.util.scan.StandardJarScanner - Scanning JAR [jrt:/java.rmi] from classpath
2026-06-07 22:51:47 DEBUG org.apache.tomcat.util.scan.StandardJarScanner - Scanning JAR [jrt:/jdk.accessibility] from classpath
2026-06-07 22:51:47 DEBUG org.apache.tomcat.util.scan.StandardJarScanner - Scanning JAR [jrt:/java.management.rmi] from classpath
2026-06-07 22:51:47 DEBUG org.apache.tomcat.util.scan.StandardJarScanner - Scanning JAR [jrt:/jdk.jdwp.agent] from classpath
2026-06-07 22:51:47 DEBUG org.apache.tomcat.util.scan.StandardJarScanner - Scanning JAR [jrt:/java.net.http] from classpath
2026-06-07 22:51:47 DEBUG org.apache.tomcat.util.scan.StandardJarScanner - Scanning JAR [jrt:/jdk.attach] from classpath
2026-06-07 22:51:47 DEBUG org.apache.tomcat.util.scan.StandardJarScanner - Scanning JAR [jrt:/jdk.compiler] from classpath
2026-06-07 22:51:47 DEBUG org.apache.tomcat.util.scan.StandardJarScanner - Scanning JAR [jrt:/java.desktop] from classpath
2026-06-07 22:51:47 DEBUG org.apache.tomcat.util.scan.StandardJarScanner - Scanning JAR [jrt:/jdk.jartool] from classpath
2026-06-07 22:51:47 DEBUG org.apache.tomcat.util.scan.StandardJarScanner - Scanning JAR [jrt:/java.scripting] from classpath
2026-06-07 22:51:47 DEBUG org.apache.tomcat.util.scan.StandardJarScanner - Scanning JAR [jrt:/jdk.management] from classpath
2026-06-07 22:51:47 DEBUG org.apache.tomcat.util.scan.StandardJarScanner - Scanning JAR [jrt:/java.instrument] from classpath
2026-06-07 22:51:47 DEBUG org.apache.tomcat.util.scan.StandardJarScanner - Scanning JAR [jrt:/java.prefs] from classpath
2026-06-07 22:51:47 DEBUG org.apache.tomcat.util.scan.StandardJarScanner - Scanning JAR [jrt:/jdk.management.agent] from classpath
2026-06-07 22:51:47 DEBUG org.apache.tomcat.util.scan.StandardJarScanner - Scanning JAR [jrt:/jdk.localedata] from classpath
2026-06-07 22:51:47 DEBUG org.apache.tomcat.util.scan.StandardJarScanner - Scanning JAR [jrt:/jdk.jfr] from classpath
2026-06-07 22:51:47 DEBUG org.apache.tomcat.util.scan.StandardJarScanner - Scanning JAR [jrt:/java.compiler] from classpath
2026-06-07 22:51:47 DEBUG org.apache.tomcat.util.scan.StandardJarScanner - Scanning JAR [jrt:/jdk.jlink] from classpath
2026-06-07 22:51:47 DEBUG org.apache.tomcat.util.scan.StandardJarScanner - Scanning JAR [jrt:/jdk.internal.ed] from classpath
2026-06-07 22:51:47 DEBUG org.apache.tomcat.util.scan.StandardJarScanner - Scanning JAR [jrt:/jdk.crypto.cryptoki] from classpath
2026-06-07 22:51:47 DEBUG org.apache.tomcat.util.scan.StandardJarScanner - Scanning JAR [jrt:/jdk.nio.mapmode] from classpath
2026-06-07 22:51:47 DEBUG org.apache.tomcat.util.scan.StandardJarScanner - Scanning JAR [jrt:/java.management] from classpath
2026-06-07 22:51:47 DEBUG org.apache.tomcat.util.scan.StandardJarScanner - Scanning JAR [jrt:/jdk.management.jfr] from classpath
2026-06-07 22:51:47 DEBUG org.apache.tomcat.util.scan.StandardJarScanner - Scanning JAR [jrt:/jdk.jstatd] from classpath
2026-06-07 22:51:47 DEBUG org.apache.tomcat.util.scan.StandardJarScanner - Scanning JAR [jrt:/jdk.internal.opt] from classpath
2026-06-07 22:51:47 DEBUG org.apache.tomcat.util.scan.StandardJarScanner - Scanning JAR [jrt:/jdk.httpserver] from classpath
2026-06-07 22:51:47 DEBUG org.apache.tomcat.util.scan.StandardJarScanner - Scanning JAR [jrt:/jdk.unsupported.desktop] from classpath
2026-06-07 22:51:47 DEBUG org.apache.tomcat.util.scan.StandardJarScanner - Scanning JAR [jrt:/java.smartcardio] from classpath
2026-06-07 22:51:47 DEBUG org.apache.tomcat.util.scan.StandardJarScanner - Scanning JAR [jrt:/jdk.net] from classpath
2026-06-07 22:51:47 DEBUG org.apache.tomcat.util.scan.StandardJarScanner - Scanning JAR [jrt:/jdk.internal.md] from classpath
2026-06-07 22:51:47 DEBUG org.apache.tomcat.util.scan.StandardJarScanner - Scanning JAR [jrt:/jdk.unsupported] from classpath
2026-06-07 22:51:47 DEBUG org.apache.tomcat.util.scan.StandardJarScanner - Scanning JAR [jrt:/jdk.jshell] from classpath
2026-06-07 22:51:47 DEBUG org.apache.tomcat.util.scan.StandardJarScanner - Scanning JAR [jrt:/java.transaction.xa] from classpath
2026-06-07 22:51:47 DEBUG org.apache.tomcat.util.scan.StandardJarScanner - Scanning JAR [jrt:/jdk.jdeps] from classpath
2026-06-07 22:51:47 DEBUG org.apache.tomcat.util.scan.StandardJarScanner - Scanning JAR [jrt:/jdk.jsobject] from classpath
2026-06-07 22:51:47 DEBUG org.apache.tomcat.util.scan.StandardJarScanner - Scanning JAR [jrt:/jdk.naming.rmi] from classpath
2026-06-07 22:51:47 DEBUG org.apache.tomcat.util.scan.StandardJarScanner - Scanning JAR [jrt:/java.logging] from classpath
2026-06-07 22:51:47 DEBUG org.apache.tomcat.util.scan.StandardJarScanner - Scanning JAR [jrt:/java.xml] from classpath
2026-06-07 22:51:47 DEBUG org.apache.tomcat.util.scan.StandardJarScanner - Scanning JAR [jrt:/java.base] from classpath
2026-06-07 22:51:47 DEBUG org.apache.tomcat.util.scan.StandardJarScanner - Scanning JAR [jrt:/jdk.jpackage] from classpath
2026-06-07 22:51:47 DEBUG org.apache.tomcat.util.scan.StandardJarScanner - Scanning JAR [jrt:/jdk.sctp] from classpath
2026-06-07 22:51:47 DEBUG org.apache.tomcat.util.scan.StandardJarScanner - Scanning JAR [jrt:/java.naming] from classpath
2026-06-07 22:51:47 DEBUG org.apache.tomcat.util.scan.StandardJarScanner - Scanning JAR [jrt:/jdk.security.jgss] from classpath
2026-06-07 22:51:47 DEBUG org.apache.tomcat.util.scan.StandardJarScanner - Scanning JAR [jrt:/jdk.internal.jvmstat] from classpath
2026-06-07 22:51:47 DEBUG org.apache.tomcat.util.scan.StandardJarScanner - Scanning JAR [jrt:/jdk.charsets] from classpath
2026-06-07 22:51:47 DEBUG org.apache.tomcat.util.scan.StandardJarScanner - Scanning JAR [jrt:/jdk.jdi] from classpath
2026-06-07 22:51:47 DEBUG org.apache.tomcat.util.scan.StandardJarScanner - Scanning JAR [jrt:/jdk.javadoc] from classpath
2026-06-07 22:51:47 DEBUG org.apache.tomcat.util.scan.StandardJarScanner - Scanning JAR [jrt:/jdk.jconsole] from classpath
2026-06-07 22:51:47 DEBUG org.apache.tomcat.util.scan.StandardJarScanner - Scanning JAR [jrt:/java.security.jgss] from classpath
2026-06-07 22:51:47 DEBUG org.apache.tomcat.util.scan.StandardJarScanner - Scanning JAR [jrt:/jdk.internal.le] from classpath
2026-06-07 22:51:47 DEBUG org.apache.tomcat.util.scan.StandardJarScanner - Scanning JAR [jrt:/jdk.dynalink] from classpath
2026-06-07 22:51:47 DEBUG org.apache.tomcat.util.scan.StandardJarScanner - Scanning JAR [jrt:/java.sql.rowset] from classpath
2026-06-07 22:51:47 DEBUG org.apache.tomcat.util.scan.StandardJarScanner - Scanning JAR [jrt:/jdk.editpad] from classpath
2026-06-07 22:51:47 DEBUG org.apache.tomcat.util.scan.StandardJarScanner - Scanning JAR [jrt:/jdk.naming.dns] from classpath
2026-06-07 22:51:47 DEBUG org.apache.tomcat.util.scan.StandardJarScanner - Scanning JAR [jrt:/java.sql] from classpath
2026-06-07 22:51:47 DEBUG org.apache.tomcat.util.scan.StandardJarScanner - Scanning JAR [jrt:/java.datatransfer] from classpath
2026-06-07 22:51:47 DEBUG org.apache.tomcat.util.scan.StandardJarScanner - Scanning JAR [jrt:/java.xml.crypto] from classpath
2026-06-07 22:51:47 DEBUG org.apache.tomcat.util.scan.StandardJarScanner - Scanning JAR [jrt:/jdk.zipfs] from classpath
2026-06-07 22:51:47 INFO  org.apache.jasper.servlet.TldScanner - At least one JAR was scanned for TLDs yet contained no TLDs. Enable debug logging for this logger for a complete list of JARs that were scanned but no TLDs were found in them. Skipping unneeded JARs during scanning can improve startup time and JSP compilation time.
2026-06-07 22:51:47 DEBUG org.springframework.boot.web.context.servlet.WebApplicationContextInitializer - Published root WebApplicationContext as ServletContext attribute with name [org.springframework.web.context.WebApplicationContext.ROOT]
2026-06-07 22:51:47 INFO  org.springframework.boot.web.context.servlet.WebApplicationContextInitializer - Root WebApplicationContext: initialization completed in 541 ms
2026-06-07 22:51:47 DEBUG org.springframework.beans.factory.support.DefaultListableBeanFactory - Creating shared instance of singleton bean 'requestContextFilter'
2026-06-07 22:51:47 DEBUG org.springframework.beans.factory.support.DefaultListableBeanFactory - Creating shared instance of singleton bean 'formContentFilter'
2026-06-07 22:51:47 DEBUG org.springframework.beans.factory.support.DefaultListableBeanFactory - Creating shared instance of singleton bean 'org.springframework.boot.webmvc.autoconfigure.WebMvcAutoConfiguration'
2026-06-07 22:51:47 DEBUG org.springframework.beans.factory.support.DefaultListableBeanFactory - Creating shared instance of singleton bean 'characterEncodingFilter'
2026-06-07 22:51:47 DEBUG org.springframework.beans.factory.support.DefaultListableBeanFactory - Creating shared instance of singleton bean 'org.springframework.boot.servlet.autoconfigure.HttpEncodingAutoConfiguration'
2026-06-07 22:51:47 DEBUG org.springframework.beans.factory.support.DefaultListableBeanFactory - Creating shared instance of singleton bean 'spring.servlet.encoding-org.springframework.boot.servlet.autoconfigure.ServletEncodingProperties'
2026-06-07 22:51:47 DEBUG org.springframework.beans.factory.support.DefaultListableBeanFactory - Autowiring by type from bean name 'characterEncodingFilter' via factory method to bean named 'spring.servlet.encoding-org.springframework.boot.servlet.autoconfigure.ServletEncodingProperties'
2026-06-07 22:51:47 DEBUG org.springframework.boot.web.servlet.ServletContextInitializerBeans - Mapping filters: characterEncodingFilter urls=[/*] order=-2147483648, formContentFilter urls=[/*] order=-9900, requestContextFilter urls=[/*] order=-105
2026-06-07 22:51:47 DEBUG org.springframework.boot.web.servlet.ServletContextInitializerBeans - Mapping servlets: dispatcherServlet urls=[/]
2026-06-07 22:51:47 DEBUG org.apache.catalina.core.ContainerBase - Add container child [StandardWrapper[dispatcherServlet]] to container [StandardEngine[Tomcat].StandardHost[localhost].TomcatEmbeddedContext[]]
2026-06-07 22:51:47 DEBUG org.apache.catalina.util.LifecycleBase - Setting state for [StandardEngine[Tomcat].StandardHost[localhost].TomcatEmbeddedContext[].StandardWrapper[dispatcherServlet]] to [INITIALIZING]
2026-06-07 22:51:47 DEBUG org.apache.catalina.util.LifecycleBase - Setting state for [StandardEngine[Tomcat].StandardHost[localhost].TomcatEmbeddedContext[].StandardWrapper[dispatcherServlet]] to [INITIALIZED]
2026-06-07 22:51:47 DEBUG org.apache.catalina.util.LifecycleBase - Setting state for [StandardEngine[Tomcat].StandardHost[localhost].TomcatEmbeddedContext[].StandardWrapper[dispatcherServlet]] to [STARTING_PREP]
2026-06-07 22:51:47 DEBUG org.apache.catalina.util.LifecycleBase - Setting state for [StandardPipeline[StandardEngine[Tomcat].StandardHost[localhost].TomcatEmbeddedContext[].StandardWrapper[dispatcherServlet]]] to [INITIALIZING]
2026-06-07 22:51:47 DEBUG org.apache.catalina.util.LifecycleBase - Setting state for [StandardPipeline[StandardEngine[Tomcat].StandardHost[localhost].TomcatEmbeddedContext[].StandardWrapper[dispatcherServlet]]] to [INITIALIZED]
2026-06-07 22:51:47 DEBUG org.apache.catalina.util.LifecycleBase - Setting state for [StandardPipeline[StandardEngine[Tomcat].StandardHost[localhost].TomcatEmbeddedContext[].StandardWrapper[dispatcherServlet]]] to [STARTING_PREP]
2026-06-07 22:51:47 DEBUG org.apache.catalina.util.LifecycleBase - Setting state for [StandardWrapperValve[StandardEngine[Tomcat].StandardHost[localhost].TomcatEmbeddedContext[].StandardWrapper[dispatcherServlet]]] to [INITIALIZING]
2026-06-07 22:51:47 DEBUG org.apache.catalina.util.LifecycleBase - Setting state for [StandardWrapperValve[StandardEngine[Tomcat].StandardHost[localhost].TomcatEmbeddedContext[].StandardWrapper[dispatcherServlet]]] to [INITIALIZED]
2026-06-07 22:51:47 DEBUG org.apache.catalina.util.LifecycleBase - Setting state for [StandardWrapperValve[StandardEngine[Tomcat].StandardHost[localhost].TomcatEmbeddedContext[].StandardWrapper[dispatcherServlet]]] to [STARTING_PREP]
2026-06-07 22:51:47 DEBUG org.apache.catalina.util.LifecycleBase - Setting state for [StandardWrapperValve[StandardEngine[Tomcat].StandardHost[localhost].TomcatEmbeddedContext[].StandardWrapper[dispatcherServlet]]] to [STARTING]
2026-06-07 22:51:47 DEBUG org.apache.catalina.util.LifecycleBase - Setting state for [StandardWrapperValve[StandardEngine[Tomcat].StandardHost[localhost].TomcatEmbeddedContext[].StandardWrapper[dispatcherServlet]]] to [STARTED]
2026-06-07 22:51:47 DEBUG org.apache.catalina.util.LifecycleBase - Setting state for [StandardPipeline[StandardEngine[Tomcat].StandardHost[localhost].TomcatEmbeddedContext[].StandardWrapper[dispatcherServlet]]] to [STARTING]
2026-06-07 22:51:47 DEBUG org.apache.catalina.util.LifecycleBase - Setting state for [StandardPipeline[StandardEngine[Tomcat].StandardHost[localhost].TomcatEmbeddedContext[].StandardWrapper[dispatcherServlet]]] to [STARTED]
2026-06-07 22:51:47 DEBUG org.apache.catalina.util.LifecycleBase - Setting state for [StandardEngine[Tomcat].StandardHost[localhost].TomcatEmbeddedContext[].StandardWrapper[dispatcherServlet]] to [STARTING]
2026-06-07 22:51:47 DEBUG org.apache.catalina.util.LifecycleBase - Setting state for [StandardEngine[Tomcat].StandardHost[localhost].TomcatEmbeddedContext[].StandardWrapper[dispatcherServlet]] to [STARTED]
2026-06-07 22:51:47 DEBUG org.apache.catalina.util.LifecycleBase - Setting state for [StandardManager[StandardEngine[Tomcat].StandardHost[localhost].TomcatEmbeddedContext[]]] to [INITIALIZING]
2026-06-07 22:51:47 DEBUG org.apache.catalina.util.LifecycleBase - Setting state for [StandardManager[StandardEngine[Tomcat].StandardHost[localhost].TomcatEmbeddedContext[]]] to [INITIALIZED]
2026-06-07 22:51:47 DEBUG org.apache.catalina.util.LifecycleBase - Setting state for [StandardManager[StandardEngine[Tomcat].StandardHost[localhost].TomcatEmbeddedContext[]]] to [STARTING_PREP]
2026-06-07 22:51:47 DEBUG org.apache.catalina.util.LifecycleBase - Setting state for [org.springframework.boot.tomcat.LazySessionIdGenerator@e5c2463] to [INITIALIZING]
2026-06-07 22:51:47 DEBUG org.apache.catalina.util.LifecycleBase - Setting state for [org.springframework.boot.tomcat.LazySessionIdGenerator@e5c2463] to [INITIALIZED]
2026-06-07 22:51:47 DEBUG org.apache.catalina.util.LifecycleBase - Setting state for [org.springframework.boot.tomcat.LazySessionIdGenerator@e5c2463] to [STARTING_PREP]
2026-06-07 22:51:47 DEBUG org.apache.catalina.util.LifecycleBase - Setting state for [org.springframework.boot.tomcat.LazySessionIdGenerator@e5c2463] to [STARTING]
2026-06-07 22:51:47 DEBUG org.apache.catalina.util.LifecycleBase - Setting state for [org.springframework.boot.tomcat.LazySessionIdGenerator@e5c2463] to [STARTED]
2026-06-07 22:51:47 DEBUG org.apache.catalina.util.LifecycleBase - Setting state for [StandardManager[StandardEngine[Tomcat].StandardHost[localhost].TomcatEmbeddedContext[]]] to [STARTING]
2026-06-07 22:51:47 DEBUG org.apache.catalina.util.LifecycleBase - Setting state for [StandardManager[StandardEngine[Tomcat].StandardHost[localhost].TomcatEmbeddedContext[]]] to [STARTED]
2026-06-07 22:51:47 DEBUG org.springframework.boot.servlet.filter.OrderedRequestContextFilter - Filter 'requestContextFilter' configured for use
2026-06-07 22:51:47 DEBUG org.springframework.boot.servlet.filter.OrderedCharacterEncodingFilter - Filter 'characterEncodingFilter' configured for use
2026-06-07 22:51:47 DEBUG org.springframework.boot.servlet.filter.OrderedFormContentFilter - Filter 'formContentFilter' configured for use
2026-06-07 22:51:47 DEBUG org.apache.catalina.util.LifecycleBase - Setting state for [StandardEngine[Tomcat].StandardHost[localhost].TomcatEmbeddedContext[]] to [STARTING]
2026-06-07 22:51:47 DEBUG org.apache.catalina.util.LifecycleBase - Setting state for [StandardEngine[Tomcat].StandardHost[localhost].TomcatEmbeddedContext[]] to [STARTED]
2026-06-07 22:51:47 DEBUG org.apache.catalina.util.LifecycleBase - Setting state for [StandardPipeline[StandardEngine[Tomcat].StandardHost[localhost]]] to [INITIALIZING]
2026-06-07 22:51:47 DEBUG org.apache.catalina.util.LifecycleBase - Setting state for [StandardPipeline[StandardEngine[Tomcat].StandardHost[localhost]]] to [INITIALIZED]
2026-06-07 22:51:47 DEBUG org.apache.catalina.util.LifecycleBase - Setting state for [StandardPipeline[StandardEngine[Tomcat].StandardHost[localhost]]] to [STARTING_PREP]
2026-06-07 22:51:47 DEBUG org.apache.catalina.util.LifecycleBase - Setting state for [ErrorReportValve[StandardEngine[Tomcat].StandardHost[localhost]]] to [INITIALIZING]
2026-06-07 22:51:47 DEBUG org.apache.catalina.util.LifecycleBase - Setting state for [ErrorReportValve[StandardEngine[Tomcat].StandardHost[localhost]]] to [INITIALIZED]
2026-06-07 22:51:47 DEBUG org.apache.catalina.util.LifecycleBase - Setting state for [ErrorReportValve[StandardEngine[Tomcat].StandardHost[localhost]]] to [STARTING_PREP]
2026-06-07 22:51:47 DEBUG org.apache.catalina.util.LifecycleBase - Setting state for [ErrorReportValve[StandardEngine[Tomcat].StandardHost[localhost]]] to [STARTING]
2026-06-07 22:51:47 DEBUG org.apache.catalina.util.LifecycleBase - Setting state for [ErrorReportValve[StandardEngine[Tomcat].StandardHost[localhost]]] to [STARTED]
2026-06-07 22:51:47 DEBUG org.apache.catalina.util.LifecycleBase - Setting state for [StandardHostValve[StandardEngine[Tomcat].StandardHost[localhost]]] to [INITIALIZING]
2026-06-07 22:51:47 DEBUG org.apache.catalina.util.LifecycleBase - Setting state for [StandardHostValve[StandardEngine[Tomcat].StandardHost[localhost]]] to [INITIALIZED]
2026-06-07 22:51:47 DEBUG org.apache.catalina.util.LifecycleBase - Setting state for [StandardHostValve[StandardEngine[Tomcat].StandardHost[localhost]]] to [STARTING_PREP]
2026-06-07 22:51:47 DEBUG org.apache.catalina.util.LifecycleBase - Setting state for [StandardHostValve[StandardEngine[Tomcat].StandardHost[localhost]]] to [STARTING]
2026-06-07 22:51:47 DEBUG org.apache.catalina.util.LifecycleBase - Setting state for [StandardHostValve[StandardEngine[Tomcat].StandardHost[localhost]]] to [STARTED]
2026-06-07 22:51:47 DEBUG org.apache.catalina.util.LifecycleBase - Setting state for [StandardPipeline[StandardEngine[Tomcat].StandardHost[localhost]]] to [STARTING]
2026-06-07 22:51:47 DEBUG org.apache.catalina.util.LifecycleBase - Setting state for [StandardPipeline[StandardEngine[Tomcat].StandardHost[localhost]]] to [STARTED]
2026-06-07 22:51:47 DEBUG org.apache.catalina.util.LifecycleBase - Setting state for [StandardEngine[Tomcat].StandardHost[localhost]] to [STARTING]
2026-06-07 22:51:47 DEBUG org.apache.catalina.util.LifecycleBase - Setting state for [StandardEngine[Tomcat].StandardHost[localhost]] to [STARTED]
2026-06-07 22:51:47 DEBUG org.apache.catalina.util.LifecycleBase - Setting state for [StandardPipeline[StandardEngine[Tomcat]]] to [INITIALIZING]
2026-06-07 22:51:47 DEBUG org.apache.catalina.util.LifecycleBase - Setting state for [StandardPipeline[StandardEngine[Tomcat]]] to [INITIALIZED]
2026-06-07 22:51:47 DEBUG org.apache.catalina.util.LifecycleBase - Setting state for [StandardPipeline[StandardEngine[Tomcat]]] to [STARTING_PREP]
2026-06-07 22:51:47 DEBUG org.apache.catalina.util.LifecycleBase - Setting state for [StandardEngineValve[StandardEngine[Tomcat]]] to [INITIALIZING]
2026-06-07 22:51:47 DEBUG org.apache.catalina.util.LifecycleBase - Setting state for [StandardEngineValve[StandardEngine[Tomcat]]] to [INITIALIZED]
2026-06-07 22:51:47 DEBUG org.apache.catalina.util.LifecycleBase - Setting state for [StandardEngineValve[StandardEngine[Tomcat]]] to [STARTING_PREP]
2026-06-07 22:51:47 DEBUG org.apache.catalina.util.LifecycleBase - Setting state for [StandardEngineValve[StandardEngine[Tomcat]]] to [STARTING]
2026-06-07 22:51:47 DEBUG org.apache.catalina.util.LifecycleBase - Setting state for [StandardEngineValve[StandardEngine[Tomcat]]] to [STARTED]
2026-06-07 22:51:47 DEBUG org.apache.catalina.util.LifecycleBase - Setting state for [StandardPipeline[StandardEngine[Tomcat]]] to [STARTING]
2026-06-07 22:51:47 DEBUG org.apache.catalina.util.LifecycleBase - Setting state for [StandardPipeline[StandardEngine[Tomcat]]] to [STARTED]
2026-06-07 22:51:47 DEBUG org.apache.catalina.util.LifecycleBase - Setting state for [StandardEngine[Tomcat]] to [STARTING]
2026-06-07 22:51:47 DEBUG org.apache.catalina.util.LifecycleBase - Setting state for [StandardEngine[Tomcat]] to [STARTED]
2026-06-07 22:51:47 DEBUG org.apache.catalina.util.LifecycleBase - Setting state for [org.apache.catalina.mapper.MapperListener@3e1f1046] to [STARTING_PREP]
2026-06-07 22:51:47 DEBUG org.apache.catalina.util.LifecycleBase - Setting state for [org.apache.catalina.mapper.MapperListener@3e1f1046] to [STARTING]
2026-06-07 22:51:47 DEBUG org.apache.catalina.mapper.Mapper - Registered host [localhost]
2026-06-07 22:51:47 DEBUG org.apache.catalina.mapper.MapperListener - Register Wrapper [jsp] in Context [] for service [StandardService[Tomcat]]
2026-06-07 22:51:47 DEBUG org.apache.catalina.mapper.MapperListener - Register Wrapper [dispatcherServlet] in Context [] for service [StandardService[Tomcat]]
2026-06-07 22:51:47 DEBUG org.apache.catalina.mapper.MapperListener - Register Context [] for service [StandardService[Tomcat]]
2026-06-07 22:51:47 DEBUG org.apache.catalina.mapper.MapperListener - Register host [localhost] at domain [null] for service [StandardService[Tomcat]]
2026-06-07 22:51:47 DEBUG org.apache.catalina.util.LifecycleBase - Setting state for [org.apache.catalina.mapper.MapperListener@3e1f1046] to [STARTED]
2026-06-07 22:51:47 DEBUG org.apache.catalina.util.LifecycleBase - Setting state for [StandardService[Tomcat]] to [STARTED]
2026-06-07 22:51:47 DEBUG org.apache.catalina.util.LifecycleBase - Setting state for [StandardServer[-1]] to [STARTED]
2026-06-07 22:51:47 DEBUG org.springframework.beans.factory.support.DefaultListableBeanFactory - Creating shared instance of singleton bean 'applicationTaskExecutor'
2026-06-07 22:51:47 DEBUG org.springframework.beans.factory.support.DefaultListableBeanFactory - Creating shared instance of singleton bean 'org.springframework.boot.autoconfigure.task.TaskExecutorConfigurations$TaskExecutorConfiguration'
2026-06-07 22:51:47 DEBUG org.springframework.beans.factory.support.DefaultListableBeanFactory - Creating shared instance of singleton bean 'threadPoolTaskExecutorBuilder'
2026-06-07 22:51:47 DEBUG org.springframework.beans.factory.support.DefaultListableBeanFactory - Creating shared instance of singleton bean 'org.springframework.boot.autoconfigure.task.TaskExecutorConfigurations$ThreadPoolTaskExecutorBuilderConfiguration'
2026-06-07 22:51:47 DEBUG org.springframework.beans.factory.support.DefaultListableBeanFactory - Creating shared instance of singleton bean 'spring.task.execution-org.springframework.boot.autoconfigure.task.TaskExecutionProperties'
2026-06-07 22:51:47 DEBUG org.springframework.beans.factory.support.DefaultListableBeanFactory - Autowiring by type from bean name 'threadPoolTaskExecutorBuilder' via factory method to bean named 'spring.task.execution-org.springframework.boot.autoconfigure.task.TaskExecutionProperties'
2026-06-07 22:51:47 DEBUG org.springframework.beans.factory.support.DefaultListableBeanFactory - Autowiring by type from bean name 'applicationTaskExecutor' via factory method to bean named 'threadPoolTaskExecutorBuilder'
2026-06-07 22:51:47 DEBUG org.springframework.scheduling.concurrent.ThreadPoolTaskExecutor - Initializing ExecutorService 'applicationTaskExecutor'
2026-06-07 22:51:47 DEBUG org.springframework.beans.factory.support.DefaultListableBeanFactory - Creating shared instance of singleton bean 'dataSourceScriptDatabaseInitializer'
2026-06-07 22:51:47 DEBUG org.springframework.beans.factory.support.DefaultListableBeanFactory - Creating shared instance of singleton bean 'org.springframework.boot.jdbc.autoconfigure.DataSourceInitializationAutoConfiguration'
2026-06-07 22:51:47 DEBUG org.springframework.beans.factory.support.DefaultListableBeanFactory - Creating shared instance of singleton bean 'dataSource'
2026-06-07 22:51:47 DEBUG org.springframework.beans.factory.support.DefaultListableBeanFactory - Creating shared instance of singleton bean 'org.springframework.boot.jdbc.autoconfigure.DataSourceConfiguration$Hikari'
2026-06-07 22:51:47 DEBUG org.springframework.beans.factory.support.DefaultListableBeanFactory - Creating shared instance of singleton bean 'spring.datasource-org.springframework.boot.jdbc.autoconfigure.DataSourceProperties'
2026-06-07 22:51:47 DEBUG org.springframework.beans.factory.support.DefaultListableBeanFactory - Creating shared instance of singleton bean 'jdbcConnectionDetails'
2026-06-07 22:51:47 DEBUG org.springframework.beans.factory.support.DefaultListableBeanFactory - Creating shared instance of singleton bean 'org.springframework.boot.jdbc.autoconfigure.DataSourceAutoConfiguration$PooledDataSourceConfiguration'
2026-06-07 22:51:47 DEBUG org.springframework.beans.factory.support.DefaultListableBeanFactory - Autowiring by type from bean name 'jdbcConnectionDetails' via factory method to bean named 'spring.datasource-org.springframework.boot.jdbc.autoconfigure.DataSourceProperties'
2026-06-07 22:51:47 DEBUG org.springframework.beans.factory.support.DefaultListableBeanFactory - Autowiring by type from bean name 'dataSource' via factory method to bean named 'spring.datasource-org.springframework.boot.jdbc.autoconfigure.DataSourceProperties'
2026-06-07 22:51:47 DEBUG org.springframework.beans.factory.support.DefaultListableBeanFactory - Autowiring by type from bean name 'dataSource' via factory method to bean named 'jdbcConnectionDetails'
2026-06-07 22:51:47 DEBUG org.springframework.beans.factory.support.DefaultListableBeanFactory - Autowiring by type from bean name 'dataSource' via factory method to bean named 'environment'
2026-06-07 22:51:47 DEBUG com.zaxxer.hikari.util.UtilityElf - Class com.mysql.cj.jdbc.Driver found in Thread context class loader jdk.internal.loader.ClassLoaders$AppClassLoader@5a07e868
2026-06-07 22:51:47 DEBUG org.springframework.beans.factory.support.DefaultListableBeanFactory - Creating shared instance of singleton bean 'spring.sql.init-org.springframework.boot.sql.autoconfigure.init.SqlInitializationProperties'
2026-06-07 22:51:47 DEBUG org.springframework.beans.factory.support.DefaultListableBeanFactory - Autowiring by type from bean name 'dataSourceScriptDatabaseInitializer' via factory method to bean named 'dataSource'
2026-06-07 22:51:47 DEBUG org.springframework.beans.factory.support.DefaultListableBeanFactory - Autowiring by type from bean name 'dataSourceScriptDatabaseInitializer' via factory method to bean named 'spring.sql.init-org.springframework.boot.sql.autoconfigure.init.SqlInitializationProperties'
2026-06-07 22:51:47 DEBUG org.springframework.beans.factory.support.DefaultListableBeanFactory - Creating shared instance of singleton bean 'entityManagerFactory'
2026-06-07 22:51:47 DEBUG org.springframework.beans.factory.support.DefaultListableBeanFactory - Creating shared instance of singleton bean 'org.springframework.boot.hibernate.autoconfigure.HibernateJpaConfiguration'
2026-06-07 22:51:47 DEBUG org.springframework.beans.factory.support.DefaultListableBeanFactory - Creating shared instance of singleton bean 'spring.jpa-org.springframework.boot.jpa.autoconfigure.JpaProperties'
2026-06-07 22:51:47 DEBUG org.springframework.beans.factory.support.DefaultListableBeanFactory - Creating shared instance of singleton bean 'spring.jpa.hibernate-org.springframework.boot.hibernate.autoconfigure.HibernateProperties'
2026-06-07 22:51:47 DEBUG org.springframework.beans.factory.support.DefaultListableBeanFactory - Autowiring by type from bean name 'org.springframework.boot.hibernate.autoconfigure.HibernateJpaConfiguration' via constructor to bean named 'dataSource'
2026-06-07 22:51:47 DEBUG org.springframework.beans.factory.support.DefaultListableBeanFactory - Autowiring by type from bean name 'org.springframework.boot.hibernate.autoconfigure.HibernateJpaConfiguration' via constructor to bean named 'spring.jpa-org.springframework.boot.jpa.autoconfigure.JpaProperties'
2026-06-07 22:51:47 DEBUG org.springframework.beans.factory.support.DefaultListableBeanFactory - Autowiring by type from bean name 'org.springframework.boot.hibernate.autoconfigure.HibernateJpaConfiguration' via constructor to bean named 'org.springframework.beans.factory.support.DefaultListableBeanFactory@2c42b421'
2026-06-07 22:51:47 DEBUG org.springframework.beans.factory.support.DefaultListableBeanFactory - Autowiring by type from bean name 'org.springframework.boot.hibernate.autoconfigure.HibernateJpaConfiguration' via constructor to bean named 'spring.jpa.hibernate-org.springframework.boot.hibernate.autoconfigure.HibernateProperties'
2026-06-07 22:51:47 DEBUG org.springframework.beans.factory.support.DefaultListableBeanFactory - Creating shared instance of singleton bean 'hikariPoolDataSourceMetadataProvider'
2026-06-07 22:51:47 DEBUG org.springframework.beans.factory.support.DefaultListableBeanFactory - Creating shared instance of singleton bean 'org.springframework.boot.jdbc.autoconfigure.DataSourcePoolMetadataProvidersConfiguration$HikariPoolDataSourceMetadataProviderConfiguration'
2026-06-07 22:51:47 DEBUG org.springframework.beans.factory.support.DefaultListableBeanFactory - Creating shared instance of singleton bean 'entityManagerFactoryBuilder'
2026-06-07 22:51:47 DEBUG org.springframework.beans.factory.support.DefaultListableBeanFactory - Creating shared instance of singleton bean 'jpaVendorAdapter'
2026-06-07 22:51:47 DEBUG org.springframework.beans.factory.support.DefaultListableBeanFactory - Autowiring by type from bean name 'entityManagerFactoryBuilder' via factory method to bean named 'jpaVendorAdapter'
2026-06-07 22:51:47 DEBUG org.springframework.beans.factory.support.DefaultListableBeanFactory - Creating shared instance of singleton bean 'persistenceManagedTypes'
2026-06-07 22:51:47 DEBUG org.springframework.beans.factory.support.DefaultListableBeanFactory - Autowiring by type from bean name 'persistenceManagedTypes' via factory method to bean named 'org.springframework.beans.factory.support.DefaultListableBeanFactory@2c42b421'
2026-06-07 22:51:47 DEBUG org.springframework.beans.factory.support.DefaultListableBeanFactory - Autowiring by type from bean name 'persistenceManagedTypes' via factory method to bean named 'org.springframework.boot.web.server.servlet.context.AnnotationConfigServletWebServerApplicationContext@20312893'
2026-06-07 22:51:47 DEBUG org.springframework.beans.factory.support.DefaultListableBeanFactory - Autowiring by type from bean name 'entityManagerFactory' via factory method to bean named 'entityManagerFactoryBuilder'
2026-06-07 22:51:47 DEBUG org.springframework.beans.factory.support.DefaultListableBeanFactory - Autowiring by type from bean name 'entityManagerFactory' via factory method to bean named 'persistenceManagedTypes'
2026-06-07 22:51:47 DEBUG org.springframework.orm.jpa.LocalContainerEntityManagerFactoryBean - Building JPA container EntityManagerFactory for persistence unit 'default'
2026-06-07 22:51:47 DEBUG org.jboss.logging - Logging Provider: org.jboss.logging.Log4j2LoggerProvider
2026-06-07 22:51:47 DEBUG org.hibernate.orm.jpa - HHH008541: PersistenceUnitInfo [
	name: default
	persistence provider classname: null
	classloader: jdk.internal.loader.ClassLoaders$AppClassLoader@5a07e868
	excludeUnlistedClasses: true
	JTA datasource: null
	Non JTA datasource: HikariDataSource (null)
	Transaction type: RESOURCE_LOCAL
	PU root URL: file:/Users/aronstephencordova/eclipse-workspace/OrderManagement/target/classes/
	Shared Cache Mode: UNSPECIFIED
	Validation Mode: AUTO
	Jar files URLs []
	Managed classes names []
	Mapping files names []
	Properties []
2026-06-07 22:51:47 DEBUG org.hibernate.orm.service - HHH010455: Adding integrator: org.hibernate.boot.beanvalidation.BeanValidationIntegrator
2026-06-07 22:51:47 DEBUG org.hibernate.orm.service - HHH010455: Adding integrator: org.hibernate.cache.internal.CollectionCacheInvalidator
2026-06-07 22:51:47 INFO  org.hibernate.orm.core - HHH000001: Hibernate ORM core version 7.2.12.Final
2026-06-07 22:51:47 DEBUG org.hibernate.orm.core - HHH000206: 'hibernate.properties' not found
2026-06-07 22:51:47 DEBUG org.springframework.orm.jpa.hibernate.SpringBeanContainer - Falling back to Hibernate's default producer after bean creation failure for interface org.hibernate.engine.jdbc.connections.spi.MultiTenantConnectionProvider: org.springframework.beans.factory.BeanCreationException: Error creating bean with name 'org.hibernate.engine.jdbc.connections.spi.MultiTenantConnectionProvider': Failed to instantiate [org.hibernate.engine.jdbc.connections.spi.MultiTenantConnectionProvider]: Specified class is an interface
2026-06-07 22:51:47 DEBUG org.hibernate.orm.cache - HHH90001031: Cannot default RegionFactory since no RegionFactory strategies were registered
2026-06-07 22:51:47 DEBUG org.hibernate.orm.cache - HHH90001029: Second-level cache disabled
2026-06-07 22:51:47 DEBUG sun.rmi.transport.tcp - RMI TCP Connection(2)-127.0.0.1: (port 59094) op = 82
2026-06-07 22:51:47 DEBUG sun.rmi.transport.tcp - RMI TCP Connection(2)-127.0.0.1: (port 59094) op = 80
2026-06-07 22:51:47 DEBUG sun.rmi.loader - RMI TCP Connection(2)-127.0.0.1: name = "javax.management.ObjectName", codebase = ""
2026-06-07 22:51:47 DEBUG javax.management.remote.rmi - connectionId=rmi://127.0.0.1  1, name=org.springframework.boot:type=Admin,name=SpringApplication, attribute=Ready
2026-06-07 22:51:47 DEBUG sun.rmi.server.call - RMI TCP Connection(2)-127.0.0.1: [127.0.0.1] exception: 
javax.management.InstanceNotFoundException: org.springframework.boot:type=Admin,name=SpringApplication
	at java.management/com.sun.jmx.interceptor.DefaultMBeanServerInterceptor.getMBean(DefaultMBeanServerInterceptor.java:1073)
	at java.management/com.sun.jmx.interceptor.DefaultMBeanServerInterceptor.getAttribute(DefaultMBeanServerInterceptor.java:632)
	at java.management/com.sun.jmx.mbeanserver.JmxMBeanServer.getAttribute(JmxMBeanServer.java:679)
	at java.management.rmi/javax.management.remote.rmi.RMIConnectionImpl.doOperation(RMIConnectionImpl.java:1497)
	at java.management.rmi/javax.management.remote.rmi.RMIConnectionImpl$PrivilegedOperation.run(RMIConnectionImpl.java:1348)
	at java.management.rmi/javax.management.remote.rmi.RMIConnectionImpl.doPrivilegedOperation(RMIConnectionImpl.java:1435)
	at java.management.rmi/javax.management.remote.rmi.RMIConnectionImpl.getAttribute(RMIConnectionImpl.java:647)
	at java.base/jdk.internal.reflect.DirectMethodHandleAccessor.invoke(DirectMethodHandleAccessor.java:103)
	at java.base/java.lang.reflect.Method.invoke(Method.java:580)
	at java.rmi/sun.rmi.server.UnicastServerRef.dispatch(UnicastServerRef.java:360)
	at java.rmi/sun.rmi.transport.Transport$1.run(Transport.java:200)
	at java.rmi/sun.rmi.transport.Transport$1.run(Transport.java:197)
	at java.base/java.security.AccessController.doPrivileged(AccessController.java:714)
	at java.rmi/sun.rmi.transport.Transport.serviceCall(Transport.java:196)
	at java.rmi/sun.rmi.transport.tcp.TCPTransport.handleMessages(TCPTransport.java:598)
	at java.rmi/sun.rmi.transport.tcp.TCPTransport$ConnectionHandler.run0(TCPTransport.java:844)
	at java.rmi/sun.rmi.transport.tcp.TCPTransport$ConnectionHandler.lambda$run$0(TCPTransport.java:721)
	at java.base/java.security.AccessController.doPrivileged(AccessController.java:400)
	at java.rmi/sun.rmi.transport.tcp.TCPTransport$ConnectionHandler.run(TCPTransport.java:720)
	at java.base/java.util.concurrent.ThreadPoolExecutor.runWorker(ThreadPoolExecutor.java:1144)
	at java.base/java.util.concurrent.ThreadPoolExecutor$Worker.run(ThreadPoolExecutor.java:642)
	at java.base/java.lang.Thread.run(Thread.java:1575)
2026-06-07 22:51:47 INFO  org.springframework.orm.jpa.persistenceunit.SpringPersistenceUnitInfo - No LoadTimeWeaver setup: ignoring JPA class transformer
2026-06-07 22:51:47 DEBUG com.zaxxer.hikari.HikariConfig - HikariPool-1 - configuration:
2026-06-07 22:51:47 DEBUG com.zaxxer.hikari.HikariConfig - allowPoolSuspension.............false
2026-06-07 22:51:47 DEBUG com.zaxxer.hikari.HikariConfig - autoCommit......................true
2026-06-07 22:51:47 DEBUG com.zaxxer.hikari.HikariConfig - catalog.........................none
2026-06-07 22:51:47 DEBUG com.zaxxer.hikari.HikariConfig - connectionInitSql...............none
2026-06-07 22:51:47 DEBUG com.zaxxer.hikari.HikariConfig - connectionTestQuery.............none
2026-06-07 22:51:47 DEBUG com.zaxxer.hikari.HikariConfig - connectionTimeout...............30000
2026-06-07 22:51:47 DEBUG com.zaxxer.hikari.HikariConfig - credentials.....................com.zaxxer.hikari.util.Credentials@688d619c
2026-06-07 22:51:47 DEBUG com.zaxxer.hikari.HikariConfig - credentialsProvider.............none
2026-06-07 22:51:47 DEBUG com.zaxxer.hikari.HikariConfig - credentialsProviderClassName....none
2026-06-07 22:51:47 DEBUG com.zaxxer.hikari.HikariConfig - dataSource......................none
2026-06-07 22:51:47 DEBUG com.zaxxer.hikari.HikariConfig - dataSourceClassName.............none
2026-06-07 22:51:47 DEBUG com.zaxxer.hikari.HikariConfig - dataSourceJNDI..................none
2026-06-07 22:51:47 DEBUG com.zaxxer.hikari.HikariConfig - dataSourceProperties............{password=<masked>}
2026-06-07 22:51:47 DEBUG com.zaxxer.hikari.HikariConfig - driverClassName................."com.mysql.cj.jdbc.Driver"
2026-06-07 22:51:47 DEBUG com.zaxxer.hikari.HikariConfig - exceptionOverride...............none
2026-06-07 22:51:47 DEBUG com.zaxxer.hikari.HikariConfig - exceptionOverrideClassName......none
2026-06-07 22:51:47 DEBUG com.zaxxer.hikari.HikariConfig - healthCheckProperties...........{}
2026-06-07 22:51:47 DEBUG com.zaxxer.hikari.HikariConfig - healthCheckRegistry.............none
2026-06-07 22:51:47 DEBUG com.zaxxer.hikari.HikariConfig - idleTimeout.....................600000
2026-06-07 22:51:47 DEBUG com.zaxxer.hikari.HikariConfig - initializationFailTimeout.......1
2026-06-07 22:51:47 DEBUG com.zaxxer.hikari.HikariConfig - isolateInternalQueries..........false
2026-06-07 22:51:47 DEBUG com.zaxxer.hikari.HikariConfig - jdbcUrl.........................jdbc:mysql://localhost:3306/app_dev
2026-06-07 22:51:47 DEBUG com.zaxxer.hikari.HikariConfig - keepaliveTime...................120000
2026-06-07 22:51:47 DEBUG com.zaxxer.hikari.HikariConfig - leakDetectionThreshold..........0
2026-06-07 22:51:47 DEBUG com.zaxxer.hikari.HikariConfig - maxLifetime.....................1800000
2026-06-07 22:51:47 DEBUG com.zaxxer.hikari.HikariConfig - maximumPoolSize.................10
2026-06-07 22:51:47 DEBUG com.zaxxer.hikari.HikariConfig - metricRegistry..................none
2026-06-07 22:51:47 DEBUG com.zaxxer.hikari.HikariConfig - metricsTrackerFactory...........none
2026-06-07 22:51:47 DEBUG com.zaxxer.hikari.HikariConfig - minimumIdle.....................10
2026-06-07 22:51:47 DEBUG com.zaxxer.hikari.HikariConfig - password........................<masked>
2026-06-07 22:51:47 DEBUG com.zaxxer.hikari.HikariConfig - poolName........................"HikariPool-1"
2026-06-07 22:51:47 DEBUG com.zaxxer.hikari.HikariConfig - readOnly........................false
2026-06-07 22:51:47 DEBUG com.zaxxer.hikari.HikariConfig - registerMbeans..................false
2026-06-07 22:51:47 DEBUG com.zaxxer.hikari.HikariConfig - scheduledExecutor...............none
2026-06-07 22:51:47 DEBUG com.zaxxer.hikari.HikariConfig - schema..........................none
2026-06-07 22:51:47 DEBUG com.zaxxer.hikari.HikariConfig - threadFactory...................internal
2026-06-07 22:51:47 DEBUG com.zaxxer.hikari.HikariConfig - transactionIsolation............default
2026-06-07 22:51:47 DEBUG com.zaxxer.hikari.HikariConfig - username........................"root"
2026-06-07 22:51:47 DEBUG com.zaxxer.hikari.HikariConfig - validationTimeout...............5000
2026-06-07 22:51:47 INFO  com.zaxxer.hikari.HikariDataSource - HikariPool-1 - Starting...
2026-06-07 22:51:47 DEBUG com.zaxxer.hikari.pool.PoolBase - HikariPool-1 - Attempting to create/setup new connection (1b94a0e8-1493-49a3-a435-18d70f903e60)
2026-06-07 22:51:47 DEBUG com.zaxxer.hikari.pool.PoolBase - HikariPool-1 - Failed to create/setup connection (1b94a0e8-1493-49a3-a435-18d70f903e60): Communications link failure

The last packet sent successfully to the server was 0 milliseconds ago. The driver has not received any packets from the server.
2026-06-07 22:51:47 DEBUG com.zaxxer.hikari.pool.HikariPool - HikariPool-1 - Cannot acquire connection from data source
com.mysql.cj.jdbc.exceptions.CommunicationsException: Communications link failure

The last packet sent successfully to the server was 0 milliseconds ago. The driver has not received any packets from the server.
	at com.mysql.cj.jdbc.exceptions.SQLError.createCommunicationsException(SQLError.java:165)
	at com.mysql.cj.jdbc.exceptions.SQLExceptionsMapping.translateException(SQLExceptionsMapping.java:55)
	at com.mysql.cj.jdbc.ConnectionImpl.createNewIO(ConnectionImpl.java:840)
	at com.mysql.cj.jdbc.ConnectionImpl.<init>(ConnectionImpl.java:416)
	at com.mysql.cj.jdbc.ConnectionImpl.getInstance(ConnectionImpl.java:237)
	at com.mysql.cj.jdbc.NonRegisteringDriver.connect(NonRegisteringDriver.java:180)
	at com.zaxxer.hikari.util.DriverDataSource.getConnection(DriverDataSource.java:144)
	at com.zaxxer.hikari.pool.PoolBase.newConnection(PoolBase.java:373)
	at com.zaxxer.hikari.pool.PoolBase.newPoolEntry(PoolBase.java:210)
	at com.zaxxer.hikari.pool.HikariPool.createPoolEntry(HikariPool.java:488)
	at com.zaxxer.hikari.pool.HikariPool.checkFailFast(HikariPool.java:576)
	at com.zaxxer.hikari.pool.HikariPool.<init>(HikariPool.java:97)
	at com.zaxxer.hikari.HikariDataSource.getConnection(HikariDataSource.java:111)
	at org.hibernate.engine.jdbc.connections.internal.DataSourceConnectionProvider.getConnection(DataSourceConnectionProvider.java:137)
	at org.hibernate.engine.jdbc.env.internal.JdbcEnvironmentInitiator$ConnectionProviderJdbcConnectionAccess.obtainConnection(JdbcEnvironmentInitiator.java:508)
	at org.hibernate.resource.transaction.backend.jdbc.internal.JdbcIsolationDelegate.delegateWork(JdbcIsolationDelegate.java:48)
	at org.hibernate.engine.jdbc.env.internal.JdbcEnvironmentInitiator.getJdbcEnvironmentUsingJdbcMetadata(JdbcEnvironmentInitiator.java:366)
	at org.hibernate.engine.jdbc.env.internal.JdbcEnvironmentInitiator.getJdbcEnvironment(JdbcEnvironmentInitiator.java:143)
	at org.hibernate.engine.jdbc.env.internal.JdbcEnvironmentInitiator.initiateService(JdbcEnvironmentInitiator.java:120)
	at org.hibernate.engine.jdbc.env.internal.JdbcEnvironmentInitiator.initiateService(JdbcEnvironmentInitiator.java:80)
	at org.hibernate.boot.registry.internal.StandardServiceRegistryImpl.initiateService(StandardServiceRegistryImpl.java:133)
	at org.hibernate.service.internal.AbstractServiceRegistryImpl.createService(AbstractServiceRegistryImpl.java:260)
	at org.hibernate.service.internal.AbstractServiceRegistryImpl.initializeService(AbstractServiceRegistryImpl.java:235)
	at org.hibernate.service.internal.AbstractServiceRegistryImpl.getService(AbstractServiceRegistryImpl.java:212)
	at org.hibernate.boot.model.relational.Database.<init>(Database.java:44)
	at org.hibernate.boot.internal.InFlightMetadataCollectorImpl.getDatabase(InFlightMetadataCollectorImpl.java:251)
	at org.hibernate.boot.internal.InFlightMetadataCollectorImpl.<init>(InFlightMetadataCollectorImpl.java:203)
	at org.hibernate.boot.model.process.spi.MetadataBuildingProcess.complete(MetadataBuildingProcess.java:172)
	at org.hibernate.jpa.boot.internal.EntityManagerFactoryBuilderImpl.metadata(EntityManagerFactoryBuilderImpl.java:1392)
	at org.hibernate.jpa.boot.internal.EntityManagerFactoryBuilderImpl.populateSessionFactoryBuilder(EntityManagerFactoryBuilderImpl.java:1472)
	at org.hibernate.jpa.boot.internal.EntityManagerFactoryBuilderImpl.build(EntityManagerFactoryBuilderImpl.java:1454)
	at org.springframework.orm.jpa.vendor.SpringHibernateJpaPersistenceProvider.createContainerEntityManagerFactory(SpringHibernateJpaPersistenceProvider.java:93)
	at org.springframework.orm.jpa.LocalContainerEntityManagerFactoryBean.createNativeEntityManagerFactory(LocalContainerEntityManagerFactoryBean.java:443)
	at org.springframework.orm.jpa.AbstractEntityManagerFactoryBean.buildNativeEntityManagerFactory(AbstractEntityManagerFactoryBean.java:436)
	at org.springframework.orm.jpa.AbstractEntityManagerFactoryBean.afterPropertiesSet(AbstractEntityManagerFactoryBean.java:411)
	at org.springframework.orm.jpa.LocalContainerEntityManagerFactoryBean.afterPropertiesSet(LocalContainerEntityManagerFactoryBean.java:419)
	at org.springframework.beans.factory.support.AbstractAutowireCapableBeanFactory.invokeInitMethods(AbstractAutowireCapableBeanFactory.java:1864)
	at org.springframework.beans.factory.support.AbstractAutowireCapableBeanFactory.initializeBean(AbstractAutowireCapableBeanFactory.java:1813)
	at org.springframework.beans.factory.support.AbstractAutowireCapableBeanFactory.doCreateBean(AbstractAutowireCapableBeanFactory.java:603)
	at org.springframework.beans.factory.support.AbstractAutowireCapableBeanFactory.createBean(AbstractAutowireCapableBeanFactory.java:525)
	at org.springframework.beans.factory.support.AbstractBeanFactory.lambda$doGetBean$0(AbstractBeanFactory.java:333)
	at org.springframework.beans.factory.support.DefaultSingletonBeanRegistry.getSingleton(DefaultSingletonBeanRegistry.java:371)
	at org.springframework.beans.factory.support.AbstractBeanFactory.doGetBean(AbstractBeanFactory.java:331)
	at org.springframework.beans.factory.support.AbstractBeanFactory.getBean(AbstractBeanFactory.java:201)
	at org.springframework.context.support.AbstractApplicationContext.finishBeanFactoryInitialization(AbstractApplicationContext.java:977)
	at org.springframework.context.support.AbstractApplicationContext.refresh(AbstractApplicationContext.java:621)
	at org.springframework.boot.web.server.servlet.context.ServletWebServerApplicationContext.refresh(ServletWebServerApplicationContext.java:143)
	at org.springframework.boot.SpringApplication.refresh(SpringApplication.java:756)
	at org.springframework.boot.SpringApplication.refreshContext(SpringApplication.java:445)
	at org.springframework.boot.SpringApplication.run(SpringApplication.java:321)
	at org.springframework.boot.SpringApplication.run(SpringApplication.java:1365)
	at org.springframework.boot.SpringApplication.run(SpringApplication.java:1354)
	at com.pup.taguig.app.OrderManagementApplication.main(OrderManagementApplication.java:10)
Caused by: com.mysql.cj.exceptions.CJCommunicationsException: Communications link failure

The last packet sent successfully to the server was 0 milliseconds ago. The driver has not received any packets from the server.
	at java.base/jdk.internal.reflect.DirectConstructorHandleAccessor.newInstance(DirectConstructorHandleAccessor.java:62)
	at java.base/java.lang.reflect.Constructor.newInstanceWithCaller(Constructor.java:501)
	at java.base/java.lang.reflect.Constructor.newInstance(Constructor.java:485)
	at com.mysql.cj.exceptions.ExceptionFactory.createException(ExceptionFactory.java:52)
	at com.mysql.cj.exceptions.ExceptionFactory.createException(ExceptionFactory.java:95)
	at com.mysql.cj.exceptions.ExceptionFactory.createException(ExceptionFactory.java:140)
	at com.mysql.cj.exceptions.ExceptionFactory.createCommunicationsException(ExceptionFactory.java:156)
	at com.mysql.cj.protocol.a.NativeSocketConnection.connect(NativeSocketConnection.java:79)
	at com.mysql.cj.NativeSession.connect(NativeSession.java:142)
	at com.mysql.cj.jdbc.ConnectionImpl.connectOneTryOnly(ConnectionImpl.java:964)
	at com.mysql.cj.jdbc.ConnectionImpl.createNewIO(ConnectionImpl.java:828)
	... 50 more
Caused by: java.net.ConnectException: Connection refused
	at java.base/sun.nio.ch.Net.pollConnect(Native Method)
	at java.base/sun.nio.ch.Net.pollConnectNow(Net.java:682)
	at java.base/sun.nio.ch.NioSocketImpl.timedFinishConnect(NioSocketImpl.java:549)
	at java.base/sun.nio.ch.NioSocketImpl.connect(NioSocketImpl.java:592)
	at java.base/java.net.SocksSocketImpl.connect(SocksSocketImpl.java:327)
	at java.base/java.net.Socket.connect(Socket.java:760)
	at com.mysql.cj.protocol.StandardSocketFactory.connect(StandardSocketFactory.java:144)
	at com.mysql.cj.protocol.a.NativeSocketConnection.connect(NativeSocketConnection.java:53)
	... 53 more
2026-06-07 22:51:47 DEBUG sun.rmi.transport.tcp - RMI TCP Connection(2)-127.0.0.1: (port 59094) op = 82
2026-06-07 22:51:47 DEBUG sun.rmi.transport.tcp - RMI TCP Connection(2)-127.0.0.1: (port 59094) op = 80
2026-06-07 22:51:47 DEBUG sun.rmi.loader - RMI TCP Connection(2)-127.0.0.1: name = "javax.management.ObjectName", codebase = ""
2026-06-07 22:51:47 DEBUG javax.management.remote.rmi - connectionId=rmi://127.0.0.1  1, name=org.springframework.boot:type=Admin,name=SpringApplication, attribute=Ready
2026-06-07 22:51:47 DEBUG sun.rmi.server.call - RMI TCP Connection(2)-127.0.0.1: [127.0.0.1] exception: 
javax.management.InstanceNotFoundException: org.springframework.boot:type=Admin,name=SpringApplication
	at java.management/com.sun.jmx.interceptor.DefaultMBeanServerInterceptor.getMBean(DefaultMBeanServerInterceptor.java:1073)
	at java.management/com.sun.jmx.interceptor.DefaultMBeanServerInterceptor.getAttribute(DefaultMBeanServerInterceptor.java:632)
	at java.management/com.sun.jmx.mbeanserver.JmxMBeanServer.getAttribute(JmxMBeanServer.java:679)
	at java.management.rmi/javax.management.remote.rmi.RMIConnectionImpl.doOperation(RMIConnectionImpl.java:1497)
	at java.management.rmi/javax.management.remote.rmi.RMIConnectionImpl$PrivilegedOperation.run(RMIConnectionImpl.java:1348)
	at java.management.rmi/javax.management.remote.rmi.RMIConnectionImpl.doPrivilegedOperation(RMIConnectionImpl.java:1435)
	at java.management.rmi/javax.management.remote.rmi.RMIConnectionImpl.getAttribute(RMIConnectionImpl.java:647)
	at java.base/jdk.internal.reflect.DirectMethodHandleAccessor.invoke(DirectMethodHandleAccessor.java:103)
	at java.base/java.lang.reflect.Method.invoke(Method.java:580)
	at java.rmi/sun.rmi.server.UnicastServerRef.dispatch(UnicastServerRef.java:360)
	at java.rmi/sun.rmi.transport.Transport$1.run(Transport.java:200)
	at java.rmi/sun.rmi.transport.Transport$1.run(Transport.java:197)
	at java.base/java.security.AccessController.doPrivileged(AccessController.java:714)
	at java.rmi/sun.rmi.transport.Transport.serviceCall(Transport.java:196)
	at java.rmi/sun.rmi.transport.tcp.TCPTransport.handleMessages(TCPTransport.java:598)
	at java.rmi/sun.rmi.transport.tcp.TCPTransport$ConnectionHandler.run0(TCPTransport.java:844)
	at java.rmi/sun.rmi.transport.tcp.TCPTransport$ConnectionHandler.lambda$run$0(TCPTransport.java:721)
	at java.base/java.security.AccessController.doPrivileged(AccessController.java:400)
	at java.rmi/sun.rmi.transport.tcp.TCPTransport$ConnectionHandler.run(TCPTransport.java:720)
	at java.base/java.util.concurrent.ThreadPoolExecutor.runWorker(ThreadPoolExecutor.java:1144)
	at java.base/java.util.concurrent.ThreadPoolExecutor$Worker.run(ThreadPoolExecutor.java:642)
	at java.base/java.lang.Thread.run(Thread.java:1575)
2026-06-07 22:51:48 DEBUG sun.rmi.transport.tcp - RMI TCP Connection(2)-127.0.0.1: (port 59094) op = 82
2026-06-07 22:51:48 DEBUG sun.rmi.transport.tcp - RMI TCP Connection(2)-127.0.0.1: (port 59094) op = 80
2026-06-07 22:51:48 DEBUG sun.rmi.loader - RMI TCP Connection(2)-127.0.0.1: name = "javax.management.ObjectName", codebase = ""
2026-06-07 22:51:48 DEBUG javax.management.remote.rmi - connectionId=rmi://127.0.0.1  1, name=org.springframework.boot:type=Admin,name=SpringApplication, attribute=Ready
2026-06-07 22:51:48 DEBUG sun.rmi.server.call - RMI TCP Connection(2)-127.0.0.1: [127.0.0.1] exception: 
javax.management.InstanceNotFoundException: org.springframework.boot:type=Admin,name=SpringApplication
	at java.management/com.sun.jmx.interceptor.DefaultMBeanServerInterceptor.getMBean(DefaultMBeanServerInterceptor.java:1073)
	at java.management/com.sun.jmx.interceptor.DefaultMBeanServerInterceptor.getAttribute(DefaultMBeanServerInterceptor.java:632)
	at java.management/com.sun.jmx.mbeanserver.JmxMBeanServer.getAttribute(JmxMBeanServer.java:679)
	at java.management.rmi/javax.management.remote.rmi.RMIConnectionImpl.doOperation(RMIConnectionImpl.java:1497)
	at java.management.rmi/javax.management.remote.rmi.RMIConnectionImpl$PrivilegedOperation.run(RMIConnectionImpl.java:1348)
	at java.management.rmi/javax.management.remote.rmi.RMIConnectionImpl.doPrivilegedOperation(RMIConnectionImpl.java:1435)
	at java.management.rmi/javax.management.remote.rmi.RMIConnectionImpl.getAttribute(RMIConnectionImpl.java:647)
	at java.base/jdk.internal.reflect.DirectMethodHandleAccessor.invoke(DirectMethodHandleAccessor.java:103)
	at java.base/java.lang.reflect.Method.invoke(Method.java:580)
	at java.rmi/sun.rmi.server.UnicastServerRef.dispatch(UnicastServerRef.java:360)
	at java.rmi/sun.rmi.transport.Transport$1.run(Transport.java:200)
	at java.rmi/sun.rmi.transport.Transport$1.run(Transport.java:197)
	at java.base/java.security.AccessController.doPrivileged(AccessController.java:714)
	at java.rmi/sun.rmi.transport.Transport.serviceCall(Transport.java:196)
	at java.rmi/sun.rmi.transport.tcp.TCPTransport.handleMessages(TCPTransport.java:598)
	at java.rmi/sun.rmi.transport.tcp.TCPTransport$ConnectionHandler.run0(TCPTransport.java:844)
	at java.rmi/sun.rmi.transport.tcp.TCPTransport$ConnectionHandler.lambda$run$0(TCPTransport.java:721)
	at java.base/java.security.AccessController.doPrivileged(AccessController.java:400)
	at java.rmi/sun.rmi.transport.tcp.TCPTransport$ConnectionHandler.run(TCPTransport.java:720)
	at java.base/java.util.concurrent.ThreadPoolExecutor.runWorker(ThreadPoolExecutor.java:1144)
	at java.base/java.util.concurrent.ThreadPoolExecutor$Worker.run(ThreadPoolExecutor.java:642)
	at java.base/java.lang.Thread.run(Thread.java:1575)
2026-06-07 22:51:48 WARN  org.hibernate.orm.jdbc.error - HHH000247: ErrorCode: 0, SQLState: 08S01
2026-06-07 22:51:48 WARN  org.hibernate.orm.jdbc.error - Communications link failure

The last packet sent successfully to the server was 0 milliseconds ago. The driver has not received any packets from the server.
2026-06-07 22:51:48 DEBUG org.hibernate.orm.jdbc.error - Unable to obtain isolated JDBC connection [n/a]
com.mysql.cj.jdbc.exceptions.CommunicationsException: Communications link failure

The last packet sent successfully to the server was 0 milliseconds ago. The driver has not received any packets from the server.
	at com.mysql.cj.jdbc.exceptions.SQLError.createCommunicationsException(SQLError.java:165)
	at com.mysql.cj.jdbc.exceptions.SQLExceptionsMapping.translateException(SQLExceptionsMapping.java:55)
	at com.mysql.cj.jdbc.ConnectionImpl.createNewIO(ConnectionImpl.java:840)
	at com.mysql.cj.jdbc.ConnectionImpl.<init>(ConnectionImpl.java:416)
	at com.mysql.cj.jdbc.ConnectionImpl.getInstance(ConnectionImpl.java:237)
	at com.mysql.cj.jdbc.NonRegisteringDriver.connect(NonRegisteringDriver.java:180)
	at com.zaxxer.hikari.util.DriverDataSource.getConnection(DriverDataSource.java:144)
	at com.zaxxer.hikari.pool.PoolBase.newConnection(PoolBase.java:373)
	at com.zaxxer.hikari.pool.PoolBase.newPoolEntry(PoolBase.java:210)
	at com.zaxxer.hikari.pool.HikariPool.createPoolEntry(HikariPool.java:488)
	at com.zaxxer.hikari.pool.HikariPool.checkFailFast(HikariPool.java:576)
	at com.zaxxer.hikari.pool.HikariPool.<init>(HikariPool.java:97)
	at com.zaxxer.hikari.HikariDataSource.getConnection(HikariDataSource.java:111)
	at org.hibernate.engine.jdbc.connections.internal.DataSourceConnectionProvider.getConnection(DataSourceConnectionProvider.java:137)
	at org.hibernate.engine.jdbc.env.internal.JdbcEnvironmentInitiator$ConnectionProviderJdbcConnectionAccess.obtainConnection(JdbcEnvironmentInitiator.java:508)
	at org.hibernate.resource.transaction.backend.jdbc.internal.JdbcIsolationDelegate.delegateWork(JdbcIsolationDelegate.java:48)
	at org.hibernate.engine.jdbc.env.internal.JdbcEnvironmentInitiator.getJdbcEnvironmentUsingJdbcMetadata(JdbcEnvironmentInitiator.java:366)
	at org.hibernate.engine.jdbc.env.internal.JdbcEnvironmentInitiator.getJdbcEnvironment(JdbcEnvironmentInitiator.java:143)
	at org.hibernate.engine.jdbc.env.internal.JdbcEnvironmentInitiator.initiateService(JdbcEnvironmentInitiator.java:120)
	at org.hibernate.engine.jdbc.env.internal.JdbcEnvironmentInitiator.initiateService(JdbcEnvironmentInitiator.java:80)
	at org.hibernate.boot.registry.internal.StandardServiceRegistryImpl.initiateService(StandardServiceRegistryImpl.java:133)
	at org.hibernate.service.internal.AbstractServiceRegistryImpl.createService(AbstractServiceRegistryImpl.java:260)
	at org.hibernate.service.internal.AbstractServiceRegistryImpl.initializeService(AbstractServiceRegistryImpl.java:235)
	at org.hibernate.service.internal.AbstractServiceRegistryImpl.getService(AbstractServiceRegistryImpl.java:212)
	at org.hibernate.boot.model.relational.Database.<init>(Database.java:44)
	at org.hibernate.boot.internal.InFlightMetadataCollectorImpl.getDatabase(InFlightMetadataCollectorImpl.java:251)
	at org.hibernate.boot.internal.InFlightMetadataCollectorImpl.<init>(InFlightMetadataCollectorImpl.java:203)
	at org.hibernate.boot.model.process.spi.MetadataBuildingProcess.complete(MetadataBuildingProcess.java:172)
	at org.hibernate.jpa.boot.internal.EntityManagerFactoryBuilderImpl.metadata(EntityManagerFactoryBuilderImpl.java:1392)
	at org.hibernate.jpa.boot.internal.EntityManagerFactoryBuilderImpl.populateSessionFactoryBuilder(EntityManagerFactoryBuilderImpl.java:1472)
	at org.hibernate.jpa.boot.internal.EntityManagerFactoryBuilderImpl.build(EntityManagerFactoryBuilderImpl.java:1454)
	at org.springframework.orm.jpa.vendor.SpringHibernateJpaPersistenceProvider.createContainerEntityManagerFactory(SpringHibernateJpaPersistenceProvider.java:93)
	at org.springframework.orm.jpa.LocalContainerEntityManagerFactoryBean.createNativeEntityManagerFactory(LocalContainerEntityManagerFactoryBean.java:443)
	at org.springframework.orm.jpa.AbstractEntityManagerFactoryBean.buildNativeEntityManagerFactory(AbstractEntityManagerFactoryBean.java:436)
	at org.springframework.orm.jpa.AbstractEntityManagerFactoryBean.afterPropertiesSet(AbstractEntityManagerFactoryBean.java:411)
	at org.springframework.orm.jpa.LocalContainerEntityManagerFactoryBean.afterPropertiesSet(LocalContainerEntityManagerFactoryBean.java:419)
	at org.springframework.beans.factory.support.AbstractAutowireCapableBeanFactory.invokeInitMethods(AbstractAutowireCapableBeanFactory.java:1864)
	at org.springframework.beans.factory.support.AbstractAutowireCapableBeanFactory.initializeBean(AbstractAutowireCapableBeanFactory.java:1813)
	at org.springframework.beans.factory.support.AbstractAutowireCapableBeanFactory.doCreateBean(AbstractAutowireCapableBeanFactory.java:603)
	at org.springframework.beans.factory.support.AbstractAutowireCapableBeanFactory.createBean(AbstractAutowireCapableBeanFactory.java:525)
	at org.springframework.beans.factory.support.AbstractBeanFactory.lambda$doGetBean$0(AbstractBeanFactory.java:333)
	at org.springframework.beans.factory.support.DefaultSingletonBeanRegistry.getSingleton(DefaultSingletonBeanRegistry.java:371)
	at org.springframework.beans.factory.support.AbstractBeanFactory.doGetBean(AbstractBeanFactory.java:331)
	at org.springframework.beans.factory.support.AbstractBeanFactory.getBean(AbstractBeanFactory.java:201)
	at org.springframework.context.support.AbstractApplicationContext.finishBeanFactoryInitialization(AbstractApplicationContext.java:977)
	at org.springframework.context.support.AbstractApplicationContext.refresh(AbstractApplicationContext.java:621)
	at org.springframework.boot.web.server.servlet.context.ServletWebServerApplicationContext.refresh(ServletWebServerApplicationContext.java:143)
	at org.springframework.boot.SpringApplication.refresh(SpringApplication.java:756)
	at org.springframework.boot.SpringApplication.refreshContext(SpringApplication.java:445)
	at org.springframework.boot.SpringApplication.run(SpringApplication.java:321)
	at org.springframework.boot.SpringApplication.run(SpringApplication.java:1365)
	at org.springframework.boot.SpringApplication.run(SpringApplication.java:1354)
	at com.pup.taguig.app.OrderManagementApplication.main(OrderManagementApplication.java:10)
Caused by: com.mysql.cj.exceptions.CJCommunicationsException: Communications link failure

The last packet sent successfully to the server was 0 milliseconds ago. The driver has not received any packets from the server.
	at java.base/jdk.internal.reflect.DirectConstructorHandleAccessor.newInstance(DirectConstructorHandleAccessor.java:62)
	at java.base/java.lang.reflect.Constructor.newInstanceWithCaller(Constructor.java:501)
	at java.base/java.lang.reflect.Constructor.newInstance(Constructor.java:485)
	at com.mysql.cj.exceptions.ExceptionFactory.createException(ExceptionFactory.java:52)
	at com.mysql.cj.exceptions.ExceptionFactory.createException(ExceptionFactory.java:95)
	at com.mysql.cj.exceptions.ExceptionFactory.createException(ExceptionFactory.java:140)
	at com.mysql.cj.exceptions.ExceptionFactory.createCommunicationsException(ExceptionFactory.java:156)
	at com.mysql.cj.protocol.a.NativeSocketConnection.connect(NativeSocketConnection.java:79)
	at com.mysql.cj.NativeSession.connect(NativeSession.java:142)
	at com.mysql.cj.jdbc.ConnectionImpl.connectOneTryOnly(ConnectionImpl.java:964)
	at com.mysql.cj.jdbc.ConnectionImpl.createNewIO(ConnectionImpl.java:828)
	... 50 more
Caused by: java.net.ConnectException: Connection refused
	at java.base/sun.nio.ch.Net.pollConnect(Native Method)
	at java.base/sun.nio.ch.Net.pollConnectNow(Net.java:682)
	at java.base/sun.nio.ch.NioSocketImpl.timedFinishConnect(NioSocketImpl.java:549)
	at java.base/sun.nio.ch.NioSocketImpl.connect(NioSocketImpl.java:592)
	at java.base/java.net.SocksSocketImpl.connect(SocksSocketImpl.java:327)
	at java.base/java.net.Socket.connect(Socket.java:760)
	at com.mysql.cj.protocol.StandardSocketFactory.connect(StandardSocketFactory.java:144)
	at com.mysql.cj.protocol.a.NativeSocketConnection.connect(NativeSocketConnection.java:53)
	... 53 more
2026-06-07 22:51:48 WARN  org.hibernate.orm.jdbc - HHH100046: Could not obtain connection to query JDBC database metadata
org.hibernate.exception.JDBCConnectionException: Unable to obtain isolated JDBC connection [Communications link failure

The last packet sent successfully to the server was 0 milliseconds ago. The driver has not received any packets from the server.] [n/a]
	at org.hibernate.exception.internal.SQLStateConversionDelegate.convert(SQLStateConversionDelegate.java:80)
	at org.hibernate.exception.internal.StandardSQLExceptionConverter.convert(StandardSQLExceptionConverter.java:34)
	at org.hibernate.engine.jdbc.spi.SqlExceptionHelper.convert(SqlExceptionHelper.java:115)
	at org.hibernate.engine.jdbc.spi.SqlExceptionHelper.convert(SqlExceptionHelper.java:101)
	at org.hibernate.resource.transaction.backend.jdbc.internal.JdbcIsolationDelegate.delegateWork(JdbcIsolationDelegate.java:51)
	at org.hibernate.engine.jdbc.env.internal.JdbcEnvironmentInitiator.getJdbcEnvironmentUsingJdbcMetadata(JdbcEnvironmentInitiator.java:366)
	at org.hibernate.engine.jdbc.env.internal.JdbcEnvironmentInitiator.getJdbcEnvironment(JdbcEnvironmentInitiator.java:143)
	at org.hibernate.engine.jdbc.env.internal.JdbcEnvironmentInitiator.initiateService(JdbcEnvironmentInitiator.java:120)
	at org.hibernate.engine.jdbc.env.internal.JdbcEnvironmentInitiator.initiateService(JdbcEnvironmentInitiator.java:80)
	at org.hibernate.boot.registry.internal.StandardServiceRegistryImpl.initiateService(StandardServiceRegistryImpl.java:133)
	at org.hibernate.service.internal.AbstractServiceRegistryImpl.createService(AbstractServiceRegistryImpl.java:260)
	at org.hibernate.service.internal.AbstractServiceRegistryImpl.initializeService(AbstractServiceRegistryImpl.java:235)
	at org.hibernate.service.internal.AbstractServiceRegistryImpl.getService(AbstractServiceRegistryImpl.java:212)
	at org.hibernate.boot.model.relational.Database.<init>(Database.java:44)
	at org.hibernate.boot.internal.InFlightMetadataCollectorImpl.getDatabase(InFlightMetadataCollectorImpl.java:251)
	at org.hibernate.boot.internal.InFlightMetadataCollectorImpl.<init>(InFlightMetadataCollectorImpl.java:203)
	at org.hibernate.boot.model.process.spi.MetadataBuildingProcess.complete(MetadataBuildingProcess.java:172)
	at org.hibernate.jpa.boot.internal.EntityManagerFactoryBuilderImpl.metadata(EntityManagerFactoryBuilderImpl.java:1392)
	at org.hibernate.jpa.boot.internal.EntityManagerFactoryBuilderImpl.populateSessionFactoryBuilder(EntityManagerFactoryBuilderImpl.java:1472)
	at org.hibernate.jpa.boot.internal.EntityManagerFactoryBuilderImpl.build(EntityManagerFactoryBuilderImpl.java:1454)
	at org.springframework.orm.jpa.vendor.SpringHibernateJpaPersistenceProvider.createContainerEntityManagerFactory(SpringHibernateJpaPersistenceProvider.java:93)
	at org.springframework.orm.jpa.LocalContainerEntityManagerFactoryBean.createNativeEntityManagerFactory(LocalContainerEntityManagerFactoryBean.java:443)
	at org.springframework.orm.jpa.AbstractEntityManagerFactoryBean.buildNativeEntityManagerFactory(AbstractEntityManagerFactoryBean.java:436)
	at org.springframework.orm.jpa.AbstractEntityManagerFactoryBean.afterPropertiesSet(AbstractEntityManagerFactoryBean.java:411)
	at org.springframework.orm.jpa.LocalContainerEntityManagerFactoryBean.afterPropertiesSet(LocalContainerEntityManagerFactoryBean.java:419)
	at org.springframework.beans.factory.support.AbstractAutowireCapableBeanFactory.invokeInitMethods(AbstractAutowireCapableBeanFactory.java:1864)
	at org.springframework.beans.factory.support.AbstractAutowireCapableBeanFactory.initializeBean(AbstractAutowireCapableBeanFactory.java:1813)
	at org.springframework.beans.factory.support.AbstractAutowireCapableBeanFactory.doCreateBean(AbstractAutowireCapableBeanFactory.java:603)
	at org.springframework.beans.factory.support.AbstractAutowireCapableBeanFactory.createBean(AbstractAutowireCapableBeanFactory.java:525)
	at org.springframework.beans.factory.support.AbstractBeanFactory.lambda$doGetBean$0(AbstractBeanFactory.java:333)
	at org.springframework.beans.factory.support.DefaultSingletonBeanRegistry.getSingleton(DefaultSingletonBeanRegistry.java:371)
	at org.springframework.beans.factory.support.AbstractBeanFactory.doGetBean(AbstractBeanFactory.java:331)
	at org.springframework.beans.factory.support.AbstractBeanFactory.getBean(AbstractBeanFactory.java:201)
	at org.springframework.context.support.AbstractApplicationContext.finishBeanFactoryInitialization(AbstractApplicationContext.java:977)
	at org.springframework.context.support.AbstractApplicationContext.refresh(AbstractApplicationContext.java:621)
	at org.springframework.boot.web.server.servlet.context.ServletWebServerApplicationContext.refresh(ServletWebServerApplicationContext.java:143)
	at org.springframework.boot.SpringApplication.refresh(SpringApplication.java:756)
	at org.springframework.boot.SpringApplication.refreshContext(SpringApplication.java:445)
	at org.springframework.boot.SpringApplication.run(SpringApplication.java:321)
	at org.springframework.boot.SpringApplication.run(SpringApplication.java:1365)
	at org.springframework.boot.SpringApplication.run(SpringApplication.java:1354)
	at com.pup.taguig.app.OrderManagementApplication.main(OrderManagementApplication.java:10)
Caused by: com.mysql.cj.jdbc.exceptions.CommunicationsException: Communications link failure

The last packet sent successfully to the server was 0 milliseconds ago. The driver has not received any packets from the server.
	at com.mysql.cj.jdbc.exceptions.SQLError.createCommunicationsException(SQLError.java:165)
	at com.mysql.cj.jdbc.exceptions.SQLExceptionsMapping.translateException(SQLExceptionsMapping.java:55)
	at com.mysql.cj.jdbc.ConnectionImpl.createNewIO(ConnectionImpl.java:840)
	at com.mysql.cj.jdbc.ConnectionImpl.<init>(ConnectionImpl.java:416)
	at com.mysql.cj.jdbc.ConnectionImpl.getInstance(ConnectionImpl.java:237)
	at com.mysql.cj.jdbc.NonRegisteringDriver.connect(NonRegisteringDriver.java:180)
	at com.zaxxer.hikari.util.DriverDataSource.getConnection(DriverDataSource.java:144)
	at com.zaxxer.hikari.pool.PoolBase.newConnection(PoolBase.java:373)
	at com.zaxxer.hikari.pool.PoolBase.newPoolEntry(PoolBase.java:210)
	at com.zaxxer.hikari.pool.HikariPool.createPoolEntry(HikariPool.java:488)
	at com.zaxxer.hikari.pool.HikariPool.checkFailFast(HikariPool.java:576)
	at com.zaxxer.hikari.pool.HikariPool.<init>(HikariPool.java:97)
	at com.zaxxer.hikari.HikariDataSource.getConnection(HikariDataSource.java:111)
	at org.hibernate.engine.jdbc.connections.internal.DataSourceConnectionProvider.getConnection(DataSourceConnectionProvider.java:137)
	at org.hibernate.engine.jdbc.env.internal.JdbcEnvironmentInitiator$ConnectionProviderJdbcConnectionAccess.obtainConnection(JdbcEnvironmentInitiator.java:508)
	at org.hibernate.resource.transaction.backend.jdbc.internal.JdbcIsolationDelegate.delegateWork(JdbcIsolationDelegate.java:48)
	... 37 more
Caused by: com.mysql.cj.exceptions.CJCommunicationsException: Communications link failure

The last packet sent successfully to the server was 0 milliseconds ago. The driver has not received any packets from the server.
	at java.base/jdk.internal.reflect.DirectConstructorHandleAccessor.newInstance(DirectConstructorHandleAccessor.java:62)
	at java.base/java.lang.reflect.Constructor.newInstanceWithCaller(Constructor.java:501)
	at java.base/java.lang.reflect.Constructor.newInstance(Constructor.java:485)
	at com.mysql.cj.exceptions.ExceptionFactory.createException(ExceptionFactory.java:52)
	at com.mysql.cj.exceptions.ExceptionFactory.createException(ExceptionFactory.java:95)
	at com.mysql.cj.exceptions.ExceptionFactory.createException(ExceptionFactory.java:140)
	at com.mysql.cj.exceptions.ExceptionFactory.createCommunicationsException(ExceptionFactory.java:156)
	at com.mysql.cj.protocol.a.NativeSocketConnection.connect(NativeSocketConnection.java:79)
	at com.mysql.cj.NativeSession.connect(NativeSession.java:142)
	at com.mysql.cj.jdbc.ConnectionImpl.connectOneTryOnly(ConnectionImpl.java:964)
	at com.mysql.cj.jdbc.ConnectionImpl.createNewIO(ConnectionImpl.java:828)
	... 50 more
Caused by: java.net.ConnectException: Connection refused
	at java.base/sun.nio.ch.Net.pollConnect(Native Method)
	at java.base/sun.nio.ch.Net.pollConnectNow(Net.java:682)
	at java.base/sun.nio.ch.NioSocketImpl.timedFinishConnect(NioSocketImpl.java:549)
	at java.base/sun.nio.ch.NioSocketImpl.connect(NioSocketImpl.java:592)
	at java.base/java.net.SocksSocketImpl.connect(SocksSocketImpl.java:327)
	at java.base/java.net.Socket.connect(Socket.java:760)
	at com.mysql.cj.protocol.StandardSocketFactory.connect(StandardSocketFactory.java:144)
	at com.mysql.cj.protocol.a.NativeSocketConnection.connect(NativeSocketConnection.java:53)
	... 53 more
2026-06-07 22:51:48 DEBUG org.hibernate.service.spi.ServiceBinding - Overriding existing service binding [org.hibernate.engine.jdbc.connections.spi.ConnectionProvider]
2026-06-07 22:51:48 ERROR org.springframework.orm.jpa.LocalContainerEntityManagerFactoryBean - Failed to initialize JPA EntityManagerFactory: Unable to create requested service [org.hibernate.engine.jdbc.env.spi.JdbcEnvironment] due to: Unable to determine Dialect without JDBC metadata (please set 'jakarta.persistence.jdbc.url' for common cases or 'hibernate.dialect' when a custom Dialect implementation must be provided)
2026-06-07 22:51:48 WARN  org.springframework.boot.web.server.servlet.context.AnnotationConfigServletWebServerApplicationContext - Exception encountered during context initialization - cancelling refresh attempt: org.springframework.beans.factory.BeanCreationException: Error creating bean with name 'entityManagerFactory' defined in class path resource [org/springframework/boot/hibernate/autoconfigure/HibernateJpaConfiguration.class]: Unable to create requested service [org.hibernate.engine.jdbc.env.spi.JdbcEnvironment] due to: Unable to determine Dialect without JDBC metadata (please set 'jakarta.persistence.jdbc.url' for common cases or 'hibernate.dialect' when a custom Dialect implementation must be provided)
2026-06-07 22:51:48 DEBUG org.springframework.scheduling.concurrent.ThreadPoolTaskExecutor - Shutting down ExecutorService 'applicationTaskExecutor'
2026-06-07 22:51:48 DEBUG org.apache.catalina.util.LifecycleBase - Setting state for [StandardServer[-1]] to [STOPPING_PREP]
2026-06-07 22:51:48 DEBUG org.apache.catalina.util.LifecycleBase - Setting state for [StandardServer[-1]] to [STOPPING]
2026-06-07 22:51:48 DEBUG org.apache.catalina.util.LifecycleBase - Setting state for [StandardService[Tomcat]] to [STOPPING_PREP]
2026-06-07 22:51:48 INFO  org.apache.catalina.core.StandardService - Stopping service [Tomcat]
2026-06-07 22:51:48 DEBUG org.apache.catalina.util.LifecycleBase - Setting state for [StandardService[Tomcat]] to [STOPPING]
2026-06-07 22:51:48 DEBUG org.apache.catalina.util.LifecycleBase - Setting state for [StandardEngine[Tomcat]] to [STOPPING_PREP]
2026-06-07 22:51:48 DEBUG org.apache.catalina.util.LifecycleBase - Setting state for [StandardEngine[Tomcat]] to [STOPPING]
2026-06-07 22:51:48 DEBUG org.apache.catalina.util.LifecycleBase - Setting state for [StandardPipeline[StandardEngine[Tomcat]]] to [STOPPING_PREP]
2026-06-07 22:51:48 DEBUG org.apache.catalina.util.LifecycleBase - Setting state for [StandardPipeline[StandardEngine[Tomcat]]] to [STOPPING]
2026-06-07 22:51:48 DEBUG org.apache.catalina.util.LifecycleBase - Setting state for [StandardEngineValve[StandardEngine[Tomcat]]] to [STOPPING_PREP]
2026-06-07 22:51:48 DEBUG org.apache.catalina.util.LifecycleBase - Setting state for [StandardEngineValve[StandardEngine[Tomcat]]] to [STOPPING]
2026-06-07 22:51:48 DEBUG org.apache.catalina.util.LifecycleBase - Setting state for [StandardEngineValve[StandardEngine[Tomcat]]] to [STOPPED]
2026-06-07 22:51:48 DEBUG org.apache.catalina.util.LifecycleBase - Setting state for [StandardPipeline[StandardEngine[Tomcat]]] to [STOPPED]
2026-06-07 22:51:48 DEBUG org.apache.catalina.util.LifecycleBase - Setting state for [StandardEngine[Tomcat].StandardHost[localhost]] to [STOPPING_PREP]
2026-06-07 22:51:48 DEBUG org.apache.catalina.mapper.MapperListener - Unregister host [localhost] at domain [null] for service [StandardService[Tomcat]]
2026-06-07 22:51:48 DEBUG org.apache.catalina.util.LifecycleBase - Setting state for [StandardEngine[Tomcat].StandardHost[localhost]] to [STOPPING]
2026-06-07 22:51:48 DEBUG org.apache.catalina.util.LifecycleBase - Setting state for [StandardPipeline[StandardEngine[Tomcat].StandardHost[localhost]]] to [STOPPING_PREP]
2026-06-07 22:51:48 DEBUG org.apache.catalina.util.LifecycleBase - Setting state for [StandardPipeline[StandardEngine[Tomcat].StandardHost[localhost]]] to [STOPPING]
2026-06-07 22:51:48 DEBUG org.apache.catalina.util.LifecycleBase - Setting state for [ErrorReportValve[StandardEngine[Tomcat].StandardHost[localhost]]] to [STOPPING_PREP]
2026-06-07 22:51:48 DEBUG org.apache.catalina.util.LifecycleBase - Setting state for [ErrorReportValve[StandardEngine[Tomcat].StandardHost[localhost]]] to [STOPPING]
2026-06-07 22:51:48 DEBUG org.apache.catalina.util.LifecycleBase - Setting state for [ErrorReportValve[StandardEngine[Tomcat].StandardHost[localhost]]] to [STOPPED]
2026-06-07 22:51:48 DEBUG org.apache.catalina.util.LifecycleBase - Setting state for [StandardHostValve[StandardEngine[Tomcat].StandardHost[localhost]]] to [STOPPING_PREP]
2026-06-07 22:51:48 DEBUG org.apache.catalina.util.LifecycleBase - Setting state for [StandardHostValve[StandardEngine[Tomcat].StandardHost[localhost]]] to [STOPPING]
2026-06-07 22:51:48 DEBUG org.apache.catalina.util.LifecycleBase - Setting state for [StandardHostValve[StandardEngine[Tomcat].StandardHost[localhost]]] to [STOPPED]
2026-06-07 22:51:48 DEBUG org.apache.catalina.util.LifecycleBase - Setting state for [StandardPipeline[StandardEngine[Tomcat].StandardHost[localhost]]] to [STOPPED]
2026-06-07 22:51:48 DEBUG org.apache.catalina.util.LifecycleBase - Setting state for [StandardEngine[Tomcat].StandardHost[localhost].TomcatEmbeddedContext[]] to [STOPPING_PREP]
2026-06-07 22:51:48 DEBUG org.apache.catalina.mapper.MapperListener - Unregister Context [] for service [StandardService[Tomcat]]
2026-06-07 22:51:48 DEBUG org.apache.catalina.util.LifecycleBase - Setting state for [StandardEngine[Tomcat].StandardHost[localhost].TomcatEmbeddedContext[]] to [STOPPING]
2026-06-07 22:51:48 DEBUG org.apache.catalina.util.LifecycleBase - Setting state for [StandardEngine[Tomcat].StandardHost[localhost].TomcatEmbeddedContext[].StandardWrapper[jsp]] to [STOPPING_PREP]
2026-06-07 22:51:48 DEBUG org.apache.catalina.mapper.MapperListener - Unregister Wrapper [jsp] in Context [] for service [StandardService[Tomcat]]
2026-06-07 22:51:48 DEBUG org.apache.catalina.util.LifecycleBase - Setting state for [StandardEngine[Tomcat].StandardHost[localhost].TomcatEmbeddedContext[].StandardWrapper[jsp]] to [STOPPING]
2026-06-07 22:51:48 DEBUG org.apache.catalina.util.LifecycleBase - Setting state for [StandardPipeline[StandardEngine[Tomcat].StandardHost[localhost].TomcatEmbeddedContext[].StandardWrapper[jsp]]] to [STOPPING_PREP]
2026-06-07 22:51:48 DEBUG org.apache.catalina.util.LifecycleBase - Setting state for [StandardPipeline[StandardEngine[Tomcat].StandardHost[localhost].TomcatEmbeddedContext[].StandardWrapper[jsp]]] to [STOPPING]
2026-06-07 22:51:48 DEBUG org.apache.catalina.util.LifecycleBase - Setting state for [StandardWrapperValve[StandardEngine[Tomcat].StandardHost[localhost].TomcatEmbeddedContext[].StandardWrapper[jsp]]] to [STOPPING_PREP]
2026-06-07 22:51:48 DEBUG org.apache.catalina.util.LifecycleBase - Setting state for [StandardWrapperValve[StandardEngine[Tomcat].StandardHost[localhost].TomcatEmbeddedContext[].StandardWrapper[jsp]]] to [STOPPING]
2026-06-07 22:51:48 DEBUG org.apache.catalina.util.LifecycleBase - Setting state for [StandardWrapperValve[StandardEngine[Tomcat].StandardHost[localhost].TomcatEmbeddedContext[].StandardWrapper[jsp]]] to [STOPPED]
2026-06-07 22:51:48 DEBUG org.apache.catalina.util.LifecycleBase - Setting state for [StandardPipeline[StandardEngine[Tomcat].StandardHost[localhost].TomcatEmbeddedContext[].StandardWrapper[jsp]]] to [STOPPED]
2026-06-07 22:51:48 DEBUG org.apache.catalina.util.LifecycleBase - Setting state for [StandardEngine[Tomcat].StandardHost[localhost].TomcatEmbeddedContext[].StandardWrapper[jsp]] to [STOPPED]
2026-06-07 22:51:48 DEBUG org.apache.catalina.util.LifecycleBase - Setting state for [StandardEngine[Tomcat].StandardHost[localhost].TomcatEmbeddedContext[].StandardWrapper[dispatcherServlet]] to [STOPPING_PREP]
2026-06-07 22:51:48 DEBUG org.apache.catalina.mapper.MapperListener - Unregister Wrapper [dispatcherServlet] in Context [] for service [StandardService[Tomcat]]
2026-06-07 22:51:48 DEBUG org.apache.catalina.util.LifecycleBase - Setting state for [StandardEngine[Tomcat].StandardHost[localhost].TomcatEmbeddedContext[].StandardWrapper[dispatcherServlet]] to [STOPPING]
2026-06-07 22:51:48 DEBUG org.apache.catalina.util.LifecycleBase - Setting state for [StandardPipeline[StandardEngine[Tomcat].StandardHost[localhost].TomcatEmbeddedContext[].StandardWrapper[dispatcherServlet]]] to [STOPPING_PREP]
2026-06-07 22:51:48 DEBUG org.apache.catalina.util.LifecycleBase - Setting state for [StandardPipeline[StandardEngine[Tomcat].StandardHost[localhost].TomcatEmbeddedContext[].StandardWrapper[dispatcherServlet]]] to [STOPPING]
2026-06-07 22:51:48 DEBUG org.apache.catalina.util.LifecycleBase - Setting state for [StandardWrapperValve[StandardEngine[Tomcat].StandardHost[localhost].TomcatEmbeddedContext[].StandardWrapper[dispatcherServlet]]] to [STOPPING_PREP]
2026-06-07 22:51:48 DEBUG org.apache.catalina.util.LifecycleBase - Setting state for [StandardWrapperValve[StandardEngine[Tomcat].StandardHost[localhost].TomcatEmbeddedContext[].StandardWrapper[dispatcherServlet]]] to [STOPPING]
2026-06-07 22:51:48 DEBUG org.apache.catalina.util.LifecycleBase - Setting state for [StandardWrapperValve[StandardEngine[Tomcat].StandardHost[localhost].TomcatEmbeddedContext[].StandardWrapper[dispatcherServlet]]] to [STOPPED]
2026-06-07 22:51:48 DEBUG org.apache.catalina.util.LifecycleBase - Setting state for [StandardPipeline[StandardEngine[Tomcat].StandardHost[localhost].TomcatEmbeddedContext[].StandardWrapper[dispatcherServlet]]] to [STOPPED]
2026-06-07 22:51:48 DEBUG org.apache.catalina.util.LifecycleBase - Setting state for [StandardEngine[Tomcat].StandardHost[localhost].TomcatEmbeddedContext[].StandardWrapper[dispatcherServlet]] to [STOPPED]
2026-06-07 22:51:48 DEBUG org.apache.catalina.core.ApplicationFilterConfig - JMX de-registration complete for filter of type [org.springframework.boot.servlet.filter.OrderedRequestContextFilter] and name [requestContextFilter]
2026-06-07 22:51:48 DEBUG org.apache.catalina.core.ApplicationFilterConfig - JMX de-registration complete for filter of type [org.apache.tomcat.websocket.server.WsFilter] and name [Tomcat WebSocket (JSR356) Filter]
2026-06-07 22:51:48 DEBUG org.apache.catalina.core.ApplicationFilterConfig - JMX de-registration complete for filter of type [org.springframework.boot.servlet.filter.OrderedCharacterEncodingFilter] and name [characterEncodingFilter]
2026-06-07 22:51:48 DEBUG org.apache.catalina.core.ApplicationFilterConfig - JMX de-registration complete for filter of type [org.springframework.boot.servlet.filter.OrderedFormContentFilter] and name [formContentFilter]
2026-06-07 22:51:48 DEBUG org.apache.catalina.util.LifecycleBase - Setting state for [StandardManager[StandardEngine[Tomcat].StandardHost[localhost].TomcatEmbeddedContext[]]] to [STOPPING_PREP]
2026-06-07 22:51:48 DEBUG org.apache.catalina.util.LifecycleBase - Setting state for [StandardManager[StandardEngine[Tomcat].StandardHost[localhost].TomcatEmbeddedContext[]]] to [STOPPING]
2026-06-07 22:51:48 DEBUG org.apache.catalina.session.StandardManager - No persisted sessions to unload
2026-06-07 22:51:48 DEBUG org.apache.catalina.util.LifecycleBase - Setting state for [org.springframework.boot.tomcat.LazySessionIdGenerator@e5c2463] to [STOPPING_PREP]
2026-06-07 22:51:48 DEBUG org.apache.catalina.util.LifecycleBase - Setting state for [org.springframework.boot.tomcat.LazySessionIdGenerator@e5c2463] to [STOPPING]
2026-06-07 22:51:48 DEBUG org.apache.catalina.util.LifecycleBase - Setting state for [org.springframework.boot.tomcat.LazySessionIdGenerator@e5c2463] to [STOPPED]
2026-06-07 22:51:48 DEBUG org.apache.catalina.util.LifecycleBase - Setting state for [StandardManager[StandardEngine[Tomcat].StandardHost[localhost].TomcatEmbeddedContext[]]] to [STOPPED]
2026-06-07 22:51:48 DEBUG org.apache.catalina.util.LifecycleBase - Setting state for [org.apache.catalina.deploy.NamingResourcesImpl@433d9680] to [STOPPING_PREP]
2026-06-07 22:51:48 DEBUG org.apache.catalina.util.LifecycleBase - Setting state for [org.apache.catalina.deploy.NamingResourcesImpl@433d9680] to [STOPPING]
2026-06-07 22:51:48 DEBUG org.apache.catalina.util.LifecycleBase - Setting state for [org.apache.catalina.deploy.NamingResourcesImpl@433d9680] to [STOPPED]
2026-06-07 22:51:48 DEBUG org.apache.catalina.util.LifecycleBase - Setting state for [StandardPipeline[StandardEngine[Tomcat].StandardHost[localhost].TomcatEmbeddedContext[]]] to [STOPPING_PREP]
2026-06-07 22:51:48 DEBUG org.apache.catalina.util.LifecycleBase - Setting state for [StandardPipeline[StandardEngine[Tomcat].StandardHost[localhost].TomcatEmbeddedContext[]]] to [STOPPING]
2026-06-07 22:51:48 DEBUG org.apache.catalina.util.LifecycleBase - Setting state for [NonLoginAuthenticator[StandardEngine[Tomcat].StandardHost[localhost].TomcatEmbeddedContext[]]] to [STOPPING_PREP]
2026-06-07 22:51:48 DEBUG org.apache.catalina.util.LifecycleBase - Setting state for [NonLoginAuthenticator[StandardEngine[Tomcat].StandardHost[localhost].TomcatEmbeddedContext[]]] to [STOPPING]
2026-06-07 22:51:48 DEBUG org.apache.catalina.util.LifecycleBase - Setting state for [NonLoginAuthenticator[StandardEngine[Tomcat].StandardHost[localhost].TomcatEmbeddedContext[]]] to [STOPPED]
2026-06-07 22:51:48 DEBUG org.apache.catalina.util.LifecycleBase - Setting state for [StandardContextValve[StandardEngine[Tomcat].StandardHost[localhost].TomcatEmbeddedContext[]]] to [STOPPING_PREP]
2026-06-07 22:51:48 DEBUG org.apache.catalina.util.LifecycleBase - Setting state for [StandardContextValve[StandardEngine[Tomcat].StandardHost[localhost].TomcatEmbeddedContext[]]] to [STOPPING]
2026-06-07 22:51:48 DEBUG org.apache.catalina.util.LifecycleBase - Setting state for [StandardContextValve[StandardEngine[Tomcat].StandardHost[localhost].TomcatEmbeddedContext[]]] to [STOPPED]
2026-06-07 22:51:48 DEBUG org.apache.catalina.util.LifecycleBase - Setting state for [StandardPipeline[StandardEngine[Tomcat].StandardHost[localhost].TomcatEmbeddedContext[]]] to [STOPPED]
2026-06-07 22:51:48 DEBUG org.apache.catalina.util.LifecycleBase - Setting state for [WebappLoader[StandardEngine[Tomcat].StandardHost[localhost].TomcatEmbeddedContext[]]] to [STOPPING_PREP]
2026-06-07 22:51:48 DEBUG org.apache.catalina.loader.WebappLoader - Stopping this Loader
2026-06-07 22:51:48 DEBUG org.apache.catalina.util.LifecycleBase - Setting state for [WebappLoader[StandardEngine[Tomcat].StandardHost[localhost].TomcatEmbeddedContext[]]] to [STOPPING]
2026-06-07 22:51:48 DEBUG org.apache.catalina.util.LifecycleBase - Setting state for [WebappLoader[StandardEngine[Tomcat].StandardHost[localhost].TomcatEmbeddedContext[]]] to [STOPPED]
2026-06-07 22:51:48 DEBUG org.apache.catalina.util.LifecycleBase - Setting state for [org.apache.catalina.webresources.StandardRoot@6f5d0190] to [STOPPING_PREP]
2026-06-07 22:51:48 DEBUG org.apache.catalina.util.LifecycleBase - Setting state for [org.apache.catalina.webresources.DirResourceSet@3d40a3b4] to [STOPPING_PREP]
2026-06-07 22:51:48 DEBUG org.apache.catalina.util.LifecycleBase - Setting state for [org.apache.catalina.webresources.DirResourceSet@3d40a3b4] to [STOPPING]
2026-06-07 22:51:48 DEBUG org.apache.catalina.util.LifecycleBase - Setting state for [org.apache.catalina.webresources.DirResourceSet@3d40a3b4] to [STOPPED]
2026-06-07 22:51:48 DEBUG org.apache.catalina.util.LifecycleBase - Setting state for [org.apache.catalina.webresources.DirResourceSet@3d40a3b4] to [DESTROYING]
2026-06-07 22:51:48 DEBUG org.apache.catalina.util.LifecycleBase - Setting state for [org.apache.catalina.webresources.DirResourceSet@3d40a3b4] to [DESTROYED]
2026-06-07 22:51:48 DEBUG org.apache.catalina.util.LifecycleBase - Setting state for [org.apache.catalina.webresources.StandardRoot@6f5d0190] to [STOPPING]
2026-06-07 22:51:48 DEBUG org.apache.catalina.util.LifecycleBase - Setting state for [org.apache.catalina.webresources.StandardRoot@6f5d0190] to [STOPPED]
2026-06-07 22:51:48 DEBUG org.apache.catalina.util.LifecycleBase - Setting state for [StandardEngine[Tomcat].StandardHost[localhost].TomcatEmbeddedContext[].StandardWrapper[jsp]] to [DESTROYING]
2026-06-07 22:51:48 DEBUG org.apache.catalina.util.LifecycleBase - Setting state for [StandardPipeline[StandardEngine[Tomcat].StandardHost[localhost].TomcatEmbeddedContext[].StandardWrapper[jsp]]] to [DESTROYING]
2026-06-07 22:51:48 DEBUG org.apache.catalina.util.LifecycleBase - Setting state for [StandardWrapperValve[Container is null]] to [DESTROYING]
2026-06-07 22:51:48 DEBUG org.apache.catalina.util.LifecycleBase - Setting state for [StandardWrapperValve[Container is null]] to [DESTROYED]
2026-06-07 22:51:48 DEBUG org.apache.catalina.util.LifecycleBase - Setting state for [StandardPipeline[StandardEngine[Tomcat].StandardHost[localhost].TomcatEmbeddedContext[].StandardWrapper[jsp]]] to [DESTROYED]
2026-06-07 22:51:48 DEBUG org.apache.catalina.util.LifecycleBase - Setting state for [StandardEngine[Tomcat].StandardHost[localhost].TomcatEmbeddedContext[].StandardWrapper[jsp]] to [DESTROYED]
2026-06-07 22:51:48 DEBUG org.apache.catalina.util.LifecycleBase - Setting state for [StandardEngine[Tomcat].StandardHost[localhost].TomcatEmbeddedContext[].StandardWrapper[dispatcherServlet]] to [DESTROYING]
2026-06-07 22:51:48 DEBUG org.apache.catalina.util.LifecycleBase - Setting state for [StandardPipeline[StandardEngine[Tomcat].StandardHost[localhost].TomcatEmbeddedContext[].StandardWrapper[dispatcherServlet]]] to [DESTROYING]
2026-06-07 22:51:48 DEBUG org.apache.catalina.util.LifecycleBase - Setting state for [StandardWrapperValve[Container is null]] to [DESTROYING]
2026-06-07 22:51:48 DEBUG org.apache.catalina.util.LifecycleBase - Setting state for [StandardWrapperValve[Container is null]] to [DESTROYED]
2026-06-07 22:51:48 DEBUG org.apache.catalina.util.LifecycleBase - Setting state for [StandardPipeline[StandardEngine[Tomcat].StandardHost[localhost].TomcatEmbeddedContext[].StandardWrapper[dispatcherServlet]]] to [DESTROYED]
2026-06-07 22:51:48 DEBUG org.apache.catalina.util.LifecycleBase - Setting state for [StandardEngine[Tomcat].StandardHost[localhost].TomcatEmbeddedContext[].StandardWrapper[dispatcherServlet]] to [DESTROYED]
2026-06-07 22:51:48 DEBUG org.apache.catalina.util.LifecycleBase - Setting state for [StandardEngine[Tomcat].StandardHost[localhost].TomcatEmbeddedContext[]] to [STOPPED]
2026-06-07 22:51:48 DEBUG org.apache.catalina.util.LifecycleBase - Setting state for [StandardEngine[Tomcat].StandardHost[localhost]] to [STOPPED]
2026-06-07 22:51:48 DEBUG org.apache.catalina.util.LifecycleBase - Setting state for [SimpleRealm[StandardEngine[Tomcat]]] to [STOPPING_PREP]
2026-06-07 22:51:48 DEBUG org.apache.catalina.util.LifecycleBase - Setting state for [SimpleRealm[StandardEngine[Tomcat]]] to [STOPPING]
2026-06-07 22:51:48 DEBUG org.apache.catalina.util.LifecycleBase - Setting state for [SimpleRealm[StandardEngine[Tomcat]]] to [STOPPED]
2026-06-07 22:51:48 DEBUG org.apache.catalina.util.LifecycleBase - Setting state for [StandardEngine[Tomcat]] to [STOPPED]
2026-06-07 22:51:48 DEBUG org.apache.catalina.util.LifecycleBase - Setting state for [org.apache.catalina.mapper.MapperListener@3e1f1046] to [STOPPING_PREP]
2026-06-07 22:51:48 DEBUG org.apache.catalina.util.LifecycleBase - Setting state for [org.apache.catalina.mapper.MapperListener@3e1f1046] to [STOPPING]
2026-06-07 22:51:48 DEBUG org.apache.catalina.util.LifecycleBase - Setting state for [org.apache.catalina.mapper.MapperListener@3e1f1046] to [STOPPED]
2026-06-07 22:51:48 DEBUG org.apache.catalina.util.LifecycleBase - Setting state for [StandardService[Tomcat]] to [STOPPED]
2026-06-07 22:51:48 DEBUG org.apache.catalina.util.LifecycleBase - Setting state for [org.apache.catalina.deploy.NamingResourcesImpl@40709f9] to [STOPPING_PREP]
2026-06-07 22:51:48 DEBUG org.apache.catalina.util.LifecycleBase - Setting state for [org.apache.catalina.deploy.NamingResourcesImpl@40709f9] to [STOPPING]
2026-06-07 22:51:48 DEBUG org.apache.catalina.util.LifecycleBase - Setting state for [org.apache.catalina.deploy.NamingResourcesImpl@40709f9] to [STOPPED]
2026-06-07 22:51:48 DEBUG org.apache.catalina.util.LifecycleBase - Setting state for [StandardServer[-1]] to [STOPPED]
2026-06-07 22:51:48 DEBUG org.apache.catalina.util.LifecycleBase - Setting state for [StandardServer[-1]] to [DESTROYING]
2026-06-07 22:51:48 DEBUG org.apache.catalina.util.LifecycleBase - Setting state for [StandardService[Tomcat]] to [DESTROYING]
2026-06-07 22:51:48 DEBUG org.apache.catalina.util.LifecycleBase - Setting state for [org.apache.catalina.mapper.MapperListener@3e1f1046] to [DESTROYING]
2026-06-07 22:51:48 DEBUG org.apache.catalina.util.LifecycleBase - Setting state for [org.apache.catalina.mapper.MapperListener@3e1f1046] to [DESTROYED]
2026-06-07 22:51:48 DEBUG org.apache.catalina.util.LifecycleBase - Setting state for [StandardEngine[Tomcat]] to [DESTROYING]
2026-06-07 22:51:48 DEBUG org.apache.catalina.util.LifecycleBase - Setting state for [SimpleRealm[StandardEngine[Tomcat]]] to [DESTROYING]
2026-06-07 22:51:48 DEBUG org.apache.catalina.util.LifecycleBase - Setting state for [SimpleRealm[StandardEngine[Tomcat]]] to [DESTROYED]
2026-06-07 22:51:48 DEBUG org.apache.catalina.util.LifecycleBase - Setting state for [StandardPipeline[StandardEngine[Tomcat]]] to [DESTROYING]
2026-06-07 22:51:48 DEBUG org.apache.catalina.util.LifecycleBase - Setting state for [StandardEngineValve[Container is null]] to [DESTROYING]
2026-06-07 22:51:48 DEBUG org.apache.catalina.util.LifecycleBase - Setting state for [StandardEngineValve[Container is null]] to [DESTROYED]
2026-06-07 22:51:48 DEBUG org.apache.catalina.util.LifecycleBase - Setting state for [StandardPipeline[StandardEngine[Tomcat]]] to [DESTROYED]
2026-06-07 22:51:48 DEBUG org.apache.catalina.util.LifecycleBase - Setting state for [StandardEngine[Tomcat].StandardHost[localhost]] to [DESTROYING]
2026-06-07 22:51:48 DEBUG org.apache.catalina.util.LifecycleBase - Setting state for [StandardPipeline[StandardEngine[Tomcat].StandardHost[localhost]]] to [DESTROYING]
2026-06-07 22:51:48 DEBUG org.apache.catalina.util.LifecycleBase - Setting state for [ErrorReportValve[Container is null]] to [DESTROYING]
2026-06-07 22:51:48 DEBUG org.apache.catalina.util.LifecycleBase - Setting state for [ErrorReportValve[Container is null]] to [DESTROYED]
2026-06-07 22:51:48 DEBUG org.apache.catalina.util.LifecycleBase - Setting state for [StandardHostValve[Container is null]] to [DESTROYING]
2026-06-07 22:51:48 DEBUG org.apache.catalina.util.LifecycleBase - Setting state for [StandardHostValve[Container is null]] to [DESTROYED]
2026-06-07 22:51:48 DEBUG org.apache.catalina.util.LifecycleBase - Setting state for [StandardPipeline[StandardEngine[Tomcat].StandardHost[localhost]]] to [DESTROYED]
2026-06-07 22:51:48 DEBUG org.apache.catalina.util.LifecycleBase - Setting state for [StandardEngine[Tomcat].StandardHost[localhost].TomcatEmbeddedContext[]] to [DESTROYING]
2026-06-07 22:51:48 DEBUG org.apache.catalina.util.LifecycleBase - Setting state for [org.apache.catalina.deploy.NamingResourcesImpl@433d9680] to [DESTROYING]
2026-06-07 22:51:48 DEBUG org.apache.catalina.util.LifecycleBase - Setting state for [org.apache.catalina.deploy.NamingResourcesImpl@433d9680] to [DESTROYED]
2026-06-07 22:51:48 DEBUG org.apache.catalina.util.LifecycleBase - Setting state for [WebappLoader[StandardEngine[Tomcat].StandardHost[localhost].TomcatEmbeddedContext[]]] to [DESTROYING]
2026-06-07 22:51:48 DEBUG org.apache.catalina.util.LifecycleBase - Setting state for [WebappLoader[StandardEngine[Tomcat].StandardHost[localhost].TomcatEmbeddedContext[]]] to [DESTROYED]
2026-06-07 22:51:48 DEBUG org.apache.catalina.util.LifecycleBase - Setting state for [StandardManager[StandardEngine[Tomcat].StandardHost[localhost].TomcatEmbeddedContext[]]] to [DESTROYING]
2026-06-07 22:51:48 DEBUG org.apache.catalina.util.LifecycleBase - Setting state for [StandardManager[StandardEngine[Tomcat].StandardHost[localhost].TomcatEmbeddedContext[]]] to [DESTROYED]
2026-06-07 22:51:48 DEBUG org.apache.catalina.util.LifecycleBase - Setting state for [org.apache.catalina.webresources.StandardRoot@6f5d0190] to [DESTROYING]
2026-06-07 22:51:48 DEBUG org.apache.catalina.util.LifecycleBase - Setting state for [org.apache.catalina.webresources.StandardRoot@6f5d0190] to [DESTROYED]
2026-06-07 22:51:48 DEBUG org.apache.catalina.util.LifecycleBase - Setting state for [StandardPipeline[StandardEngine[Tomcat].StandardHost[localhost].TomcatEmbeddedContext[]]] to [DESTROYING]
2026-06-07 22:51:48 DEBUG org.apache.catalina.util.LifecycleBase - Setting state for [NonLoginAuthenticator[Container is null]] to [DESTROYING]
2026-06-07 22:51:48 DEBUG org.apache.catalina.util.LifecycleBase - Setting state for [NonLoginAuthenticator[Container is null]] to [DESTROYED]
2026-06-07 22:51:48 DEBUG org.apache.catalina.util.LifecycleBase - Setting state for [StandardContextValve[Container is null]] to [DESTROYING]
2026-06-07 22:51:48 DEBUG org.apache.catalina.util.LifecycleBase - Setting state for [StandardContextValve[Container is null]] to [DESTROYED]
2026-06-07 22:51:48 DEBUG org.apache.catalina.util.LifecycleBase - Setting state for [StandardPipeline[StandardEngine[Tomcat].StandardHost[localhost].TomcatEmbeddedContext[]]] to [DESTROYED]
2026-06-07 22:51:48 DEBUG org.apache.catalina.util.LifecycleBase - Setting state for [StandardEngine[Tomcat].StandardHost[localhost].TomcatEmbeddedContext[]] to [DESTROYED]
2026-06-07 22:51:48 DEBUG org.apache.catalina.util.LifecycleBase - Setting state for [StandardEngine[Tomcat].StandardHost[localhost]] to [DESTROYED]
2026-06-07 22:51:48 DEBUG org.apache.catalina.util.LifecycleBase - Setting state for [StandardEngine[Tomcat]] to [DESTROYED]
2026-06-07 22:51:48 DEBUG org.apache.catalina.util.LifecycleBase - Setting state for [StandardService[Tomcat]] to [DESTROYED]
2026-06-07 22:51:48 DEBUG org.apache.catalina.util.LifecycleBase - Setting state for [org.apache.catalina.deploy.NamingResourcesImpl@40709f9] to [DESTROYING]
2026-06-07 22:51:48 DEBUG org.apache.catalina.util.LifecycleBase - Setting state for [org.apache.catalina.deploy.NamingResourcesImpl@40709f9] to [DESTROYED]
2026-06-07 22:51:48 DEBUG org.apache.catalina.util.LifecycleBase - Setting state for [StandardServer[-1]] to [DESTROYED]
2026-06-07 22:51:48 DEBUG org.springframework.boot.autoconfigure.logging.ConditionEvaluationReportLogger - 


============================
CONDITIONS EVALUATION REPORT
============================


Positive matches:
-----------------

   AopAutoConfiguration matched:
      - @ConditionalOnBooleanProperty (spring.aop.auto=true) matched (OnPropertyCondition)

   AopAutoConfiguration.AspectJAutoProxyingConfiguration matched:
      - @ConditionalOnClass found required class 'org.aspectj.weaver.Advice' (OnClassCondition)

   AopAutoConfiguration.AspectJAutoProxyingConfiguration.CglibAutoProxyConfiguration matched:
      - @ConditionalOnBooleanProperty (spring.aop.proxy-target-class=true) matched (OnPropertyCondition)

   ApplicationAvailabilityAutoConfiguration#applicationAvailability matched:
      - @ConditionalOnMissingBean (types: org.springframework.boot.availability.ApplicationAvailability; SearchStrategy: all) did not find any beans (OnBeanCondition)

   DataJpaRepositoriesAutoConfiguration matched:
      - @ConditionalOnClass found required class 'org.springframework.data.jpa.repository.JpaRepository' (OnClassCondition)
      - @ConditionalOnBooleanProperty (spring.data.jpa.repositories.enabled=true) matched (OnPropertyCondition)
      - @ConditionalOnBean (types: javax.sql.DataSource; SearchStrategy: all) found bean 'dataSource'; @ConditionalOnMissingBean (types: org.springframework.data.jpa.repository.support.JpaRepositoryFactoryBean,org.springframework.data.jpa.repository.config.JpaRepositoryConfigExtension; SearchStrategy: all) did not find any beans (OnBeanCondition)

   DataSourceAutoConfiguration matched:
      - @ConditionalOnClass found required classes 'javax.sql.DataSource', 'org.springframework.jdbc.datasource.embedded.EmbeddedDatabaseType' (OnClassCondition)
      - @ConditionalOnMissingBean (types: io.r2dbc.spi.ConnectionFactory; SearchStrategy: all) did not find any beans (OnBeanCondition)

   DataSourceAutoConfiguration.PooledDataSourceConfiguration matched:
      - AnyNestedCondition 1 matched 1 did not; NestedCondition on DataSourceAutoConfiguration.PooledDataSourceCondition.PooledDataSourceAvailable PooledDataSource found supported DataSource; NestedCondition on DataSourceAutoConfiguration.PooledDataSourceCondition.ExplicitType @ConditionalOnProperty (spring.datasource.type) did not find property 'spring.datasource.type' (DataSourceAutoConfiguration.PooledDataSourceCondition)
      - @ConditionalOnMissingBean (types: javax.sql.DataSource,javax.sql.XADataSource; SearchStrategy: all) did not find any beans (OnBeanCondition)

   DataSourceAutoConfiguration.PooledDataSourceConfiguration#jdbcConnectionDetails matched:
      - @ConditionalOnMissingBean (types: org.springframework.boot.jdbc.autoconfigure.JdbcConnectionDetails; SearchStrategy: all) did not find any beans (OnBeanCondition)

   DataSourceConfiguration.Hikari matched:
      - @ConditionalOnClass found required class 'com.zaxxer.hikari.HikariDataSource' (OnClassCondition)
      - @ConditionalOnProperty (spring.datasource.type=com.zaxxer.hikari.HikariDataSource) matched (OnPropertyCondition)
      - @ConditionalOnMissingBean (types: javax.sql.DataSource; SearchStrategy: all) did not find any beans (OnBeanCondition)

   DataSourceInitializationAutoConfiguration matched:
      - @ConditionalOnClass found required class 'org.springframework.jdbc.datasource.init.DatabasePopulator' (OnClassCondition)
      - SQL InitializationDatabase Initialization default value is EMBEDDED (OnSqlInitializationCondition)
      - @ConditionalOnSingleCandidate (types: javax.sql.DataSource; SearchStrategy: all) found a single bean 'dataSource'; @ConditionalOnMissingBean (types: org.springframework.boot.sql.autoconfigure.init.ApplicationScriptDatabaseInitializer; SearchStrategy: all) did not find any beans (OnBeanCondition)

   DataSourceJmxConfiguration matched:
      - @ConditionalOnBooleanProperty (spring.jmx.enabled=true) matched (OnPropertyCondition)

   DataSourceJmxConfiguration.Hikari matched:
      - @ConditionalOnClass found required class 'com.zaxxer.hikari.HikariDataSource' (OnClassCondition)
      - @ConditionalOnSingleCandidate (types: javax.sql.DataSource; SearchStrategy: all) found a single bean 'dataSource' (OnBeanCondition)

   DataSourcePoolMetadataProvidersConfiguration.HikariPoolDataSourceMetadataProviderConfiguration matched:
      - @ConditionalOnClass found required class 'com.zaxxer.hikari.HikariDataSource' (OnClassCondition)

   DataSourceTransactionManagerAutoConfiguration matched:
      - @ConditionalOnClass found required classes 'javax.sql.DataSource', 'org.springframework.jdbc.core.JdbcTemplate', 'org.springframework.transaction.TransactionManager' (OnClassCondition)

   DataSourceTransactionManagerAutoConfiguration.JdbcTransactionManagerConfiguration matched:
      - @ConditionalOnSingleCandidate (types: javax.sql.DataSource; SearchStrategy: all) found a single bean 'dataSource' (OnBeanCondition)

   DataWebAutoConfiguration matched:
      - @ConditionalOnClass found required classes 'org.springframework.data.web.PageableHandlerMethodArgumentResolver', 'org.springframework.web.servlet.config.annotation.WebMvcConfigurer' (OnClassCondition)
      - found 'session' scope (OnWebApplicationCondition)
      - @ConditionalOnMissingBean (types: org.springframework.data.web.PageableHandlerMethodArgumentResolver; SearchStrategy: all) did not find any beans (OnBeanCondition)

   DataWebAutoConfiguration#pageableCustomizer matched:
      - @ConditionalOnMissingBean (types: org.springframework.data.web.config.PageableHandlerMethodArgumentResolverCustomizer; SearchStrategy: all) did not find any beans (OnBeanCondition)

   DataWebAutoConfiguration#sortCustomizer matched:
      - @ConditionalOnMissingBean (types: org.springframework.data.web.config.SortHandlerMethodArgumentResolverCustomizer; SearchStrategy: all) did not find any beans (OnBeanCondition)

   DataWebAutoConfiguration#springDataWebSettings matched:
      - @ConditionalOnMissingBean (types: org.springframework.data.web.config.SpringDataWebSettings; SearchStrategy: all) did not find any beans (OnBeanCondition)

   DispatcherServletAutoConfiguration matched:
      - @ConditionalOnClass found required class 'org.springframework.web.servlet.DispatcherServlet' (OnClassCondition)
      - found 'session' scope (OnWebApplicationCondition)

   DispatcherServletAutoConfiguration.DispatcherServletConfiguration matched:
      - @ConditionalOnClass found required class 'jakarta.servlet.ServletRegistration' (OnClassCondition)
      - Default DispatcherServlet did not find dispatcher servlet beans (DispatcherServletAutoConfiguration.DefaultDispatcherServletCondition)

   DispatcherServletAutoConfiguration.DispatcherServletRegistrationConfiguration matched:
      - @ConditionalOnClass found required class 'jakarta.servlet.ServletRegistration' (OnClassCondition)
      - DispatcherServlet Registration did not find servlet registration bean (DispatcherServletAutoConfiguration.DispatcherServletRegistrationCondition)

   DispatcherServletAutoConfiguration.DispatcherServletRegistrationConfiguration#dispatcherServletRegistration matched:
      - @ConditionalOnBean (names: dispatcherServlet types: org.springframework.web.servlet.DispatcherServlet; SearchStrategy: all) found bean 'dispatcherServlet' (OnBeanCondition)

   ErrorMvcAutoConfiguration matched:
      - @ConditionalOnClass found required classes 'jakarta.servlet.Servlet', 'org.springframework.web.servlet.DispatcherServlet' (OnClassCondition)
      - found 'session' scope (OnWebApplicationCondition)

   ErrorMvcAutoConfiguration#basicErrorController matched:
      - @ConditionalOnMissingBean (types: org.springframework.boot.webmvc.error.ErrorController; SearchStrategy: current) did not find any beans (OnBeanCondition)

   ErrorMvcAutoConfiguration#errorAttributes matched:
      - @ConditionalOnMissingBean (types: org.springframework.boot.webmvc.error.ErrorAttributes; SearchStrategy: current) did not find any beans (OnBeanCondition)

   ErrorMvcAutoConfiguration.DefaultErrorViewResolverConfiguration#conventionErrorViewResolver matched:
      - @ConditionalOnBean (types: org.springframework.web.servlet.DispatcherServlet; SearchStrategy: all) found bean 'dispatcherServlet'; @ConditionalOnMissingBean (types: org.springframework.boot.webmvc.autoconfigure.error.ErrorViewResolver; SearchStrategy: all) did not find any beans (OnBeanCondition)

   ErrorMvcAutoConfiguration.WhitelabelErrorViewConfiguration matched:
      - @ConditionalOnBooleanProperty (spring.web.error.whitelabel.enabled=true) matched (OnPropertyCondition)
      - ErrorTemplate Missing did not find error template view (ErrorMvcAutoConfiguration.ErrorTemplateMissingCondition)

   ErrorMvcAutoConfiguration.WhitelabelErrorViewConfiguration#beanNameViewResolver matched:
      - @ConditionalOnMissingBean (types: org.springframework.web.servlet.view.BeanNameViewResolver; SearchStrategy: all) did not find any beans (OnBeanCondition)

   ErrorMvcAutoConfiguration.WhitelabelErrorViewConfiguration#defaultErrorView matched:
      - @ConditionalOnMissingBean (names: error; SearchStrategy: all) did not find any beans (OnBeanCondition)

   HibernateJpaAutoConfiguration matched:
      - @ConditionalOnClass found required classes 'org.springframework.orm.jpa.LocalContainerEntityManagerFactoryBean', 'jakarta.persistence.EntityManager', 'org.hibernate.engine.spi.SessionImplementor' (OnClassCondition)

   HibernateJpaConfiguration matched:
      - @ConditionalOnSingleCandidate (types: javax.sql.DataSource; SearchStrategy: all) found a single bean 'dataSource' (OnBeanCondition)

   HttpEncodingAutoConfiguration matched:
      - @ConditionalOnClass found required class 'org.springframework.web.filter.CharacterEncodingFilter' (OnClassCondition)
      - found 'session' scope (OnWebApplicationCondition)
      - @ConditionalOnBooleanProperty (spring.servlet.encoding.enabled=true) matched (OnPropertyCondition)

   HttpEncodingAutoConfiguration#characterEncodingFilter matched:
      - @ConditionalOnMissingBean (types: org.springframework.web.filter.CharacterEncodingFilter; SearchStrategy: all) did not find any beans (OnBeanCondition)

   HttpMessageConvertersAutoConfiguration matched:
      - @ConditionalOnClass found required class 'org.springframework.http.converter.HttpMessageConverter' (OnClassCondition)
      - NoneNestedConditions 0 matched 1 did not; NestedCondition on HttpMessageConvertersAutoConfiguration.NotReactiveWebApplicationCondition.ReactiveWebApplication did not find reactive web application classes (HttpMessageConvertersAutoConfiguration.NotReactiveWebApplicationCondition)

   HttpMessageConvertersAutoConfiguration.StringHttpMessageConverterConfiguration#stringHttpMessageConvertersCustomizer matched:
      - @ConditionalOnMissingBean (types: org.springframework.http.converter.StringHttpMessageConverter; SearchStrategy: all) did not find any beans (OnBeanCondition)

   JacksonAutoConfiguration matched:
      - @ConditionalOnClass found required class 'tools.jackson.databind.json.JsonMapper' (OnClassCondition)

   JacksonAutoConfiguration#jacksonJsonMapper matched:
      - @ConditionalOnMissingBean (types: tools.jackson.databind.json.JsonMapper; SearchStrategy: all) did not find any beans (OnBeanCondition)

   JacksonAutoConfiguration#jsonMapperBuilder matched:
      - @ConditionalOnMissingBean (types: tools.jackson.databind.json.JsonMapper$Builder; SearchStrategy: all) did not find any beans (OnBeanCondition)

   JacksonAutoConfiguration.JsonProblemDetailsConfiguration matched:
      - @ConditionalOnClass found required class 'org.springframework.http.ProblemDetail' (OnClassCondition)

   JacksonHttpMessageConvertersConfiguration.JacksonJsonHttpMessageConverterConfiguration matched:
      - @ConditionalOnClass found required class 'tools.jackson.databind.json.JsonMapper' (OnClassCondition)
      - @ConditionalOnProperty (spring.http.converters.preferred-json-mapper=jackson) matched (OnPropertyCondition)
      - @ConditionalOnBean (types: tools.jackson.databind.json.JsonMapper; SearchStrategy: all) found bean 'jacksonJsonMapper' (OnBeanCondition)

   JacksonHttpMessageConvertersConfiguration.JacksonJsonHttpMessageConverterConfiguration#jacksonJsonHttpMessageConvertersCustomizer matched:
      - @ConditionalOnMissingBean (types: org.springframework.http.converter.json.JacksonJsonHttpMessageConverter ignored: org.springframework.hateoas.server.mvc.TypeConstrainedJacksonJsonHttpMessageConverter,org.springframework.data.rest.webmvc.alps.AlpsJacksonJsonHttpMessageConverter; SearchStrategy: all) did not find any beans (OnBeanCondition)

   JdbcClientAutoConfiguration matched:
      - @ConditionalOnSingleCandidate (types: org.springframework.jdbc.core.namedparam.NamedParameterJdbcTemplate; SearchStrategy: all) found a single bean 'namedParameterJdbcTemplate'; @ConditionalOnMissingBean (types: org.springframework.jdbc.core.simple.JdbcClient; SearchStrategy: all) did not find any beans (OnBeanCondition)

   JdbcTemplateAutoConfiguration matched:
      - @ConditionalOnClass found required classes 'javax.sql.DataSource', 'org.springframework.jdbc.core.JdbcTemplate' (OnClassCondition)
      - @ConditionalOnSingleCandidate (types: javax.sql.DataSource; SearchStrategy: all) found a single bean 'dataSource' (OnBeanCondition)

   JdbcTemplateConfiguration matched:
      - @ConditionalOnMissingBean (types: org.springframework.jdbc.core.JdbcOperations; SearchStrategy: all) did not find any beans (OnBeanCondition)

   JmxAutoConfiguration matched:
      - @ConditionalOnClass found required class 'org.springframework.jmx.export.MBeanExporter' (OnClassCondition)
      - @ConditionalOnBooleanProperty (spring.jmx.enabled=true) matched (OnPropertyCondition)

   JmxAutoConfiguration#mbeanExporter matched:
      - @ConditionalOnMissingBean (types: org.springframework.jmx.export.MBeanExporter; SearchStrategy: current) did not find any beans (OnBeanCondition)

   JmxAutoConfiguration#mbeanServer matched:
      - @ConditionalOnMissingBean (types: javax.management.MBeanServer; SearchStrategy: all) did not find any beans (OnBeanCondition)

   JmxAutoConfiguration#objectNamingStrategy matched:
      - @ConditionalOnMissingBean (types: org.springframework.jmx.export.naming.ObjectNamingStrategy; SearchStrategy: current) did not find any beans (OnBeanCondition)

   JpaBaseConfiguration#entityManagerFactory matched:
      - @ConditionalOnMissingBean (types: org.springframework.orm.jpa.LocalContainerEntityManagerFactoryBean,jakarta.persistence.EntityManagerFactory; SearchStrategy: all) did not find any beans (OnBeanCondition)

   JpaBaseConfiguration#entityManagerFactoryBuilder matched:
      - @ConditionalOnMissingBean (types: org.springframework.boot.jpa.EntityManagerFactoryBuilder; SearchStrategy: all) did not find any beans (OnBeanCondition)

   JpaBaseConfiguration#jpaVendorAdapter matched:
      - @ConditionalOnMissingBean (types: org.springframework.orm.jpa.JpaVendorAdapter; SearchStrategy: all) did not find any beans (OnBeanCondition)

   JpaBaseConfiguration#transactionManager matched:
      - @ConditionalOnMissingBean (types: org.springframework.transaction.TransactionManager; SearchStrategy: all) did not find any beans (OnBeanCondition)

   JpaBaseConfiguration.JpaWebConfiguration matched:
      - @ConditionalOnClass found required class 'org.springframework.web.servlet.config.annotation.WebMvcConfigurer' (OnClassCondition)
      - found 'session' scope (OnWebApplicationCondition)
      - @ConditionalOnBooleanProperty (spring.jpa.open-in-view=true) matched (OnPropertyCondition)
      - @ConditionalOnMissingBean (types: org.springframework.orm.jpa.support.OpenEntityManagerInViewInterceptor,org.springframework.orm.jpa.support.OpenEntityManagerInViewFilter; SearchStrategy: all) did not find any beans (OnBeanCondition)

   JpaBaseConfiguration.PersistenceManagedTypesConfiguration matched:
      - @ConditionalOnMissingBean (types: org.springframework.orm.jpa.LocalContainerEntityManagerFactoryBean,jakarta.persistence.EntityManagerFactory; SearchStrategy: all) did not find any beans (OnBeanCondition)

   JpaBaseConfiguration.PersistenceManagedTypesConfiguration#persistenceManagedTypes matched:
      - @ConditionalOnMissingBean (types: org.springframework.orm.jpa.persistenceunit.PersistenceManagedTypes; SearchStrategy: all) did not find any beans (OnBeanCondition)

   JtaAutoConfiguration matched:
      - @ConditionalOnClass found required class 'jakarta.transaction.Transaction' (OnClassCondition)
      - @ConditionalOnBooleanProperty (spring.jta.enabled=true) matched (OnPropertyCondition)

   LifecycleAutoConfiguration#defaultLifecycleProcessor matched:
      - @ConditionalOnMissingBean (names: lifecycleProcessor; SearchStrategy: current) did not find any beans (OnBeanCondition)

   MultipartAutoConfiguration matched:
      - @ConditionalOnClass found required classes 'jakarta.servlet.Servlet', 'org.springframework.web.multipart.support.StandardServletMultipartResolver', 'jakarta.servlet.MultipartConfigElement' (OnClassCondition)
      - found 'session' scope (OnWebApplicationCondition)
      - @ConditionalOnBooleanProperty (spring.servlet.multipart.enabled=true) matched (OnPropertyCondition)

   MultipartAutoConfiguration#multipartConfigElement matched:
      - @ConditionalOnMissingBean (types: jakarta.servlet.MultipartConfigElement; SearchStrategy: all) did not find any beans (OnBeanCondition)

   MultipartAutoConfiguration#multipartResolver matched:
      - @ConditionalOnMissingBean (types: org.springframework.web.multipart.MultipartResolver; SearchStrategy: all) did not find any beans (OnBeanCondition)

   MybatisAutoConfiguration matched:
      - @ConditionalOnClass found required classes 'org.apache.ibatis.session.SqlSessionFactory', 'org.mybatis.spring.SqlSessionFactoryBean' (OnClassCondition)
      - @ConditionalOnSingleCandidate (types: javax.sql.DataSource; SearchStrategy: all) found a single bean 'dataSource' (OnBeanCondition)

   MybatisAutoConfiguration#sqlSessionFactory matched:
      - @ConditionalOnMissingBean (types: org.apache.ibatis.session.SqlSessionFactory; SearchStrategy: all) did not find any beans (OnBeanCondition)

   MybatisAutoConfiguration#sqlSessionTemplate matched:
      - @ConditionalOnMissingBean (types: org.mybatis.spring.SqlSessionTemplate; SearchStrategy: all) did not find any beans (OnBeanCondition)

   MybatisAutoConfiguration.MapperScannerRegistrarNotFoundConfiguration matched:
      - @ConditionalOnMissingBean (types: org.mybatis.spring.mapper.MapperFactoryBean,org.mybatis.spring.mapper.MapperScannerConfigurer; SearchStrategy: all) did not find any beans (OnBeanCondition)

   MybatisLanguageDriverAutoConfiguration matched:
      - @ConditionalOnClass found required class 'org.apache.ibatis.scripting.LanguageDriver' (OnClassCondition)

   NamedParameterJdbcTemplateConfiguration matched:
      - @ConditionalOnSingleCandidate (types: org.springframework.jdbc.core.JdbcTemplate; SearchStrategy: all) found a single bean 'jdbcTemplate'; @ConditionalOnMissingBean (types: org.springframework.jdbc.core.namedparam.NamedParameterJdbcOperations; SearchStrategy: all) did not find any beans (OnBeanCondition)

   PersistenceExceptionTranslationAutoConfiguration matched:
      - @ConditionalOnClass found required class 'org.springframework.dao.annotation.PersistenceExceptionTranslationPostProcessor' (OnClassCondition)

   PersistenceExceptionTranslationAutoConfiguration#persistenceExceptionTranslationPostProcessor matched:
      - @ConditionalOnBooleanProperty (spring.persistence.exceptiontranslation.enabled=true) matched (OnPropertyCondition)
      - @ConditionalOnMissingBean (types: org.springframework.dao.annotation.PersistenceExceptionTranslationPostProcessor; SearchStrategy: all) did not find any beans (OnBeanCondition)

   PropertyPlaceholderAutoConfiguration#propertySourcesPlaceholderConfigurer matched:
      - @ConditionalOnMissingBean (types: org.springframework.context.support.PropertySourcesPlaceholderConfigurer; SearchStrategy: current) did not find any beans (OnBeanCondition)

   SpringApplicationAdminJmxAutoConfiguration matched:
      - @ConditionalOnBooleanProperty (spring.application.admin.enabled=true) matched (OnPropertyCondition)

   SpringApplicationAdminJmxAutoConfiguration#springApplicationAdminRegistrar matched:
      - @ConditionalOnMissingBean (types: org.springframework.boot.admin.SpringApplicationAdminMXBeanRegistrar; SearchStrategy: all) did not find any beans (OnBeanCondition)

   SslAutoConfiguration#sslBundleRegistry matched:
      - @ConditionalOnMissingBean (types: org.springframework.boot.ssl.SslBundleRegistry,org.springframework.boot.ssl.SslBundles; SearchStrategy: all) did not find any beans (OnBeanCondition)

   TaskExecutionAutoConfiguration matched:
      - @ConditionalOnClass found required class 'org.springframework.scheduling.concurrent.ThreadPoolTaskExecutor' (OnClassCondition)

   TaskExecutorConfigurations.AsyncConfigurerConfiguration matched:
      - @ConditionalOnMissingBean (types: org.springframework.scheduling.annotation.AsyncConfigurer; SearchStrategy: all) did not find any beans (OnBeanCondition)

   TaskExecutorConfigurations.SimpleAsyncTaskExecutorBuilderConfiguration#simpleAsyncTaskExecutorBuilder matched:
      - @ConditionalOnMissingBean (types: org.springframework.boot.task.SimpleAsyncTaskExecutorBuilder; SearchStrategy: all) did not find any beans (OnBeanCondition)
      - @ConditionalOnThreading found PLATFORM (OnThreadingCondition)

   TaskExecutorConfigurations.TaskExecutorConfiguration matched:
      - AnyNestedCondition 1 matched 1 did not; NestedCondition on TaskExecutorConfigurations.OnExecutorCondition.ModelCondition @ConditionalOnProperty (spring.task.execution.mode=force) did not find property 'spring.task.execution.mode'; NestedCondition on TaskExecutorConfigurations.OnExecutorCondition.ExecutorBeanCondition @ConditionalOnMissingBean (types: java.util.concurrent.Executor; SearchStrategy: all) did not find any beans (TaskExecutorConfigurations.OnExecutorCondition)

   TaskExecutorConfigurations.TaskExecutorConfiguration#applicationTaskExecutor matched:
      - @ConditionalOnThreading found PLATFORM (OnThreadingCondition)

   TaskExecutorConfigurations.ThreadPoolTaskExecutorBuilderConfiguration#threadPoolTaskExecutorBuilder matched:
      - @ConditionalOnMissingBean (types: org.springframework.boot.task.ThreadPoolTaskExecutorBuilder; SearchStrategy: all) did not find any beans (OnBeanCondition)

   TaskSchedulingAutoConfiguration matched:
      - @ConditionalOnClass found required class 'org.springframework.scheduling.concurrent.ThreadPoolTaskScheduler' (OnClassCondition)

   TaskSchedulingConfigurations.SimpleAsyncTaskSchedulerBuilderConfiguration#simpleAsyncTaskSchedulerBuilder matched:
      - @ConditionalOnMissingBean (types: org.springframework.boot.task.SimpleAsyncTaskSchedulerBuilder; SearchStrategy: all) did not find any beans (OnBeanCondition)
      - @ConditionalOnThreading found PLATFORM (OnThreadingCondition)

   TaskSchedulingConfigurations.ThreadPoolTaskSchedulerBuilderConfiguration#threadPoolTaskSchedulerBuilder matched:
      - @ConditionalOnMissingBean (types: org.springframework.boot.task.ThreadPoolTaskSchedulerBuilder; SearchStrategy: all) did not find any beans (OnBeanCondition)

   TomcatServletWebServerAutoConfiguration matched:
      - @ConditionalOnClass found required classes 'jakarta.servlet.ServletRequest', 'org.apache.catalina.startup.Tomcat', 'org.apache.coyote.UpgradeProtocol', 'org.springframework.boot.tomcat.servlet.TomcatServletWebServerFactory' (OnClassCondition)
      - found 'session' scope (OnWebApplicationCondition)

   TomcatServletWebServerAutoConfiguration#tomcatServletWebServerFactory matched:
      - @ConditionalOnMissingBean (types: org.springframework.boot.web.server.servlet.ServletWebServerFactory; SearchStrategy: current) did not find any beans (OnBeanCondition)

   TomcatWebServerConfiguration matched:
      - @ConditionalOnWarDeployment the application is not deployed as a WAR file. (OnWarDeploymentCondition)

   TomcatWebServerConfiguration.TomcatWebSocketConfiguration matched:
      - @ConditionalOnClass found required class 'org.apache.tomcat.websocket.server.WsSci' (OnClassCondition)

   TransactionAutoConfiguration matched:
      - @ConditionalOnClass found required class 'org.springframework.transaction.PlatformTransactionManager' (OnClassCondition)

   TransactionAutoConfiguration.EnableTransactionManagementConfiguration matched:
      - @ConditionalOnBean (types: org.springframework.transaction.TransactionManager; SearchStrategy: all) found bean 'transactionManager'; @ConditionalOnMissingBean (types: org.springframework.transaction.annotation.AbstractTransactionManagementConfiguration; SearchStrategy: all) did not find any beans (OnBeanCondition)

   TransactionAutoConfiguration.EnableTransactionManagementConfiguration.CglibAutoProxyConfiguration matched:
      - @ConditionalOnBooleanProperty (spring.aop.proxy-target-class=true) matched (OnPropertyCondition)

   TransactionAutoConfiguration.TransactionTemplateConfiguration matched:
      - @ConditionalOnSingleCandidate (types: org.springframework.transaction.PlatformTransactionManager; SearchStrategy: all) found a single bean 'transactionManager' (OnBeanCondition)

   TransactionAutoConfiguration.TransactionTemplateConfiguration#transactionTemplate matched:
      - @ConditionalOnMissingBean (types: org.springframework.transaction.support.TransactionOperations; SearchStrategy: all) did not find any beans (OnBeanCondition)

   TransactionManagerCustomizationAutoConfiguration matched:
      - @ConditionalOnClass found required class 'org.springframework.transaction.PlatformTransactionManager' (OnClassCondition)

   TransactionManagerCustomizationAutoConfiguration#platformTransactionManagerCustomizers matched:
      - @ConditionalOnMissingBean (types: org.springframework.boot.transaction.autoconfigure.TransactionManagerCustomizers; SearchStrategy: all) did not find any beans (OnBeanCondition)

   WebMvcAutoConfiguration matched:
      - @ConditionalOnClass found required classes 'jakarta.servlet.Servlet', 'org.springframework.web.servlet.DispatcherServlet', 'org.springframework.web.servlet.config.annotation.WebMvcConfigurer' (OnClassCondition)
      - found 'session' scope (OnWebApplicationCondition)
      - @ConditionalOnMissingBean (types: org.springframework.web.servlet.config.annotation.WebMvcConfigurationSupport; SearchStrategy: all) did not find any beans (OnBeanCondition)

   WebMvcAutoConfiguration#formContentFilter matched:
      - @ConditionalOnBooleanProperty (spring.mvc.formcontent.filter.enabled=true) matched (OnPropertyCondition)
      - @ConditionalOnMissingBean (types: org.springframework.web.filter.FormContentFilter; SearchStrategy: all) did not find any beans (OnBeanCondition)

   WebMvcAutoConfiguration.EnableWebMvcConfiguration#flashMapManager matched:
      - @ConditionalOnMissingBean (names: flashMapManager; SearchStrategy: all) did not find any beans (OnBeanCondition)

   WebMvcAutoConfiguration.EnableWebMvcConfiguration#localeResolver matched:
      - @ConditionalOnMissingBean (names: localeResolver; SearchStrategy: all) did not find any beans (OnBeanCondition)

   WebMvcAutoConfiguration.EnableWebMvcConfiguration#viewNameTranslator matched:
      - @ConditionalOnMissingBean (names: viewNameTranslator; SearchStrategy: all) did not find any beans (OnBeanCondition)

   WebMvcAutoConfiguration.WebMvcAutoConfigurationAdapter#defaultViewResolver matched:
      - @ConditionalOnMissingBean (types: org.springframework.web.servlet.view.InternalResourceViewResolver; SearchStrategy: all) did not find any beans (OnBeanCondition)

   WebMvcAutoConfiguration.WebMvcAutoConfigurationAdapter#requestContextFilter matched:
      - @ConditionalOnMissingBean (types: org.springframework.web.context.request.RequestContextListener,org.springframework.web.filter.RequestContextFilter; SearchStrategy: all) did not find any beans (OnBeanCondition)

   WebMvcAutoConfiguration.WebMvcAutoConfigurationAdapter#viewResolver matched:
      - @ConditionalOnBean (types: org.springframework.web.servlet.ViewResolver; SearchStrategy: all) found beans 'defaultViewResolver', 'beanNameViewResolver', 'mvcViewResolver'; @ConditionalOnMissingBean (names: viewResolver types: org.springframework.web.servlet.view.ContentNegotiatingViewResolver; SearchStrategy: all) did not find any beans (OnBeanCondition)


Negative matches:
-----------------

   AopAutoConfiguration.AspectJAutoProxyingConfiguration.JdkDynamicAutoProxyConfiguration:
      Did not match:
         - @ConditionalOnBooleanProperty (spring.aop.proxy-target-class=false) did not find property 'spring.aop.proxy-target-class' (OnPropertyCondition)

   AopAutoConfiguration.ClassProxyingConfiguration:
      Did not match:
         - @ConditionalOnMissingClass found unwanted class 'org.aspectj.weaver.Advice' (OnClassCondition)

   DataJpaRepositoriesAutoConfiguration#entityManagerFactoryBootstrapExecutorCustomizer:
      Did not match:
         - AnyNestedCondition 0 matched 2 did not; NestedCondition on DataJpaRepositoriesAutoConfiguration.BootstrapExecutorCondition.LazyBootstrapMode @ConditionalOnProperty (spring.data.jpa.repositories.bootstrap-mode=lazy) did not find property 'spring.data.jpa.repositories.bootstrap-mode'; NestedCondition on DataJpaRepositoriesAutoConfiguration.BootstrapExecutorCondition.DeferredBootstrapMode @ConditionalOnProperty (spring.data.jpa.repositories.bootstrap-mode=deferred) did not find property 'spring.data.jpa.repositories.bootstrap-mode' (DataJpaRepositoriesAutoConfiguration.BootstrapExecutorCondition)

   DataRepositoryMetricsAutoConfiguration:
      Did not match:
         - @ConditionalOnBean did not find required type 'io.micrometer.core.instrument.MeterRegistry' (OnBeanCondition)

   DataSourceAutoConfiguration.EmbeddedDatabaseConfiguration:
      Did not match:
         - EmbeddedDataSource spring.datasource.url is set (DataSourceAutoConfiguration.EmbeddedDatabaseCondition)

   DataSourceCheckpointRestoreConfiguration:
      Did not match:
         - @ConditionalOnClass did not find required class 'org.crac.Resource' (OnClassCondition)

   DataSourceConfiguration.Dbcp2:
      Did not match:
         - @ConditionalOnClass did not find required class 'org.apache.commons.dbcp2.BasicDataSource' (OnClassCondition)

   DataSourceConfiguration.Generic:
      Did not match:
         - @ConditionalOnProperty (spring.datasource.type) did not find property 'spring.datasource.type' (OnPropertyCondition)

   DataSourceConfiguration.OracleUcp:
      Did not match:
         - @ConditionalOnClass did not find required classes 'oracle.ucp.jdbc.PoolDataSourceImpl', 'oracle.jdbc.OracleConnection' (OnClassCondition)

   DataSourceConfiguration.Tomcat:
      Did not match:
         - @ConditionalOnClass did not find required class 'org.apache.tomcat.jdbc.pool.DataSource' (OnClassCondition)

   DataSourceHealthContributorAutoConfiguration:
      Did not match:
         - @ConditionalOnClass did not find required class 'org.springframework.boot.health.autoconfigure.contributor.ConditionalOnEnabledHealthIndicator' (OnClassCondition)

   DataSourceJmxConfiguration.TomcatDataSourceJmxConfiguration:
      Did not match:
         - @ConditionalOnClass did not find required class 'org.apache.tomcat.jdbc.pool.DataSourceProxy' (OnClassCondition)

   DataSourcePoolMetadataProvidersConfiguration.CommonsDbcp2PoolDataSourceMetadataProviderConfiguration:
      Did not match:
         - @ConditionalOnClass did not find required class 'org.apache.commons.dbcp2.BasicDataSource' (OnClassCondition)

   DataSourcePoolMetadataProvidersConfiguration.OracleUcpPoolDataSourceMetadataProviderConfiguration:
      Did not match:
         - @ConditionalOnClass did not find required classes 'oracle.ucp.jdbc.PoolDataSource', 'oracle.jdbc.OracleConnection' (OnClassCondition)

   DataSourcePoolMetadataProvidersConfiguration.TomcatDataSourcePoolMetadataProviderConfiguration:
      Did not match:
         - @ConditionalOnClass did not find required class 'org.apache.tomcat.jdbc.pool.DataSource' (OnClassCondition)

   DataSourcePoolMetricsAutoConfiguration:
      Did not match:
         - @ConditionalOnClass did not find required class 'io.micrometer.core.instrument.MeterRegistry' (OnClassCondition)

   DataSourceTransactionManagerAutoConfiguration.JdbcTransactionManagerConfiguration#transactionManager:
      Did not match:
         - @ConditionalOnMissingBean (types: org.springframework.transaction.TransactionManager; SearchStrategy: all) found beans of type 'org.springframework.transaction.TransactionManager' transactionManager (OnBeanCondition)

   DispatcherServletAutoConfiguration.DispatcherServletConfiguration#multipartResolver:
      Did not match:
         - @ConditionalOnBean (types: org.springframework.web.multipart.MultipartResolver; SearchStrategy: all) did not find any beans of type org.springframework.web.multipart.MultipartResolver (OnBeanCondition)

   GsonHttpMessageConvertersConfiguration:
      Did not match:
         - @ConditionalOnClass did not find required class 'com.google.gson.Gson' (OnClassCondition)

   HibernateMetricsAutoConfiguration:
      Did not match:
         - @ConditionalOnClass did not find required class 'io.micrometer.core.instrument.MeterRegistry' (OnClassCondition)

   Jackson2HttpMessageConvertersConfiguration.MappingJackson2HttpMessageConverterConfiguration:
      Did not match:
         - @ConditionalOnClass did not find required class 'com.fasterxml.jackson.databind.ObjectMapper' (OnClassCondition)

   Jackson2HttpMessageConvertersConfiguration.MappingJackson2XmlHttpMessageConverterConfiguration:
      Did not match:
         - @ConditionalOnClass did not find required class 'com.fasterxml.jackson.dataformat.xml.XmlMapper' (OnClassCondition)

   JacksonAutoConfiguration.CborConfiguration:
      Did not match:
         - @ConditionalOnClass did not find required class 'tools.jackson.dataformat.cbor.CBORMapper' (OnClassCondition)

   JacksonAutoConfiguration.XmlConfiguration:
      Did not match:
         - @ConditionalOnClass did not find required class 'tools.jackson.dataformat.xml.XmlMapper' (OnClassCondition)

   JacksonHttpMessageConvertersConfiguration.JacksonXmlHttpMessageConverterConfiguration:
      Did not match:
         - @ConditionalOnClass did not find required class 'tools.jackson.dataformat.xml.XmlMapper' (OnClassCondition)

   JndiDataSourceAutoConfiguration:
      Did not match:
         - @ConditionalOnProperty (spring.datasource.jndi-name) did not find property 'spring.datasource.jndi-name' (OnPropertyCondition)
      Matched:
         - @ConditionalOnClass found required classes 'javax.sql.DataSource', 'org.springframework.jdbc.datasource.embedded.EmbeddedDatabaseType' (OnClassCondition)

   JndiJtaConfiguration:
      Did not match:
         - @ConditionalOnJndi JNDI environment is not available (OnJndiCondition)
      Matched:
         - @ConditionalOnClass found required class 'org.springframework.transaction.jta.JtaTransactionManager' (OnClassCondition)

   JsonbHttpMessageConvertersConfiguration:
      Did not match:
         - @ConditionalOnClass did not find required class 'jakarta.json.bind.Jsonb' (OnClassCondition)

   KotlinSerializationHttpMessageConvertersConfiguration:
      Did not match:
         - @ConditionalOnClass did not find required classes 'kotlinx.serialization.Serializable', 'kotlinx.serialization.json.Json' (OnClassCondition)

   MessageSourceAutoConfiguration:
      Did not match:
         - ResourceBundle did not find bundle with basename messages (MessageSourceAutoConfiguration.ResourceBundleCondition)

   MybatisLanguageDriverAutoConfiguration.FreeMarkerConfiguration:
      Did not match:
         - @ConditionalOnClass did not find required classes 'org.mybatis.scripting.freemarker.FreeMarkerLanguageDriver', 'org.mybatis.scripting.freemarker.FreeMarkerLanguageDriverConfig' (OnClassCondition)

   MybatisLanguageDriverAutoConfiguration.LegacyFreeMarkerConfiguration:
      Did not match:
         - @ConditionalOnClass did not find required class 'org.mybatis.scripting.freemarker.FreeMarkerLanguageDriver' (OnClassCondition)

   MybatisLanguageDriverAutoConfiguration.LegacyVelocityConfiguration:
      Did not match:
         - @ConditionalOnClass did not find required class 'org.mybatis.scripting.velocity.Driver' (OnClassCondition)

   MybatisLanguageDriverAutoConfiguration.ThymeleafConfiguration:
      Did not match:
         - @ConditionalOnClass did not find required class 'org.mybatis.scripting.thymeleaf.ThymeleafLanguageDriver' (OnClassCondition)

   MybatisLanguageDriverAutoConfiguration.VelocityConfiguration:
      Did not match:
         - @ConditionalOnClass did not find required classes 'org.mybatis.scripting.velocity.VelocityLanguageDriver', 'org.mybatis.scripting.velocity.VelocityLanguageDriverConfig' (OnClassCondition)

   ProjectInfoAutoConfiguration#buildProperties:
      Did not match:
         - @ConditionalOnResource did not find resource '${spring.info.build.location:classpath:META-INF/build-info.properties}' (OnResourceCondition)

   ProjectInfoAutoConfiguration#gitProperties:
      Did not match:
         - GitResource did not find git info at classpath:git.properties (ProjectInfoAutoConfiguration.GitResourceAvailableCondition)

   ServletHttpExchangesAutoConfiguration:
      Did not match:
         - @ConditionalOnBean did not find required type 'org.springframework.boot.actuate.web.exchanges.HttpExchangeRepository' (OnBeanCondition)

   ServletManagementContextAutoConfiguration:
      Did not match:
         - @ConditionalOnClass did not find required class 'org.springframework.boot.actuate.autoconfigure.endpoint.web.WebEndpointProperties' (OnClassCondition)

   ServletMappingsAutoConfiguration:
      Did not match:
         - @ConditionalOnClass did not find required class 'org.springframework.boot.actuate.autoconfigure.endpoint.condition.ConditionalOnAvailableEndpoint' (OnClassCondition)

   ServletWebServerConfiguration#forwardedHeaderFilter:
      Did not match:
         - @ConditionalOnProperty (server.forward-headers-strategy=framework) did not find property 'server.forward-headers-strategy' (OnPropertyCondition)

   TaskExecutorConfigurations.AsyncConfigurerWrapperConfiguration:
      Did not match:
         - @ConditionalOnBean (types: org.springframework.scheduling.annotation.AsyncConfigurer; SearchStrategy: all) did not find any beans of type org.springframework.scheduling.annotation.AsyncConfigurer (OnBeanCondition)

   TaskExecutorConfigurations.SimpleAsyncTaskExecutorBuilderConfiguration#simpleAsyncTaskExecutorBuilderVirtualThreads:
      Did not match:
         - @ConditionalOnMissingBean (types: org.springframework.boot.task.SimpleAsyncTaskExecutorBuilder; SearchStrategy: all) found beans of type 'org.springframework.boot.task.SimpleAsyncTaskExecutorBuilder' simpleAsyncTaskExecutorBuilder (OnBeanCondition)

   TaskExecutorConfigurations.TaskExecutorConfiguration#applicationTaskExecutorVirtualThreads:
      Did not match:
         - @ConditionalOnThreading did not find VIRTUAL (OnThreadingCondition)

   TaskSchedulingAutoConfiguration#scheduledBeanLazyInitializationExcludeFilter:
      Did not match:
         - @ConditionalOnBean (names: org.springframework.scheduling.config.internalScheduledAnnotationProcessor; SearchStrategy: all) did not find any beans named org.springframework.scheduling.config.internalScheduledAnnotationProcessor (OnBeanCondition)

   TaskSchedulingConfigurations.SimpleAsyncTaskSchedulerBuilderConfiguration#simpleAsyncTaskSchedulerBuilderVirtualThreads:
      Did not match:
         - @ConditionalOnMissingBean (types: org.springframework.boot.task.SimpleAsyncTaskSchedulerBuilder; SearchStrategy: all) found beans of type 'org.springframework.boot.task.SimpleAsyncTaskSchedulerBuilder' simpleAsyncTaskSchedulerBuilder (OnBeanCondition)

   TaskSchedulingConfigurations.TaskSchedulerConfiguration:
      Did not match:
         - @ConditionalOnBean (names: org.springframework.scheduling.config.internalScheduledAnnotationProcessor; SearchStrategy: all) did not find any beans named org.springframework.scheduling.config.internalScheduledAnnotationProcessor (OnBeanCondition)

   TomcatMetricsAutoConfiguration:
      Did not match:
         - @ConditionalOnClass did not find required class 'io.micrometer.core.instrument.binder.tomcat.TomcatMetrics' (OnClassCondition)

   TomcatReactiveManagementContextAutoConfiguration:
      Did not match:
         - @ConditionalOnClass did not find required class 'org.springframework.boot.actuate.autoconfigure.web.server.ManagementContextFactory' (OnClassCondition)

   TomcatReactiveWebServerAutoConfiguration:
      Did not match:
         - @ConditionalOnWebApplication did not find reactive web application classes (OnWebApplicationCondition)

   TomcatServletManagementContextAutoConfiguration:
      Did not match:
         - @ConditionalOnClass did not find required class 'org.springframework.boot.actuate.autoconfigure.web.server.ManagementContextFactory' (OnClassCondition)

   TomcatServletWebServerAutoConfiguration#tomcatForwardedHeaderFilterCustomizer:
      Did not match:
         - @ConditionalOnProperty (server.forward-headers-strategy=framework) did not find property 'server.forward-headers-strategy' (OnPropertyCondition)

   TomcatWebServerConfiguration#tomcatVirtualThreadsProtocolHandlerCustomizer:
      Did not match:
         - @ConditionalOnThreading did not find VIRTUAL (OnThreadingCondition)

   TransactionAutoConfiguration#transactionalOperator:
      Did not match:
         - @ConditionalOnSingleCandidate (types: org.springframework.transaction.ReactiveTransactionManager; SearchStrategy: all) did not find any beans (OnBeanCondition)

   TransactionAutoConfiguration.AspectJTransactionManagementConfiguration:
      Did not match:
         - @ConditionalOnBean (types: org.springframework.transaction.aspectj.AbstractTransactionAspect; SearchStrategy: all) did not find any beans of type org.springframework.transaction.aspectj.AbstractTransactionAspect (OnBeanCondition)

   TransactionAutoConfiguration.EnableTransactionManagementConfiguration.JdkDynamicAutoProxyConfiguration:
      Did not match:
         - @ConditionalOnBooleanProperty (spring.aop.proxy-target-class=false) did not find property 'spring.aop.proxy-target-class' (OnPropertyCondition)

   WebMvcAutoConfiguration#hiddenHttpMethodFilter:
      Did not match:
         - @ConditionalOnBooleanProperty (spring.mvc.hiddenmethod.filter.enabled=true) did not find property 'spring.mvc.hiddenmethod.filter.enabled' (OnPropertyCondition)

   WebMvcAutoConfiguration.ProblemDetailsErrorHandlingConfiguration:
      Did not match:
         - @ConditionalOnBooleanProperty (spring.mvc.problemdetails.enabled=true) did not find property 'spring.mvc.problemdetails.enabled' (OnPropertyCondition)

   WebMvcAutoConfiguration.ResourceChainCustomizerConfiguration:
      Did not match:
         - @ConditionalOnEnabledResourceChain did not find class org.webjars.WebJarVersionLocator (OnEnabledResourceChainCondition)

   WebMvcAutoConfiguration.WebMvcAutoConfigurationAdapter#beanNameViewResolver:
      Did not match:
         - @ConditionalOnMissingBean (types: org.springframework.web.servlet.view.BeanNameViewResolver; SearchStrategy: all) found beans of type 'org.springframework.web.servlet.view.BeanNameViewResolver' beanNameViewResolver (OnBeanCondition)

   WebMvcHealthEndpointExtensionAutoConfiguration:
      Did not match:
         - @ConditionalOnClass did not find required class 'org.springframework.boot.health.actuate.endpoint.HealthEndpoint' (OnClassCondition)

   WebMvcMappingsAutoConfiguration:
      Did not match:
         - @ConditionalOnClass did not find required class 'org.springframework.boot.actuate.autoconfigure.endpoint.condition.ConditionalOnAvailableEndpoint' (OnClassCondition)

   WebMvcObservationAutoConfiguration:
      Did not match:
         - @ConditionalOnClass did not find required class 'org.springframework.boot.micrometer.observation.autoconfigure.ObservationProperties' (OnClassCondition)

   XADataSourceAutoConfiguration:
      Did not match:
         - @ConditionalOnBean (types: org.springframework.boot.jdbc.XADataSourceWrapper; SearchStrategy: all) did not find any beans of type org.springframework.boot.jdbc.XADataSourceWrapper (OnBeanCondition)
      Matched:
         - @ConditionalOnClass found required classes 'javax.sql.DataSource', 'jakarta.transaction.TransactionManager', 'org.springframework.jdbc.datasource.embedded.EmbeddedDatabaseType' (OnClassCondition)


Exclusions:
-----------

    None


Unconditional classes:
----------------------

    org.springframework.boot.autoconfigure.context.ConfigurationPropertiesAutoConfiguration

    org.springframework.boot.autoconfigure.ssl.SslAutoConfiguration

    org.springframework.boot.autoconfigure.context.LifecycleAutoConfiguration

    org.springframework.boot.autoconfigure.context.PropertyPlaceholderAutoConfiguration

    org.springframework.boot.autoconfigure.availability.ApplicationAvailabilityAutoConfiguration

    org.springframework.boot.autoconfigure.info.ProjectInfoAutoConfiguration



2026-06-07 22:51:48 ERROR org.springframework.boot.SpringApplication - Application run failed
org.springframework.beans.factory.BeanCreationException: Error creating bean with name 'entityManagerFactory' defined in class path resource [org/springframework/boot/hibernate/autoconfigure/HibernateJpaConfiguration.class]: Unable to create requested service [org.hibernate.engine.jdbc.env.spi.JdbcEnvironment] due to: Unable to determine Dialect without JDBC metadata (please set 'jakarta.persistence.jdbc.url' for common cases or 'hibernate.dialect' when a custom Dialect implementation must be provided)
	at org.springframework.beans.factory.support.AbstractAutowireCapableBeanFactory.initializeBean(AbstractAutowireCapableBeanFactory.java:1817)
	at org.springframework.beans.factory.support.AbstractAutowireCapableBeanFactory.doCreateBean(AbstractAutowireCapableBeanFactory.java:603)
	at org.springframework.beans.factory.support.AbstractAutowireCapableBeanFactory.createBean(AbstractAutowireCapableBeanFactory.java:525)
	at org.springframework.beans.factory.support.AbstractBeanFactory.lambda$doGetBean$0(AbstractBeanFactory.java:333)
	at org.springframework.beans.factory.support.DefaultSingletonBeanRegistry.getSingleton(DefaultSingletonBeanRegistry.java:371)
	at org.springframework.beans.factory.support.AbstractBeanFactory.doGetBean(AbstractBeanFactory.java:331)
	at org.springframework.beans.factory.support.AbstractBeanFactory.getBean(AbstractBeanFactory.java:201)
	at org.springframework.context.support.AbstractApplicationContext.finishBeanFactoryInitialization(AbstractApplicationContext.java:977)
	at org.springframework.context.support.AbstractApplicationContext.refresh(AbstractApplicationContext.java:621)
	at org.springframework.boot.web.server.servlet.context.ServletWebServerApplicationContext.refresh(ServletWebServerApplicationContext.java:143)
	at org.springframework.boot.SpringApplication.refresh(SpringApplication.java:756)
	at org.springframework.boot.SpringApplication.refreshContext(SpringApplication.java:445)
	at org.springframework.boot.SpringApplication.run(SpringApplication.java:321)
	at org.springframework.boot.SpringApplication.run(SpringApplication.java:1365)
	at org.springframework.boot.SpringApplication.run(SpringApplication.java:1354)
	at com.pup.taguig.app.OrderManagementApplication.main(OrderManagementApplication.java:10)
Caused by: org.hibernate.service.spi.ServiceException: Unable to create requested service [org.hibernate.engine.jdbc.env.spi.JdbcEnvironment] due to: Unable to determine Dialect without JDBC metadata (please set 'jakarta.persistence.jdbc.url' for common cases or 'hibernate.dialect' when a custom Dialect implementation must be provided)
	at org.hibernate.service.internal.AbstractServiceRegistryImpl.createService(AbstractServiceRegistryImpl.java:273)
	at org.hibernate.service.internal.AbstractServiceRegistryImpl.initializeService(AbstractServiceRegistryImpl.java:235)
	at org.hibernate.service.internal.AbstractServiceRegistryImpl.getService(AbstractServiceRegistryImpl.java:212)
	at org.hibernate.boot.model.relational.Database.<init>(Database.java:44)
	at org.hibernate.boot.internal.InFlightMetadataCollectorImpl.getDatabase(InFlightMetadataCollectorImpl.java:251)
	at org.hibernate.boot.internal.InFlightMetadataCollectorImpl.<init>(InFlightMetadataCollectorImpl.java:203)
	at org.hibernate.boot.model.process.spi.MetadataBuildingProcess.complete(MetadataBuildingProcess.java:172)
	at org.hibernate.jpa.boot.internal.EntityManagerFactoryBuilderImpl.metadata(EntityManagerFactoryBuilderImpl.java:1392)
	at org.hibernate.jpa.boot.internal.EntityManagerFactoryBuilderImpl.populateSessionFactoryBuilder(EntityManagerFactoryBuilderImpl.java:1472)
	at org.hibernate.jpa.boot.internal.EntityManagerFactoryBuilderImpl.build(EntityManagerFactoryBuilderImpl.java:1454)
	at org.springframework.orm.jpa.vendor.SpringHibernateJpaPersistenceProvider.createContainerEntityManagerFactory(SpringHibernateJpaPersistenceProvider.java:93)
	at org.springframework.orm.jpa.LocalContainerEntityManagerFactoryBean.createNativeEntityManagerFactory(LocalContainerEntityManagerFactoryBean.java:443)
	at org.springframework.orm.jpa.AbstractEntityManagerFactoryBean.buildNativeEntityManagerFactory(AbstractEntityManagerFactoryBean.java:436)
	at org.springframework.orm.jpa.AbstractEntityManagerFactoryBean.afterPropertiesSet(AbstractEntityManagerFactoryBean.java:411)
	at org.springframework.orm.jpa.LocalContainerEntityManagerFactoryBean.afterPropertiesSet(LocalContainerEntityManagerFactoryBean.java:419)
	at org.springframework.beans.factory.support.AbstractAutowireCapableBeanFactory.invokeInitMethods(AbstractAutowireCapableBeanFactory.java:1864)
	at org.springframework.beans.factory.support.AbstractAutowireCapableBeanFactory.initializeBean(AbstractAutowireCapableBeanFactory.java:1813)
	... 15 more
Caused by: org.hibernate.HibernateException: Unable to determine Dialect without JDBC metadata (please set 'jakarta.persistence.jdbc.url' for common cases or 'hibernate.dialect' when a custom Dialect implementation must be provided)
	at org.hibernate.engine.jdbc.dialect.internal.DialectFactoryImpl.determineDialect(DialectFactoryImpl.java:190)
	at org.hibernate.engine.jdbc.dialect.internal.DialectFactoryImpl.buildDialect(DialectFactoryImpl.java:86)
	at org.hibernate.engine.jdbc.env.internal.JdbcEnvironmentInitiator.getJdbcEnvironmentWithDefaults(JdbcEnvironmentInitiator.java:200)
	at org.hibernate.engine.jdbc.env.internal.JdbcEnvironmentInitiator.getJdbcEnvironmentUsingJdbcMetadata(JdbcEnvironmentInitiator.java:452)
	at org.hibernate.engine.jdbc.env.internal.JdbcEnvironmentInitiator.getJdbcEnvironment(JdbcEnvironmentInitiator.java:143)
	at org.hibernate.engine.jdbc.env.internal.JdbcEnvironmentInitiator.initiateService(JdbcEnvironmentInitiator.java:120)
	at org.hibernate.engine.jdbc.env.internal.JdbcEnvironmentInitiator.initiateService(JdbcEnvironmentInitiator.java:80)
	at org.hibernate.boot.registry.internal.StandardServiceRegistryImpl.initiateService(StandardServiceRegistryImpl.java:133)
	at org.hibernate.service.internal.AbstractServiceRegistryImpl.createService(AbstractServiceRegistryImpl.java:260)
	... 31 more
2026-06-07 22:55:18 DEBUG org.springframework.core.env.PropertySourcesPropertyResolver - Found key 'spring.application.name' in PropertySource 'configurationProperties' with value of type String
2026-06-07 22:55:18 INFO  com.pup.taguig.app.OrderManagementApplication - Starting OrderManagementApplication using Java 23.0.2 with PID 57249 (/Users/aronstephencordova/eclipse-workspace/OrderManagement/target/classes started by aronstephencordova in /Users/aronstephencordova/eclipse-workspace/OrderManagement)
2026-06-07 22:55:18 DEBUG com.pup.taguig.app.OrderManagementApplication - Running with Spring Boot v4.0.6, Spring v7.0.7
2026-06-07 22:55:18 INFO  com.pup.taguig.app.OrderManagementApplication - No active profile set, falling back to 1 default profile: "default"
2026-06-07 22:55:18 DEBUG org.springframework.boot.SpringApplication - Loading source class com.pup.taguig.app.OrderManagementApplication
2026-06-07 22:55:18 DEBUG org.springframework.boot.web.server.servlet.context.AnnotationConfigServletWebServerApplicationContext - Refreshing org.springframework.boot.web.server.servlet.context.AnnotationConfigServletWebServerApplicationContext@372b0d86
2026-06-07 22:55:18 DEBUG org.springframework.beans.factory.support.DefaultListableBeanFactory - Creating shared instance of singleton bean 'org.springframework.context.annotation.internalConfigurationAnnotationProcessor'
2026-06-07 22:55:18 DEBUG org.springframework.beans.factory.support.DefaultListableBeanFactory - Creating shared instance of singleton bean 'org.springframework.boot.autoconfigure.internalCachingMetadataReaderFactory'
2026-06-07 22:55:18 DEBUG org.springframework.beans.factory.support.DefaultListableBeanFactory - Creating shared instance of singleton bean 'org.springframework.boot.autoconfigure.AutoConfigurationPackages'
2026-06-07 22:55:18 DEBUG org.springframework.boot.autoconfigure.AutoConfigurationPackages - @EnableAutoConfiguration was declared on a class in the package 'com.pup.taguig.app'. Automatic @Repository and @Entity scanning is enabled.
2026-06-07 22:55:18 DEBUG org.mybatis.spring.boot.autoconfigure.MybatisAutoConfiguration - Searching for mappers annotated with @Mapper
2026-06-07 22:55:18 DEBUG org.mybatis.spring.boot.autoconfigure.MybatisAutoConfiguration - Using auto-configuration base package 'com.pup.taguig.app'
2026-06-07 22:55:18 INFO  org.springframework.data.repository.config.RepositoryConfigurationDelegate - Bootstrapping Spring Data JPA repositories in DEFAULT mode.
2026-06-07 22:55:18 DEBUG org.springframework.data.repository.config.RepositoryConfigurationDelegate - Scanning for JPA repositories in packages com.pup.taguig.app.
2026-06-07 22:55:18 INFO  org.springframework.data.repository.config.RepositoryConfigurationDelegate - Finished Spring Data repository scanning in 2 ms. Found 0 JPA repository interfaces.
2026-06-07 22:55:18 DEBUG org.springframework.beans.factory.support.DefaultListableBeanFactory - Creating shared instance of singleton bean 'org.mybatis.spring.mapper.MapperScannerConfigurer'
2026-06-07 22:55:18 DEBUG org.springframework.beans.factory.support.DefaultListableBeanFactory - Creating shared instance of singleton bean 'propertySourcesPlaceholderConfigurer'
2026-06-07 22:55:18 DEBUG org.apache.ibatis.logging.LogFactory - Logging initialized using 'class org.apache.ibatis.logging.slf4j.Slf4jImpl' adapter.
2026-06-07 22:55:18 WARN  org.mybatis.spring.mapper.ClassPathMapperScanner - No MyBatis mapper was found in '[com.pup.taguig.app]' package. Please check your configuration.
2026-06-07 22:55:18 DEBUG org.springframework.beans.factory.support.DefaultListableBeanFactory - Creating shared instance of singleton bean 'org.springframework.boot.sql.init.dependency.DatabaseInitializationDependencyConfigurer$DependsOnDatabaseInitializationPostProcessor'
2026-06-07 22:55:18 DEBUG org.springframework.beans.factory.support.DefaultListableBeanFactory - Creating shared instance of singleton bean 'org.springframework.context.event.internalEventListenerProcessor'
2026-06-07 22:55:18 DEBUG org.springframework.beans.factory.support.DefaultListableBeanFactory - Creating shared instance of singleton bean 'bootstrapExecutorAliasPostProcessor'
2026-06-07 22:55:18 DEBUG org.springframework.beans.factory.support.DefaultListableBeanFactory - Creating shared instance of singleton bean 'preserveErrorControllerTargetClassPostProcessor'
2026-06-07 22:55:18 DEBUG org.springframework.beans.factory.support.DefaultListableBeanFactory - Creating shared instance of singleton bean 'org.springframework.context.event.internalEventListenerFactory'
2026-06-07 22:55:18 DEBUG org.springframework.beans.factory.support.DefaultListableBeanFactory - Creating shared instance of singleton bean 'org.springframework.transaction.config.internalTransactionalEventListenerFactory'
2026-06-07 22:55:18 DEBUG org.springframework.beans.factory.support.DefaultListableBeanFactory - Creating shared instance of singleton bean 'org.springframework.context.annotation.internalAutowiredAnnotationProcessor'
2026-06-07 22:55:18 DEBUG org.springframework.beans.factory.support.DefaultListableBeanFactory - Creating shared instance of singleton bean 'org.springframework.context.annotation.internalCommonAnnotationProcessor'
2026-06-07 22:55:18 DEBUG org.springframework.beans.factory.support.DefaultListableBeanFactory - Creating shared instance of singleton bean 'org.springframework.context.annotation.internalPersistenceAnnotationProcessor'
2026-06-07 22:55:18 DEBUG org.springframework.beans.factory.support.DefaultListableBeanFactory - Creating shared instance of singleton bean 'org.springframework.boot.context.properties.ConfigurationPropertiesBindingPostProcessor'
2026-06-07 22:55:18 DEBUG org.springframework.beans.factory.support.DefaultListableBeanFactory - Creating shared instance of singleton bean 'org.springframework.boot.context.internalConfigurationPropertiesBinder'
2026-06-07 22:55:18 DEBUG org.springframework.beans.factory.support.DefaultListableBeanFactory - Creating shared instance of singleton bean 'jdbcConnectionDetailsHikariBeanPostProcessor'
2026-06-07 22:55:18 DEBUG org.springframework.beans.factory.support.DefaultListableBeanFactory - Creating shared instance of singleton bean 'org.springframework.aop.config.internalAutoProxyCreator'
2026-06-07 22:55:18 DEBUG org.springframework.beans.factory.support.DefaultListableBeanFactory - Creating shared instance of singleton bean 'org.springframework.aop.framework.autoproxy.defaultProxyConfig'
2026-06-07 22:55:18 DEBUG org.springframework.beans.factory.support.DefaultListableBeanFactory - Creating shared instance of singleton bean 'persistenceExceptionTranslationPostProcessor'
2026-06-07 22:55:18 DEBUG org.springframework.beans.factory.support.DefaultListableBeanFactory - Autowiring by type from bean name 'persistenceExceptionTranslationPostProcessor' via factory method to bean named 'environment'
2026-06-07 22:55:18 DEBUG org.springframework.beans.factory.support.DefaultListableBeanFactory - Creating shared instance of singleton bean 'projectingArgumentResolverBeanPostProcessor'
2026-06-07 22:55:18 DEBUG org.springframework.beans.factory.support.DefaultListableBeanFactory - Creating shared instance of singleton bean 'org.springframework.transaction.config.internalTransactionAdvisor'
2026-06-07 22:55:18 DEBUG org.springframework.beans.factory.support.DefaultListableBeanFactory - Creating shared instance of singleton bean 'org.springframework.transaction.annotation.ProxyTransactionManagementConfiguration'
2026-06-07 22:55:18 DEBUG org.springframework.beans.factory.support.DefaultListableBeanFactory - Creating shared instance of singleton bean 'transactionAttributeSource'
2026-06-07 22:55:18 DEBUG org.springframework.beans.factory.support.DefaultListableBeanFactory - Creating shared instance of singleton bean 'transactionInterceptor'
2026-06-07 22:55:18 DEBUG org.springframework.beans.factory.support.DefaultListableBeanFactory - Autowiring by type from bean name 'transactionInterceptor' via factory method to bean named 'transactionAttributeSource'
2026-06-07 22:55:18 DEBUG org.springframework.beans.factory.support.DefaultListableBeanFactory - Autowiring by type from bean name 'org.springframework.transaction.config.internalTransactionAdvisor' via factory method to bean named 'transactionAttributeSource'
2026-06-07 22:55:18 DEBUG org.springframework.beans.factory.support.DefaultListableBeanFactory - Autowiring by type from bean name 'org.springframework.transaction.config.internalTransactionAdvisor' via factory method to bean named 'transactionInterceptor'
2026-06-07 22:55:18 DEBUG org.springframework.beans.factory.support.DefaultListableBeanFactory - Creating shared instance of singleton bean 'webServerFactoryCustomizerBeanPostProcessor'
2026-06-07 22:55:18 DEBUG org.springframework.beans.factory.support.DefaultListableBeanFactory - Creating shared instance of singleton bean 'errorPageRegistrarBeanPostProcessor'
2026-06-07 22:55:18 DEBUG org.springframework.beans.factory.support.DefaultListableBeanFactory - Creating shared instance of singleton bean 'tomcatServletWebServerFactory'
2026-06-07 22:55:18 DEBUG org.springframework.beans.factory.support.DefaultListableBeanFactory - Creating shared instance of singleton bean 'org.springframework.boot.tomcat.autoconfigure.servlet.TomcatServletWebServerAutoConfiguration'
2026-06-07 22:55:18 DEBUG org.springframework.beans.factory.support.DefaultListableBeanFactory - Creating shared instance of singleton bean 'server.tomcat-org.springframework.boot.tomcat.autoconfigure.TomcatServerProperties'
2026-06-07 22:55:18 DEBUG org.springframework.beans.factory.support.DefaultListableBeanFactory - Creating shared instance of singleton bean 'org.springframework.boot.context.properties.BoundConfigurationProperties'
2026-06-07 22:55:18 DEBUG org.springframework.beans.factory.support.DefaultListableBeanFactory - Autowiring by type from bean name 'org.springframework.boot.tomcat.autoconfigure.servlet.TomcatServletWebServerAutoConfiguration' via constructor to bean named 'server.tomcat-org.springframework.boot.tomcat.autoconfigure.TomcatServerProperties'
2026-06-07 22:55:18 DEBUG org.springframework.beans.factory.support.DefaultListableBeanFactory - Creating shared instance of singleton bean 'servletWebServerFactoryCustomizer'
2026-06-07 22:55:18 DEBUG org.springframework.beans.factory.support.DefaultListableBeanFactory - Creating shared instance of singleton bean 'org.springframework.boot.web.server.autoconfigure.servlet.ServletWebServerConfiguration'
2026-06-07 22:55:18 DEBUG org.springframework.beans.factory.support.DefaultListableBeanFactory - Creating shared instance of singleton bean 'server-org.springframework.boot.web.server.autoconfigure.ServerProperties'
2026-06-07 22:55:18 DEBUG org.springframework.beans.factory.support.DefaultListableBeanFactory - Autowiring by type from bean name 'servletWebServerFactoryCustomizer' via factory method to bean named 'server-org.springframework.boot.web.server.autoconfigure.ServerProperties'
2026-06-07 22:55:18 DEBUG org.springframework.beans.factory.support.DefaultListableBeanFactory - Creating shared instance of singleton bean 'sslBundleRegistry'
2026-06-07 22:55:18 DEBUG org.springframework.beans.factory.support.DefaultListableBeanFactory - Creating shared instance of singleton bean 'org.springframework.boot.autoconfigure.ssl.SslAutoConfiguration'
2026-06-07 22:55:18 DEBUG org.springframework.beans.factory.support.DefaultListableBeanFactory - Creating shared instance of singleton bean 'spring.ssl-org.springframework.boot.autoconfigure.ssl.SslProperties'
2026-06-07 22:55:18 DEBUG org.springframework.beans.factory.support.DefaultListableBeanFactory - Autowiring by type from bean name 'org.springframework.boot.autoconfigure.ssl.SslAutoConfiguration' via constructor to bean named 'org.springframework.boot.web.server.servlet.context.AnnotationConfigServletWebServerApplicationContext@372b0d86'
2026-06-07 22:55:18 DEBUG org.springframework.beans.factory.support.DefaultListableBeanFactory - Autowiring by type from bean name 'org.springframework.boot.autoconfigure.ssl.SslAutoConfiguration' via constructor to bean named 'spring.ssl-org.springframework.boot.autoconfigure.ssl.SslProperties'
2026-06-07 22:55:18 DEBUG org.springframework.beans.factory.support.DefaultListableBeanFactory - Creating shared instance of singleton bean 'sslPropertiesSslBundleRegistrar'
2026-06-07 22:55:18 DEBUG org.springframework.beans.factory.support.DefaultListableBeanFactory - Creating shared instance of singleton bean 'fileWatcher'
2026-06-07 22:55:18 DEBUG org.springframework.beans.factory.support.DefaultListableBeanFactory - Autowiring by type from bean name 'sslPropertiesSslBundleRegistrar' via factory method to bean named 'fileWatcher'
2026-06-07 22:55:18 DEBUG org.springframework.beans.factory.support.DefaultListableBeanFactory - Creating shared instance of singleton bean 'webSocketWebServerCustomizer'
2026-06-07 22:55:18 DEBUG org.springframework.beans.factory.support.DefaultListableBeanFactory - Creating shared instance of singleton bean 'org.springframework.boot.tomcat.autoconfigure.TomcatWebServerConfiguration$TomcatWebSocketConfiguration'
2026-06-07 22:55:18 DEBUG org.springframework.beans.factory.support.DefaultListableBeanFactory - Creating shared instance of singleton bean 'tomcatWebServerFactoryCustomizer'
2026-06-07 22:55:18 DEBUG org.springframework.beans.factory.support.DefaultListableBeanFactory - Creating shared instance of singleton bean 'org.springframework.boot.tomcat.autoconfigure.TomcatWebServerConfiguration'
2026-06-07 22:55:18 DEBUG org.springframework.beans.factory.support.DefaultListableBeanFactory - Creating shared instance of singleton bean 'spring.web-org.springframework.boot.autoconfigure.web.WebProperties'
2026-06-07 22:55:18 DEBUG org.springframework.beans.factory.support.DefaultListableBeanFactory - Autowiring by type from bean name 'tomcatWebServerFactoryCustomizer' via factory method to bean named 'environment'
2026-06-07 22:55:18 DEBUG org.springframework.beans.factory.support.DefaultListableBeanFactory - Autowiring by type from bean name 'tomcatWebServerFactoryCustomizer' via factory method to bean named 'server-org.springframework.boot.web.server.autoconfigure.ServerProperties'
2026-06-07 22:55:18 DEBUG org.springframework.beans.factory.support.DefaultListableBeanFactory - Autowiring by type from bean name 'tomcatWebServerFactoryCustomizer' via factory method to bean named 'server.tomcat-org.springframework.boot.tomcat.autoconfigure.TomcatServerProperties'
2026-06-07 22:55:18 DEBUG org.springframework.beans.factory.support.DefaultListableBeanFactory - Autowiring by type from bean name 'tomcatWebServerFactoryCustomizer' via factory method to bean named 'spring.web-org.springframework.boot.autoconfigure.web.WebProperties'
2026-06-07 22:55:18 DEBUG org.springframework.beans.factory.support.DefaultListableBeanFactory - Creating shared instance of singleton bean 'tomcatServletWebServerFactoryCustomizer'
2026-06-07 22:55:18 DEBUG org.springframework.beans.factory.support.DefaultListableBeanFactory - Autowiring by type from bean name 'tomcatServletWebServerFactoryCustomizer' via factory method to bean named 'server.tomcat-org.springframework.boot.tomcat.autoconfigure.TomcatServerProperties'
2026-06-07 22:55:18 DEBUG org.springframework.beans.factory.support.DefaultListableBeanFactory - Creating shared instance of singleton bean 'errorPageCustomizer'
2026-06-07 22:55:18 DEBUG org.springframework.beans.factory.support.DefaultListableBeanFactory - Creating shared instance of singleton bean 'org.springframework.boot.webmvc.autoconfigure.error.ErrorMvcAutoConfiguration'
2026-06-07 22:55:18 DEBUG org.springframework.beans.factory.support.DefaultListableBeanFactory - Autowiring by type from bean name 'org.springframework.boot.webmvc.autoconfigure.error.ErrorMvcAutoConfiguration' via constructor to bean named 'spring.web-org.springframework.boot.autoconfigure.web.WebProperties'
2026-06-07 22:55:18 DEBUG org.springframework.beans.factory.support.DefaultListableBeanFactory - Creating shared instance of singleton bean 'dispatcherServletRegistration'
2026-06-07 22:55:18 DEBUG org.springframework.beans.factory.support.DefaultListableBeanFactory - Creating shared instance of singleton bean 'org.springframework.boot.webmvc.autoconfigure.DispatcherServletAutoConfiguration$DispatcherServletRegistrationConfiguration'
2026-06-07 22:55:18 DEBUG org.springframework.beans.factory.support.DefaultListableBeanFactory - Creating shared instance of singleton bean 'dispatcherServlet'
2026-06-07 22:55:18 DEBUG org.springframework.beans.factory.support.DefaultListableBeanFactory - Creating shared instance of singleton bean 'org.springframework.boot.webmvc.autoconfigure.DispatcherServletAutoConfiguration$DispatcherServletConfiguration'
2026-06-07 22:55:18 DEBUG org.springframework.beans.factory.support.DefaultListableBeanFactory - Creating shared instance of singleton bean 'spring.mvc-org.springframework.boot.webmvc.autoconfigure.WebMvcProperties'
2026-06-07 22:55:18 DEBUG org.springframework.beans.factory.support.DefaultListableBeanFactory - Autowiring by type from bean name 'dispatcherServlet' via factory method to bean named 'spring.mvc-org.springframework.boot.webmvc.autoconfigure.WebMvcProperties'
2026-06-07 22:55:18 DEBUG org.springframework.beans.factory.support.DefaultListableBeanFactory - Autowiring by type from bean name 'dispatcherServletRegistration' via factory method to bean named 'dispatcherServlet'
2026-06-07 22:55:18 DEBUG org.springframework.beans.factory.support.DefaultListableBeanFactory - Autowiring by type from bean name 'dispatcherServletRegistration' via factory method to bean named 'spring.mvc-org.springframework.boot.webmvc.autoconfigure.WebMvcProperties'
2026-06-07 22:55:18 DEBUG org.springframework.beans.factory.support.DefaultListableBeanFactory - Creating shared instance of singleton bean 'multipartConfigElement'
2026-06-07 22:55:18 DEBUG org.springframework.beans.factory.support.DefaultListableBeanFactory - Creating shared instance of singleton bean 'org.springframework.boot.servlet.autoconfigure.MultipartAutoConfiguration'
2026-06-07 22:55:18 DEBUG org.springframework.beans.factory.support.DefaultListableBeanFactory - Creating shared instance of singleton bean 'spring.servlet.multipart-org.springframework.boot.servlet.autoconfigure.MultipartProperties'
2026-06-07 22:55:18 DEBUG org.springframework.beans.factory.support.DefaultListableBeanFactory - Autowiring by type from bean name 'org.springframework.boot.servlet.autoconfigure.MultipartAutoConfiguration' via constructor to bean named 'spring.servlet.multipart-org.springframework.boot.servlet.autoconfigure.MultipartProperties'
2026-06-07 22:55:18 DEBUG org.springframework.beans.factory.support.DefaultListableBeanFactory - Autowiring by type from bean name 'errorPageCustomizer' via factory method to bean named 'dispatcherServletRegistration'
2026-06-07 22:55:18 DEBUG org.springframework.boot.tomcat.servlet.TomcatServletWebServerFactory - Code archive: /Users/aronstephencordova/.m2/repository/org/springframework/boot/spring-boot-web-server/4.0.6/spring-boot-web-server-4.0.6.jar
2026-06-07 22:55:18 DEBUG org.springframework.boot.tomcat.servlet.TomcatServletWebServerFactory - Code archive: /Users/aronstephencordova/.m2/repository/org/springframework/boot/spring-boot-web-server/4.0.6/spring-boot-web-server-4.0.6.jar
2026-06-07 22:55:18 DEBUG org.springframework.boot.tomcat.servlet.TomcatServletWebServerFactory - None of the document roots [src/main/webapp, public, static] point to a directory and will be ignored.
2026-06-07 22:55:18 INFO  org.springframework.boot.tomcat.TomcatWebServer - Tomcat initialized with port 8080 (http)
2026-06-07 22:55:18 INFO  org.apache.coyote.http11.Http11NioProtocol - Initializing ProtocolHandler ["http-nio-8080"]
2026-06-07 22:55:18 DEBUG org.apache.catalina.util.LifecycleBase - Setting state for [Connector["http-nio-8080"]] to [INITIALIZED]
2026-06-07 22:55:18 DEBUG org.apache.catalina.util.LifecycleBase - Setting state for [StandardService[Tomcat]] to [INITIALIZED]
2026-06-07 22:55:18 DEBUG org.apache.catalina.util.LifecycleBase - Setting state for [StandardServer[-1]] to [INITIALIZED]
2026-06-07 22:55:18 DEBUG org.apache.catalina.util.LifecycleBase - Setting state for [StandardServer[-1]] to [STARTING_PREP]
2026-06-07 22:55:18 DEBUG org.apache.catalina.util.LifecycleBase - Setting state for [StandardServer[-1]] to [STARTING]
2026-06-07 22:55:18 DEBUG org.apache.catalina.util.LifecycleBase - Setting state for [org.apache.catalina.deploy.NamingResourcesImpl@3332c7a5] to [STARTING_PREP]
2026-06-07 22:55:18 DEBUG org.apache.catalina.util.LifecycleBase - Setting state for [org.apache.catalina.deploy.NamingResourcesImpl@3332c7a5] to [STARTING]
2026-06-07 22:55:18 DEBUG org.apache.catalina.util.LifecycleBase - Setting state for [org.apache.catalina.deploy.NamingResourcesImpl@3332c7a5] to [STARTED]
2026-06-07 22:55:18 DEBUG org.apache.catalina.util.LifecycleBase - Setting state for [StandardService[Tomcat]] to [STARTING_PREP]
2026-06-07 22:55:18 INFO  org.apache.catalina.core.StandardService - Starting service [Tomcat]
2026-06-07 22:55:18 DEBUG org.apache.catalina.util.LifecycleBase - Setting state for [StandardService[Tomcat]] to [STARTING]
2026-06-07 22:55:18 DEBUG org.apache.catalina.util.LifecycleBase - Setting state for [StandardEngine[Tomcat]] to [STARTING_PREP]
2026-06-07 22:55:18 INFO  org.apache.catalina.core.StandardEngine - Starting Servlet engine: [Apache Tomcat/11.0.21]
2026-06-07 22:55:18 DEBUG org.apache.catalina.util.LifecycleBase - Setting state for [SimpleRealm[StandardEngine[Tomcat]]] to [INITIALIZING]
2026-06-07 22:55:18 DEBUG org.apache.catalina.util.LifecycleBase - Setting state for [SimpleRealm[StandardEngine[Tomcat]]] to [INITIALIZED]
2026-06-07 22:55:18 DEBUG org.apache.catalina.util.LifecycleBase - Setting state for [SimpleRealm[StandardEngine[Tomcat]]] to [STARTING_PREP]
2026-06-07 22:55:18 DEBUG org.apache.catalina.util.LifecycleBase - Setting state for [SimpleRealm[StandardEngine[Tomcat]]] to [STARTING]
2026-06-07 22:55:18 DEBUG org.apache.catalina.util.LifecycleBase - Setting state for [SimpleRealm[StandardEngine[Tomcat]]] to [STARTED]
2026-06-07 22:55:18 DEBUG org.apache.catalina.util.LifecycleBase - Setting state for [StandardEngine[Tomcat].StandardHost[localhost]] to [INITIALIZING]
2026-06-07 22:55:18 DEBUG org.apache.catalina.util.LifecycleBase - Setting state for [StandardEngine[Tomcat].StandardHost[localhost]] to [INITIALIZED]
2026-06-07 22:55:18 DEBUG org.apache.catalina.util.LifecycleBase - Setting state for [StandardEngine[Tomcat].StandardHost[localhost]] to [STARTING_PREP]
2026-06-07 22:55:18 DEBUG org.apache.catalina.util.LifecycleBase - Setting state for [StandardEngine[Tomcat].StandardHost[localhost].TomcatEmbeddedContext[]] to [INITIALIZING]
2026-06-07 22:55:18 DEBUG org.apache.catalina.util.LifecycleBase - Setting state for [StandardEngine[Tomcat].StandardHost[localhost].TomcatEmbeddedContext[]] to [INITIALIZED]
2026-06-07 22:55:18 DEBUG org.apache.catalina.util.LifecycleBase - Setting state for [StandardEngine[Tomcat].StandardHost[localhost].TomcatEmbeddedContext[]] to [STARTING_PREP]
2026-06-07 22:55:18 DEBUG org.apache.catalina.util.LifecycleBase - Setting state for [org.apache.catalina.webresources.StandardRoot@3e214105] to [INITIALIZING]
2026-06-07 22:55:18 DEBUG sun.rmi.transport.tcp - RMI TCP Connection(2)-127.0.0.1: (port 59264) op = 82
2026-06-07 22:55:18 DEBUG sun.rmi.transport.tcp - RMI TCP Connection(2)-127.0.0.1: (port 59264) op = 80
2026-06-07 22:55:18 DEBUG org.apache.catalina.util.LifecycleBase - Setting state for [org.apache.catalina.webresources.StandardRoot@3e214105] to [INITIALIZED]
2026-06-07 22:55:18 DEBUG org.apache.catalina.util.LifecycleBase - Setting state for [org.apache.catalina.webresources.StandardRoot@3e214105] to [STARTING_PREP]
2026-06-07 22:55:18 DEBUG sun.rmi.loader - RMI TCP Connection(2)-127.0.0.1: name = "javax.management.ObjectName", codebase = ""
2026-06-07 22:55:18 DEBUG javax.management.remote.rmi - connectionId=rmi://127.0.0.1  1, name=org.springframework.boot:type=Admin,name=SpringApplication, attribute=Ready
2026-06-07 22:55:18 DEBUG org.apache.catalina.util.LifecycleBase - Setting state for [org.apache.catalina.webresources.DirResourceSet@3bfae028] to [INITIALIZING]
2026-06-07 22:55:18 DEBUG sun.rmi.server.call - RMI TCP Connection(2)-127.0.0.1: [127.0.0.1] exception: 
javax.management.InstanceNotFoundException: org.springframework.boot:type=Admin,name=SpringApplication
	at java.management/com.sun.jmx.interceptor.DefaultMBeanServerInterceptor.getMBean(DefaultMBeanServerInterceptor.java:1073)
	at java.management/com.sun.jmx.interceptor.DefaultMBeanServerInterceptor.getAttribute(DefaultMBeanServerInterceptor.java:632)
	at java.management/com.sun.jmx.mbeanserver.JmxMBeanServer.getAttribute(JmxMBeanServer.java:679)
	at java.management.rmi/javax.management.remote.rmi.RMIConnectionImpl.doOperation(RMIConnectionImpl.java:1497)
	at java.management.rmi/javax.management.remote.rmi.RMIConnectionImpl$PrivilegedOperation.run(RMIConnectionImpl.java:1348)
	at java.management.rmi/javax.management.remote.rmi.RMIConnectionImpl.doPrivilegedOperation(RMIConnectionImpl.java:1435)
	at java.management.rmi/javax.management.remote.rmi.RMIConnectionImpl.getAttribute(RMIConnectionImpl.java:647)
	at java.base/jdk.internal.reflect.DirectMethodHandleAccessor.invoke(DirectMethodHandleAccessor.java:103)
	at java.base/java.lang.reflect.Method.invoke(Method.java:580)
	at java.rmi/sun.rmi.server.UnicastServerRef.dispatch(UnicastServerRef.java:360)
	at java.rmi/sun.rmi.transport.Transport$1.run(Transport.java:200)
	at java.rmi/sun.rmi.transport.Transport$1.run(Transport.java:197)
	at java.base/java.security.AccessController.doPrivileged(AccessController.java:714)
	at java.rmi/sun.rmi.transport.Transport.serviceCall(Transport.java:196)
	at java.rmi/sun.rmi.transport.tcp.TCPTransport.handleMessages(TCPTransport.java:598)
	at java.rmi/sun.rmi.transport.tcp.TCPTransport$ConnectionHandler.run0(TCPTransport.java:844)
	at java.rmi/sun.rmi.transport.tcp.TCPTransport$ConnectionHandler.lambda$run$0(TCPTransport.java:721)
	at java.base/java.security.AccessController.doPrivileged(AccessController.java:400)
	at java.rmi/sun.rmi.transport.tcp.TCPTransport$ConnectionHandler.run(TCPTransport.java:720)
	at java.base/java.util.concurrent.ThreadPoolExecutor.runWorker(ThreadPoolExecutor.java:1144)
	at java.base/java.util.concurrent.ThreadPoolExecutor$Worker.run(ThreadPoolExecutor.java:642)
	at java.base/java.lang.Thread.run(Thread.java:1575)
2026-06-07 22:55:18 DEBUG org.apache.catalina.util.LifecycleBase - Setting state for [org.apache.catalina.webresources.DirResourceSet@3bfae028] to [INITIALIZED]
2026-06-07 22:55:18 DEBUG org.apache.catalina.util.LifecycleBase - Setting state for [org.apache.catalina.webresources.DirResourceSet@3bfae028] to [STARTING_PREP]
2026-06-07 22:55:18 DEBUG org.apache.catalina.util.LifecycleBase - Setting state for [org.apache.catalina.webresources.DirResourceSet@3bfae028] to [STARTING]
2026-06-07 22:55:18 DEBUG org.apache.catalina.util.LifecycleBase - Setting state for [org.apache.catalina.webresources.DirResourceSet@3bfae028] to [STARTED]
2026-06-07 22:55:18 DEBUG org.apache.catalina.util.LifecycleBase - Setting state for [org.apache.catalina.webresources.StandardRoot@3e214105] to [STARTING]
2026-06-07 22:55:18 DEBUG org.apache.catalina.util.LifecycleBase - Setting state for [org.apache.catalina.webresources.StandardRoot@3e214105] to [STARTED]
2026-06-07 22:55:18 DEBUG org.apache.catalina.util.LifecycleBase - Setting state for [WebappLoader[StandardEngine[Tomcat].StandardHost[localhost].TomcatEmbeddedContext[]]] to [INITIALIZING]
2026-06-07 22:55:18 DEBUG org.apache.catalina.util.LifecycleBase - Setting state for [WebappLoader[StandardEngine[Tomcat].StandardHost[localhost].TomcatEmbeddedContext[]]] to [INITIALIZED]
2026-06-07 22:55:18 DEBUG org.apache.catalina.util.LifecycleBase - Setting state for [WebappLoader[StandardEngine[Tomcat].StandardHost[localhost].TomcatEmbeddedContext[]]] to [STARTING_PREP]
2026-06-07 22:55:18 DEBUG org.apache.catalina.loader.WebappLoader - Starting this Loader
2026-06-07 22:55:18 DEBUG org.apache.catalina.webresources.Cache - Increased cache size by [531] for item [org.apache.catalina.webresources.CachedResource@4391a2d8] at [/WEB-INF/classes] making total cache size [531]
2026-06-07 22:55:18 DEBUG org.apache.catalina.util.LifecycleBase - Setting state for [WebappLoader[StandardEngine[Tomcat].StandardHost[localhost].TomcatEmbeddedContext[]]] to [STARTING]
2026-06-07 22:55:18 DEBUG org.apache.catalina.util.LifecycleBase - Setting state for [WebappLoader[StandardEngine[Tomcat].StandardHost[localhost].TomcatEmbeddedContext[]]] to [STARTED]
2026-06-07 22:55:18 DEBUG org.apache.catalina.util.LifecycleBase - Setting state for [StandardEngine[Tomcat].StandardHost[localhost].TomcatEmbeddedContext[].StandardWrapper[jsp]] to [INITIALIZING]
2026-06-07 22:55:18 DEBUG org.apache.catalina.util.LifecycleBase - Setting state for [StandardEngine[Tomcat].StandardHost[localhost].TomcatEmbeddedContext[].StandardWrapper[jsp]] to [INITIALIZED]
2026-06-07 22:55:18 DEBUG org.apache.catalina.util.LifecycleBase - Setting state for [StandardEngine[Tomcat].StandardHost[localhost].TomcatEmbeddedContext[].StandardWrapper[jsp]] to [STARTING_PREP]
2026-06-07 22:55:18 DEBUG org.apache.catalina.util.LifecycleBase - Setting state for [StandardPipeline[StandardEngine[Tomcat].StandardHost[localhost].TomcatEmbeddedContext[].StandardWrapper[jsp]]] to [INITIALIZING]
2026-06-07 22:55:18 DEBUG org.apache.catalina.util.LifecycleBase - Setting state for [StandardPipeline[StandardEngine[Tomcat].StandardHost[localhost].TomcatEmbeddedContext[].StandardWrapper[jsp]]] to [INITIALIZED]
2026-06-07 22:55:18 DEBUG org.apache.catalina.util.LifecycleBase - Setting state for [StandardPipeline[StandardEngine[Tomcat].StandardHost[localhost].TomcatEmbeddedContext[].StandardWrapper[jsp]]] to [STARTING_PREP]
2026-06-07 22:55:18 DEBUG org.apache.catalina.util.LifecycleBase - Setting state for [StandardWrapperValve[StandardEngine[Tomcat].StandardHost[localhost].TomcatEmbeddedContext[].StandardWrapper[jsp]]] to [INITIALIZING]
2026-06-07 22:55:18 DEBUG org.apache.catalina.util.LifecycleBase - Setting state for [StandardWrapperValve[StandardEngine[Tomcat].StandardHost[localhost].TomcatEmbeddedContext[].StandardWrapper[jsp]]] to [INITIALIZED]
2026-06-07 22:55:18 DEBUG org.apache.catalina.util.LifecycleBase - Setting state for [StandardWrapperValve[StandardEngine[Tomcat].StandardHost[localhost].TomcatEmbeddedContext[].StandardWrapper[jsp]]] to [STARTING_PREP]
2026-06-07 22:55:18 DEBUG org.apache.catalina.util.LifecycleBase - Setting state for [StandardWrapperValve[StandardEngine[Tomcat].StandardHost[localhost].TomcatEmbeddedContext[].StandardWrapper[jsp]]] to [STARTING]
2026-06-07 22:55:18 DEBUG org.apache.catalina.util.LifecycleBase - Setting state for [StandardWrapperValve[StandardEngine[Tomcat].StandardHost[localhost].TomcatEmbeddedContext[].StandardWrapper[jsp]]] to [STARTED]
2026-06-07 22:55:18 DEBUG org.apache.catalina.util.LifecycleBase - Setting state for [StandardPipeline[StandardEngine[Tomcat].StandardHost[localhost].TomcatEmbeddedContext[].StandardWrapper[jsp]]] to [STARTING]
2026-06-07 22:55:18 DEBUG org.apache.catalina.util.LifecycleBase - Setting state for [StandardPipeline[StandardEngine[Tomcat].StandardHost[localhost].TomcatEmbeddedContext[].StandardWrapper[jsp]]] to [STARTED]
2026-06-07 22:55:18 DEBUG org.apache.catalina.util.LifecycleBase - Setting state for [StandardEngine[Tomcat].StandardHost[localhost].TomcatEmbeddedContext[].StandardWrapper[jsp]] to [STARTING]
2026-06-07 22:55:18 DEBUG org.apache.catalina.util.LifecycleBase - Setting state for [StandardEngine[Tomcat].StandardHost[localhost].TomcatEmbeddedContext[].StandardWrapper[jsp]] to [STARTED]
2026-06-07 22:55:18 DEBUG org.apache.catalina.util.LifecycleBase - Setting state for [StandardPipeline[StandardEngine[Tomcat].StandardHost[localhost].TomcatEmbeddedContext[]]] to [INITIALIZING]
2026-06-07 22:55:18 DEBUG org.apache.catalina.util.LifecycleBase - Setting state for [StandardPipeline[StandardEngine[Tomcat].StandardHost[localhost].TomcatEmbeddedContext[]]] to [INITIALIZED]
2026-06-07 22:55:18 DEBUG org.apache.catalina.util.LifecycleBase - Setting state for [StandardPipeline[StandardEngine[Tomcat].StandardHost[localhost].TomcatEmbeddedContext[]]] to [STARTING_PREP]
2026-06-07 22:55:18 DEBUG org.apache.catalina.util.LifecycleBase - Setting state for [NonLoginAuthenticator[StandardEngine[Tomcat].StandardHost[localhost].TomcatEmbeddedContext[]]] to [INITIALIZING]
2026-06-07 22:55:18 DEBUG org.apache.catalina.util.LifecycleBase - Setting state for [NonLoginAuthenticator[StandardEngine[Tomcat].StandardHost[localhost].TomcatEmbeddedContext[]]] to [INITIALIZED]
2026-06-07 22:55:18 DEBUG org.apache.catalina.util.LifecycleBase - Setting state for [NonLoginAuthenticator[StandardEngine[Tomcat].StandardHost[localhost].TomcatEmbeddedContext[]]] to [STARTING_PREP]
2026-06-07 22:55:18 DEBUG org.apache.catalina.util.LifecycleBase - Setting state for [NonLoginAuthenticator[StandardEngine[Tomcat].StandardHost[localhost].TomcatEmbeddedContext[]]] to [STARTING]
2026-06-07 22:55:18 DEBUG org.apache.catalina.util.LifecycleBase - Setting state for [NonLoginAuthenticator[StandardEngine[Tomcat].StandardHost[localhost].TomcatEmbeddedContext[]]] to [STARTED]
2026-06-07 22:55:18 DEBUG org.apache.catalina.util.LifecycleBase - Setting state for [StandardContextValve[StandardEngine[Tomcat].StandardHost[localhost].TomcatEmbeddedContext[]]] to [INITIALIZING]
2026-06-07 22:55:18 DEBUG org.apache.catalina.util.LifecycleBase - Setting state for [StandardContextValve[StandardEngine[Tomcat].StandardHost[localhost].TomcatEmbeddedContext[]]] to [INITIALIZED]
2026-06-07 22:55:18 DEBUG org.apache.catalina.util.LifecycleBase - Setting state for [StandardContextValve[StandardEngine[Tomcat].StandardHost[localhost].TomcatEmbeddedContext[]]] to [STARTING_PREP]
2026-06-07 22:55:18 DEBUG org.apache.catalina.util.LifecycleBase - Setting state for [StandardContextValve[StandardEngine[Tomcat].StandardHost[localhost].TomcatEmbeddedContext[]]] to [STARTING]
2026-06-07 22:55:18 DEBUG org.apache.catalina.util.LifecycleBase - Setting state for [StandardContextValve[StandardEngine[Tomcat].StandardHost[localhost].TomcatEmbeddedContext[]]] to [STARTED]
2026-06-07 22:55:18 DEBUG org.apache.catalina.util.LifecycleBase - Setting state for [StandardPipeline[StandardEngine[Tomcat].StandardHost[localhost].TomcatEmbeddedContext[]]] to [STARTING]
2026-06-07 22:55:18 DEBUG org.apache.catalina.util.LifecycleBase - Setting state for [StandardPipeline[StandardEngine[Tomcat].StandardHost[localhost].TomcatEmbeddedContext[]]] to [STARTED]
2026-06-07 22:55:18 DEBUG org.apache.catalina.core.StandardContext - No manager found. Checking if cluster manager should be used. Cluster configured: [false], Application distributable: [false]
2026-06-07 22:55:18 DEBUG org.apache.catalina.core.StandardContext - Configured a manager of class [org.apache.catalina.session.StandardManager]
2026-06-07 22:55:18 DEBUG org.apache.catalina.util.LifecycleBase - Setting state for [org.apache.catalina.deploy.NamingResourcesImpl@18d11527] to [INITIALIZING]
2026-06-07 22:55:18 DEBUG org.apache.catalina.util.LifecycleBase - Setting state for [org.apache.catalina.deploy.NamingResourcesImpl@18d11527] to [INITIALIZED]
2026-06-07 22:55:18 DEBUG org.apache.catalina.util.LifecycleBase - Setting state for [org.apache.catalina.deploy.NamingResourcesImpl@18d11527] to [STARTING_PREP]
2026-06-07 22:55:18 DEBUG org.apache.catalina.util.LifecycleBase - Setting state for [org.apache.catalina.deploy.NamingResourcesImpl@18d11527] to [STARTING]
2026-06-07 22:55:18 DEBUG org.apache.catalina.util.LifecycleBase - Setting state for [org.apache.catalina.deploy.NamingResourcesImpl@18d11527] to [STARTED]
2026-06-07 22:55:18 DEBUG org.apache.jasper.servlet.JasperInitializer - Initializing Jasper for context [application]
2026-06-07 22:55:18 DEBUG org.apache.jasper.servlet.TldScanner - No TLD files were found in resource path [/WEB-INF/].
2026-06-07 22:55:18 DEBUG org.apache.tomcat.util.scan.StandardJarScanner - Scanning JAR [file:/Users/aronstephencordova/eclipse-workspace/OrderManagement/target/classes/] from classpath
2026-06-07 22:55:18 DEBUG org.apache.tomcat.util.scan.StandardJarScanner - Scanning JAR [file:/Users/aronstephencordova/.m2/repository/jakarta/annotation/jakarta.annotation-api/3.0.0/jakarta.annotation-api-3.0.0.jar] from classpath
2026-06-07 22:55:18 DEBUG org.apache.jasper.servlet.TldScanner - No TLD files were found in [file:/Users/aronstephencordova/.m2/repository/jakarta/annotation/jakarta.annotation-api/3.0.0/jakarta.annotation-api-3.0.0.jar]. Consider adding the JAR to the tomcat.util.scan.StandardJarScanFilter.jarsToSkip property in CATALINA_BASE/conf/catalina.properties file.
2026-06-07 22:55:18 DEBUG org.apache.tomcat.util.scan.StandardJarScanner - Scanning JAR [file:/Users/aronstephencordova/.m2/repository/org/apache/tomcat/embed/tomcat-embed-websocket/11.0.21/tomcat-embed-websocket-11.0.21.jar] from classpath
2026-06-07 22:55:18 DEBUG org.apache.jasper.servlet.TldScanner - No TLD files were found in [file:/Users/aronstephencordova/.m2/repository/org/apache/tomcat/embed/tomcat-embed-websocket/11.0.21/tomcat-embed-websocket-11.0.21.jar]. Consider adding the JAR to the tomcat.util.scan.StandardJarScanFilter.jarsToSkip property in CATALINA_BASE/conf/catalina.properties file.
2026-06-07 22:55:18 DEBUG org.apache.tomcat.util.scan.StandardJarScanner - Scanning JAR [file:/Users/aronstephencordova/.m2/repository/org/springframework/spring-web/7.0.7/spring-web-7.0.7.jar] from classpath
2026-06-07 22:55:18 DEBUG org.apache.jasper.servlet.TldScanner - No TLD files were found in [file:/Users/aronstephencordova/.m2/repository/org/springframework/spring-web/7.0.7/spring-web-7.0.7.jar]. Consider adding the JAR to the tomcat.util.scan.StandardJarScanFilter.jarsToSkip property in CATALINA_BASE/conf/catalina.properties file.
2026-06-07 22:55:18 DEBUG org.apache.tomcat.util.scan.StandardJarScanner - Scanning JAR [file:/Users/aronstephencordova/.m2/repository/io/micrometer/micrometer-observation/1.16.5/micrometer-observation-1.16.5.jar] from classpath
2026-06-07 22:55:18 DEBUG org.apache.jasper.servlet.TldScanner - No TLD files were found in [file:/Users/aronstephencordova/.m2/repository/io/micrometer/micrometer-observation/1.16.5/micrometer-observation-1.16.5.jar]. Consider adding the JAR to the tomcat.util.scan.StandardJarScanFilter.jarsToSkip property in CATALINA_BASE/conf/catalina.properties file.
2026-06-07 22:55:18 DEBUG org.apache.tomcat.util.scan.StandardJarScanner - Scanning JAR [file:/Users/aronstephencordova/.m2/repository/io/micrometer/micrometer-commons/1.16.5/micrometer-commons-1.16.5.jar] from classpath
2026-06-07 22:55:18 DEBUG org.apache.jasper.servlet.TldScanner - No TLD files were found in [file:/Users/aronstephencordova/.m2/repository/io/micrometer/micrometer-commons/1.16.5/micrometer-commons-1.16.5.jar]. Consider adding the JAR to the tomcat.util.scan.StandardJarScanFilter.jarsToSkip property in CATALINA_BASE/conf/catalina.properties file.
2026-06-07 22:55:18 DEBUG org.apache.tomcat.util.scan.StandardJarScanner - Scanning JAR [file:/Users/aronstephencordova/.m2/repository/org/springframework/spring-webmvc/7.0.7/spring-webmvc-7.0.7.jar] from classpath
2026-06-07 22:55:18 DEBUG org.apache.jasper.servlet.TldScanner - TLD files were found in JAR [file:/Users/aronstephencordova/.m2/repository/org/springframework/spring-webmvc/7.0.7/spring-webmvc-7.0.7.jar].
2026-06-07 22:55:18 DEBUG org.apache.tomcat.util.scan.StandardJarScanner - Scanning JAR [file:/Users/aronstephencordova/.m2/repository/org/apache/tomcat/tomcat-jasper/11.0.6/tomcat-jasper-11.0.6.jar] from classpath
2026-06-07 22:55:18 DEBUG org.apache.jasper.servlet.TldScanner - No TLD files were found in [file:/Users/aronstephencordova/.m2/repository/org/apache/tomcat/tomcat-jasper/11.0.6/tomcat-jasper-11.0.6.jar]. Consider adding the JAR to the tomcat.util.scan.StandardJarScanFilter.jarsToSkip property in CATALINA_BASE/conf/catalina.properties file.
2026-06-07 22:55:18 DEBUG org.apache.tomcat.util.scan.StandardJarScanner - Scanning JAR [file:/Users/aronstephencordova/.m2/repository/org/apache/tomcat/tomcat-servlet-api/11.0.6/tomcat-servlet-api-11.0.6.jar] from classpath
2026-06-07 22:55:18 DEBUG org.apache.jasper.servlet.TldScanner - No TLD files were found in [file:/Users/aronstephencordova/.m2/repository/org/apache/tomcat/tomcat-servlet-api/11.0.6/tomcat-servlet-api-11.0.6.jar]. Consider adding the JAR to the tomcat.util.scan.StandardJarScanFilter.jarsToSkip property in CATALINA_BASE/conf/catalina.properties file.
2026-06-07 22:55:18 DEBUG org.apache.tomcat.util.scan.StandardJarScanner - Scanning JAR [file:/Users/aronstephencordova/.m2/repository/org/apache/tomcat/tomcat-juli/11.0.6/tomcat-juli-11.0.6.jar] from classpath
2026-06-07 22:55:18 DEBUG org.apache.jasper.servlet.TldScanner - No TLD files were found in [file:/Users/aronstephencordova/.m2/repository/org/apache/tomcat/tomcat-juli/11.0.6/tomcat-juli-11.0.6.jar]. Consider adding the JAR to the tomcat.util.scan.StandardJarScanFilter.jarsToSkip property in CATALINA_BASE/conf/catalina.properties file.
2026-06-07 22:55:18 DEBUG org.apache.tomcat.util.scan.StandardJarScanner - Scanning JAR [file:/Users/aronstephencordova/.m2/repository/org/apache/tomcat/tomcat-jsp-api/11.0.21/tomcat-jsp-api-11.0.21.jar] from classpath
2026-06-07 22:55:18 DEBUG org.apache.jasper.servlet.TldScanner - No TLD files were found in [file:/Users/aronstephencordova/.m2/repository/org/apache/tomcat/tomcat-jsp-api/11.0.21/tomcat-jsp-api-11.0.21.jar]. Consider adding the JAR to the tomcat.util.scan.StandardJarScanFilter.jarsToSkip property in CATALINA_BASE/conf/catalina.properties file.
2026-06-07 22:55:18 DEBUG org.apache.tomcat.util.scan.StandardJarScanner - Scanning JAR [file:/Users/aronstephencordova/.m2/repository/org/apache/tomcat/tomcat-el-api/11.0.6/tomcat-el-api-11.0.6.jar] from classpath
2026-06-07 22:55:18 DEBUG org.apache.jasper.servlet.TldScanner - No TLD files were found in [file:/Users/aronstephencordova/.m2/repository/org/apache/tomcat/tomcat-el-api/11.0.6/tomcat-el-api-11.0.6.jar]. Consider adding the JAR to the tomcat.util.scan.StandardJarScanFilter.jarsToSkip property in CATALINA_BASE/conf/catalina.properties file.
2026-06-07 22:55:18 DEBUG org.apache.tomcat.util.scan.StandardJarScanner - Scanning JAR [file:/Users/aronstephencordova/.m2/repository/org/apache/tomcat/tomcat-jasper-el/11.0.6/tomcat-jasper-el-11.0.6.jar] from classpath
2026-06-07 22:55:18 DEBUG org.apache.jasper.servlet.TldScanner - No TLD files were found in [file:/Users/aronstephencordova/.m2/repository/org/apache/tomcat/tomcat-jasper-el/11.0.6/tomcat-jasper-el-11.0.6.jar]. Consider adding the JAR to the tomcat.util.scan.StandardJarScanFilter.jarsToSkip property in CATALINA_BASE/conf/catalina.properties file.
2026-06-07 22:55:18 DEBUG org.apache.tomcat.util.scan.StandardJarScanner - Scanning JAR [file:/Users/aronstephencordova/.m2/repository/org/apache/tomcat/tomcat-api/11.0.6/tomcat-api-11.0.6.jar] from classpath
2026-06-07 22:55:18 DEBUG org.apache.jasper.servlet.TldScanner - No TLD files were found in [file:/Users/aronstephencordova/.m2/repository/org/apache/tomcat/tomcat-api/11.0.6/tomcat-api-11.0.6.jar]. Consider adding the JAR to the tomcat.util.scan.StandardJarScanFilter.jarsToSkip property in CATALINA_BASE/conf/catalina.properties file.
2026-06-07 22:55:18 DEBUG org.apache.tomcat.util.scan.StandardJarScanner - Scanning JAR [file:/Users/aronstephencordova/.m2/repository/org/apache/tomcat/tomcat-util-scan/11.0.6/tomcat-util-scan-11.0.6.jar] from classpath
2026-06-07 22:55:18 DEBUG org.apache.jasper.servlet.TldScanner - No TLD files were found in [file:/Users/aronstephencordova/.m2/repository/org/apache/tomcat/tomcat-util-scan/11.0.6/tomcat-util-scan-11.0.6.jar]. Consider adding the JAR to the tomcat.util.scan.StandardJarScanFilter.jarsToSkip property in CATALINA_BASE/conf/catalina.properties file.
2026-06-07 22:55:18 DEBUG org.apache.tomcat.util.scan.StandardJarScanner - Scanning JAR [file:/Users/aronstephencordova/.m2/repository/org/apache/tomcat/tomcat-util/11.0.6/tomcat-util-11.0.6.jar] from classpath
2026-06-07 22:55:18 DEBUG org.apache.jasper.servlet.TldScanner - No TLD files were found in [file:/Users/aronstephencordova/.m2/repository/org/apache/tomcat/tomcat-util/11.0.6/tomcat-util-11.0.6.jar]. Consider adding the JAR to the tomcat.util.scan.StandardJarScanFilter.jarsToSkip property in CATALINA_BASE/conf/catalina.properties file.
2026-06-07 22:55:18 DEBUG org.apache.tomcat.util.scan.StandardJarScanner - Scanning JAR [file:/Users/aronstephencordova/.m2/repository/jakarta/xml/bind/jakarta.xml.bind-api/4.0.4/jakarta.xml.bind-api-4.0.4.jar] from classpath
2026-06-07 22:55:18 DEBUG org.apache.jasper.servlet.TldScanner - No TLD files were found in [file:/Users/aronstephencordova/.m2/repository/jakarta/xml/bind/jakarta.xml.bind-api/4.0.4/jakarta.xml.bind-api-4.0.4.jar]. Consider adding the JAR to the tomcat.util.scan.StandardJarScanFilter.jarsToSkip property in CATALINA_BASE/conf/catalina.properties file.
2026-06-07 22:55:18 DEBUG org.apache.tomcat.util.scan.StandardJarScanner - Scanning JAR [file:/Users/aronstephencordova/.m2/repository/jakarta/activation/jakarta.activation-api/2.1.4/jakarta.activation-api-2.1.4.jar] from classpath
2026-06-07 22:55:18 DEBUG org.apache.jasper.servlet.TldScanner - No TLD files were found in [file:/Users/aronstephencordova/.m2/repository/jakarta/activation/jakarta.activation-api/2.1.4/jakarta.activation-api-2.1.4.jar]. Consider adding the JAR to the tomcat.util.scan.StandardJarScanFilter.jarsToSkip property in CATALINA_BASE/conf/catalina.properties file.
2026-06-07 22:55:18 DEBUG org.apache.tomcat.util.scan.StandardJarScanner - Scanning JAR [file:/Users/aronstephencordova/.m2/repository/net/bytebuddy/byte-buddy/1.17.8/byte-buddy-1.17.8.jar] from classpath
2026-06-07 22:55:18 DEBUG org.apache.jasper.servlet.TldScanner - No TLD files were found in [file:/Users/aronstephencordova/.m2/repository/net/bytebuddy/byte-buddy/1.17.8/byte-buddy-1.17.8.jar]. Consider adding the JAR to the tomcat.util.scan.StandardJarScanFilter.jarsToSkip property in CATALINA_BASE/conf/catalina.properties file.
2026-06-07 22:55:18 DEBUG org.apache.tomcat.util.scan.StandardJarScanner - Scanning JAR [file:/Users/aronstephencordova/.m2/repository/org/jspecify/jspecify/1.0.0/jspecify-1.0.0.jar] from classpath
2026-06-07 22:55:18 DEBUG org.apache.jasper.servlet.TldScanner - No TLD files were found in [file:/Users/aronstephencordova/.m2/repository/org/jspecify/jspecify/1.0.0/jspecify-1.0.0.jar]. Consider adding the JAR to the tomcat.util.scan.StandardJarScanFilter.jarsToSkip property in CATALINA_BASE/conf/catalina.properties file.
2026-06-07 22:55:18 DEBUG org.apache.tomcat.util.scan.StandardJarScanner - Scanning JAR [file:/Users/aronstephencordova/.m2/repository/com/zaxxer/HikariCP/7.0.2/HikariCP-7.0.2.jar] from classpath
2026-06-07 22:55:18 DEBUG org.apache.jasper.servlet.TldScanner - No TLD files were found in [file:/Users/aronstephencordova/.m2/repository/com/zaxxer/HikariCP/7.0.2/HikariCP-7.0.2.jar]. Consider adding the JAR to the tomcat.util.scan.StandardJarScanFilter.jarsToSkip property in CATALINA_BASE/conf/catalina.properties file.
2026-06-07 22:55:18 DEBUG org.apache.tomcat.util.scan.StandardJarScanner - Scanning JAR [file:/Users/aronstephencordova/.m2/repository/jakarta/persistence/jakarta.persistence-api/3.2.0/jakarta.persistence-api-3.2.0.jar] from classpath
2026-06-07 22:55:18 DEBUG org.apache.jasper.servlet.TldScanner - No TLD files were found in [file:/Users/aronstephencordova/.m2/repository/jakarta/persistence/jakarta.persistence-api/3.2.0/jakarta.persistence-api-3.2.0.jar]. Consider adding the JAR to the tomcat.util.scan.StandardJarScanFilter.jarsToSkip property in CATALINA_BASE/conf/catalina.properties file.
2026-06-07 22:55:18 DEBUG org.apache.tomcat.util.scan.StandardJarScanner - Scanning JAR [file:/Users/aronstephencordova/.m2/repository/jakarta/transaction/jakarta.transaction-api/2.0.1/jakarta.transaction-api-2.0.1.jar] from classpath
2026-06-07 22:55:18 DEBUG org.apache.jasper.servlet.TldScanner - No TLD files were found in [file:/Users/aronstephencordova/.m2/repository/jakarta/transaction/jakarta.transaction-api/2.0.1/jakarta.transaction-api-2.0.1.jar]. Consider adding the JAR to the tomcat.util.scan.StandardJarScanFilter.jarsToSkip property in CATALINA_BASE/conf/catalina.properties file.
2026-06-07 22:55:18 DEBUG org.apache.tomcat.util.scan.StandardJarScanner - Scanning JAR [file:/Users/aronstephencordova/.m2/repository/org/eclipse/angus/angus-activation/2.0.3/angus-activation-2.0.3.jar] from classpath
2026-06-07 22:55:18 DEBUG org.apache.jasper.servlet.TldScanner - No TLD files were found in [file:/Users/aronstephencordova/.m2/repository/org/eclipse/angus/angus-activation/2.0.3/angus-activation-2.0.3.jar]. Consider adding the JAR to the tomcat.util.scan.StandardJarScanFilter.jarsToSkip property in CATALINA_BASE/conf/catalina.properties file.
2026-06-07 22:55:18 DEBUG org.apache.tomcat.util.scan.StandardJarScanner - Scanning JAR [file:/Users/aronstephencordova/.m2/repository/org/glassfish/jaxb/txw2/4.0.6/txw2-4.0.6.jar] from classpath
2026-06-07 22:55:18 DEBUG org.apache.jasper.servlet.TldScanner - No TLD files were found in [file:/Users/aronstephencordova/.m2/repository/org/glassfish/jaxb/txw2/4.0.6/txw2-4.0.6.jar]. Consider adding the JAR to the tomcat.util.scan.StandardJarScanFilter.jarsToSkip property in CATALINA_BASE/conf/catalina.properties file.
2026-06-07 22:55:18 DEBUG org.apache.tomcat.util.scan.StandardJarScanner - Scanning JAR [file:/Users/aronstephencordova/.m2/repository/com/sun/istack/istack-commons-runtime/4.1.2/istack-commons-runtime-4.1.2.jar] from classpath
2026-06-07 22:55:18 DEBUG org.apache.jasper.servlet.TldScanner - No TLD files were found in [file:/Users/aronstephencordova/.m2/repository/com/sun/istack/istack-commons-runtime/4.1.2/istack-commons-runtime-4.1.2.jar]. Consider adding the JAR to the tomcat.util.scan.StandardJarScanFilter.jarsToSkip property in CATALINA_BASE/conf/catalina.properties file.
2026-06-07 22:55:18 DEBUG org.apache.tomcat.util.scan.StandardJarScanner - Scanning JAR [file:/Users/aronstephencordova/.m2/repository/jakarta/inject/jakarta.inject-api/2.0.1/jakarta.inject-api-2.0.1.jar] from classpath
2026-06-07 22:55:18 DEBUG org.apache.jasper.servlet.TldScanner - No TLD files were found in [file:/Users/aronstephencordova/.m2/repository/jakarta/inject/jakarta.inject-api/2.0.1/jakarta.inject-api-2.0.1.jar]. Consider adding the JAR to the tomcat.util.scan.StandardJarScanFilter.jarsToSkip property in CATALINA_BASE/conf/catalina.properties file.
2026-06-07 22:55:18 DEBUG org.apache.tomcat.util.scan.StandardJarScanner - Scanning JAR [file:/Users/aronstephencordova/.m2/repository/com/mysql/mysql-connector-j/9.6.0/mysql-connector-j-9.6.0.jar] from classpath
2026-06-07 22:55:18 DEBUG org.apache.jasper.servlet.TldScanner - No TLD files were found in [file:/Users/aronstephencordova/.m2/repository/com/mysql/mysql-connector-j/9.6.0/mysql-connector-j-9.6.0.jar]. Consider adding the JAR to the tomcat.util.scan.StandardJarScanFilter.jarsToSkip property in CATALINA_BASE/conf/catalina.properties file.
2026-06-07 22:55:18 DEBUG org.apache.tomcat.util.scan.StandardJarScanner - Scanning JAR [file:/Users/aronstephencordova/.m2/repository/org/mybatis/spring/boot/mybatis-spring-boot-starter/4.0.0/mybatis-spring-boot-starter-4.0.0.jar] from classpath
2026-06-07 22:55:18 DEBUG org.apache.jasper.servlet.TldScanner - No TLD files were found in [file:/Users/aronstephencordova/.m2/repository/org/mybatis/spring/boot/mybatis-spring-boot-starter/4.0.0/mybatis-spring-boot-starter-4.0.0.jar]. Consider adding the JAR to the tomcat.util.scan.StandardJarScanFilter.jarsToSkip property in CATALINA_BASE/conf/catalina.properties file.
2026-06-07 22:55:18 DEBUG org.apache.tomcat.util.scan.StandardJarScanner - Scanning JAR [file:/Users/aronstephencordova/.m2/repository/org/mybatis/spring/boot/mybatis-spring-boot-autoconfigure/4.0.0/mybatis-spring-boot-autoconfigure-4.0.0.jar] from classpath
2026-06-07 22:55:18 DEBUG org.apache.jasper.servlet.TldScanner - No TLD files were found in [file:/Users/aronstephencordova/.m2/repository/org/mybatis/spring/boot/mybatis-spring-boot-autoconfigure/4.0.0/mybatis-spring-boot-autoconfigure-4.0.0.jar]. Consider adding the JAR to the tomcat.util.scan.StandardJarScanFilter.jarsToSkip property in CATALINA_BASE/conf/catalina.properties file.
2026-06-07 22:55:18 DEBUG org.apache.tomcat.util.scan.StandardJarScanner - Scanning JAR [file:/Users/aronstephencordova/.m2/repository/org/mybatis/mybatis/3.5.19/mybatis-3.5.19.jar] from classpath
2026-06-07 22:55:18 DEBUG org.apache.jasper.servlet.TldScanner - No TLD files were found in [file:/Users/aronstephencordova/.m2/repository/org/mybatis/mybatis/3.5.19/mybatis-3.5.19.jar]. Consider adding the JAR to the tomcat.util.scan.StandardJarScanFilter.jarsToSkip property in CATALINA_BASE/conf/catalina.properties file.
2026-06-07 22:55:18 DEBUG org.apache.tomcat.util.scan.StandardJarScanner - Scanning JAR [file:/Users/aronstephencordova/.m2/repository/org/mybatis/mybatis-spring/4.0.0/mybatis-spring-4.0.0.jar] from classpath
2026-06-07 22:55:18 DEBUG org.apache.jasper.servlet.TldScanner - No TLD files were found in [file:/Users/aronstephencordova/.m2/repository/org/mybatis/mybatis-spring/4.0.0/mybatis-spring-4.0.0.jar]. Consider adding the JAR to the tomcat.util.scan.StandardJarScanFilter.jarsToSkip property in CATALINA_BASE/conf/catalina.properties file.
2026-06-07 22:55:18 DEBUG org.apache.tomcat.util.scan.StandardJarScanner - Scanning JAR [file:/Users/aronstephencordova/.m2/repository/org/projectlombok/lombok/1.18.46/lombok-1.18.46.jar] from classpath
2026-06-07 22:55:18 DEBUG org.apache.jasper.servlet.TldScanner - No TLD files were found in [file:/Users/aronstephencordova/.m2/repository/org/projectlombok/lombok/1.18.46/lombok-1.18.46.jar]. Consider adding the JAR to the tomcat.util.scan.StandardJarScanFilter.jarsToSkip property in CATALINA_BASE/conf/catalina.properties file.
2026-06-07 22:55:18 DEBUG org.apache.tomcat.util.scan.StandardJarScanner - Scanning JAR [jrt:/jdk.management.agent] from classpath
2026-06-07 22:55:18 DEBUG org.apache.tomcat.util.scan.StandardJarScanner - Scanning JAR [jrt:/jdk.localedata] from classpath
2026-06-07 22:55:18 DEBUG org.apache.tomcat.util.scan.StandardJarScanner - Scanning JAR [jrt:/jdk.jfr] from classpath
2026-06-07 22:55:18 DEBUG org.apache.tomcat.util.scan.StandardJarScanner - Scanning JAR [jrt:/java.compiler] from classpath
2026-06-07 22:55:18 DEBUG org.apache.tomcat.util.scan.StandardJarScanner - Scanning JAR [jrt:/jdk.jlink] from classpath
2026-06-07 22:55:18 DEBUG org.apache.tomcat.util.scan.StandardJarScanner - Scanning JAR [jrt:/jdk.internal.ed] from classpath
2026-06-07 22:55:18 DEBUG org.apache.tomcat.util.scan.StandardJarScanner - Scanning JAR [jrt:/jdk.crypto.cryptoki] from classpath
2026-06-07 22:55:18 DEBUG org.apache.tomcat.util.scan.StandardJarScanner - Scanning JAR [jrt:/jdk.nio.mapmode] from classpath
2026-06-07 22:55:18 DEBUG org.apache.tomcat.util.scan.StandardJarScanner - Scanning JAR [jrt:/java.management] from classpath
2026-06-07 22:55:18 DEBUG org.apache.tomcat.util.scan.StandardJarScanner - Scanning JAR [jrt:/jdk.management.jfr] from classpath
2026-06-07 22:55:18 DEBUG org.apache.tomcat.util.scan.StandardJarScanner - Scanning JAR [jrt:/jdk.jstatd] from classpath
2026-06-07 22:55:18 DEBUG org.apache.tomcat.util.scan.StandardJarScanner - Scanning JAR [jrt:/jdk.internal.opt] from classpath
2026-06-07 22:55:18 DEBUG org.apache.tomcat.util.scan.StandardJarScanner - Scanning JAR [jrt:/jdk.httpserver] from classpath
2026-06-07 22:55:18 DEBUG org.apache.tomcat.util.scan.StandardJarScanner - Scanning JAR [jrt:/jdk.unsupported.desktop] from classpath
2026-06-07 22:55:18 DEBUG org.apache.tomcat.util.scan.StandardJarScanner - Scanning JAR [jrt:/java.smartcardio] from classpath
2026-06-07 22:55:18 DEBUG org.apache.tomcat.util.scan.StandardJarScanner - Scanning JAR [jrt:/jdk.net] from classpath
2026-06-07 22:55:18 DEBUG org.apache.tomcat.util.scan.StandardJarScanner - Scanning JAR [jrt:/jdk.internal.md] from classpath
2026-06-07 22:55:18 DEBUG org.apache.tomcat.util.scan.StandardJarScanner - Scanning JAR [jrt:/jdk.unsupported] from classpath
2026-06-07 22:55:18 DEBUG org.apache.tomcat.util.scan.StandardJarScanner - Scanning JAR [jrt:/jdk.jshell] from classpath
2026-06-07 22:55:18 DEBUG org.apache.tomcat.util.scan.StandardJarScanner - Scanning JAR [jrt:/java.transaction.xa] from classpath
2026-06-07 22:55:18 DEBUG org.apache.tomcat.util.scan.StandardJarScanner - Scanning JAR [jrt:/jdk.jdeps] from classpath
2026-06-07 22:55:18 DEBUG org.apache.tomcat.util.scan.StandardJarScanner - Scanning JAR [jrt:/jdk.jsobject] from classpath
2026-06-07 22:55:18 DEBUG org.apache.tomcat.util.scan.StandardJarScanner - Scanning JAR [jrt:/jdk.naming.rmi] from classpath
2026-06-07 22:55:18 DEBUG org.apache.tomcat.util.scan.StandardJarScanner - Scanning JAR [jrt:/java.logging] from classpath
2026-06-07 22:55:18 DEBUG org.apache.tomcat.util.scan.StandardJarScanner - Scanning JAR [jrt:/java.xml] from classpath
2026-06-07 22:55:18 DEBUG org.apache.tomcat.util.scan.StandardJarScanner - Scanning JAR [jrt:/java.base] from classpath
2026-06-07 22:55:18 DEBUG org.apache.tomcat.util.scan.StandardJarScanner - Scanning JAR [jrt:/jdk.jpackage] from classpath
2026-06-07 22:55:18 DEBUG org.apache.tomcat.util.scan.StandardJarScanner - Scanning JAR [jrt:/jdk.sctp] from classpath
2026-06-07 22:55:18 DEBUG org.apache.tomcat.util.scan.StandardJarScanner - Scanning JAR [jrt:/java.naming] from classpath
2026-06-07 22:55:18 DEBUG org.apache.tomcat.util.scan.StandardJarScanner - Scanning JAR [jrt:/jdk.security.jgss] from classpath
2026-06-07 22:55:18 DEBUG org.apache.tomcat.util.scan.StandardJarScanner - Scanning JAR [jrt:/jdk.internal.jvmstat] from classpath
2026-06-07 22:55:18 DEBUG org.apache.tomcat.util.scan.StandardJarScanner - Scanning JAR [jrt:/jdk.charsets] from classpath
2026-06-07 22:55:18 DEBUG org.apache.tomcat.util.scan.StandardJarScanner - Scanning JAR [jrt:/jdk.jdi] from classpath
2026-06-07 22:55:18 DEBUG org.apache.tomcat.util.scan.StandardJarScanner - Scanning JAR [jrt:/jdk.javadoc] from classpath
2026-06-07 22:55:18 DEBUG org.apache.tomcat.util.scan.StandardJarScanner - Scanning JAR [jrt:/jdk.jconsole] from classpath
2026-06-07 22:55:18 DEBUG org.apache.tomcat.util.scan.StandardJarScanner - Scanning JAR [jrt:/java.security.jgss] from classpath
2026-06-07 22:55:18 DEBUG org.apache.tomcat.util.scan.StandardJarScanner - Scanning JAR [jrt:/jdk.internal.le] from classpath
2026-06-07 22:55:18 DEBUG org.apache.tomcat.util.scan.StandardJarScanner - Scanning JAR [jrt:/jdk.dynalink] from classpath
2026-06-07 22:55:18 DEBUG org.apache.tomcat.util.scan.StandardJarScanner - Scanning JAR [jrt:/java.sql.rowset] from classpath
2026-06-07 22:55:18 DEBUG org.apache.tomcat.util.scan.StandardJarScanner - Scanning JAR [jrt:/jdk.editpad] from classpath
2026-06-07 22:55:18 DEBUG org.apache.tomcat.util.scan.StandardJarScanner - Scanning JAR [jrt:/jdk.naming.dns] from classpath
2026-06-07 22:55:18 DEBUG org.apache.tomcat.util.scan.StandardJarScanner - Scanning JAR [jrt:/java.sql] from classpath
2026-06-07 22:55:18 DEBUG org.apache.tomcat.util.scan.StandardJarScanner - Scanning JAR [jrt:/java.datatransfer] from classpath
2026-06-07 22:55:18 DEBUG org.apache.tomcat.util.scan.StandardJarScanner - Scanning JAR [jrt:/java.xml.crypto] from classpath
2026-06-07 22:55:18 DEBUG org.apache.tomcat.util.scan.StandardJarScanner - Scanning JAR [jrt:/jdk.zipfs] from classpath
2026-06-07 22:55:18 DEBUG org.apache.tomcat.util.scan.StandardJarScanner - Scanning JAR [jrt:/java.security.sasl] from classpath
2026-06-07 22:55:18 DEBUG org.apache.tomcat.util.scan.StandardJarScanner - Scanning JAR [jrt:/jdk.security.auth] from classpath
2026-06-07 22:55:18 DEBUG org.apache.tomcat.util.scan.StandardJarScanner - Scanning JAR [jrt:/jdk.xml.dom] from classpath
2026-06-07 22:55:18 DEBUG org.apache.tomcat.util.scan.StandardJarScanner - Scanning JAR [jrt:/java.rmi] from classpath
2026-06-07 22:55:18 DEBUG org.apache.tomcat.util.scan.StandardJarScanner - Scanning JAR [jrt:/jdk.accessibility] from classpath
2026-06-07 22:55:18 DEBUG org.apache.tomcat.util.scan.StandardJarScanner - Scanning JAR [jrt:/java.management.rmi] from classpath
2026-06-07 22:55:18 DEBUG org.apache.tomcat.util.scan.StandardJarScanner - Scanning JAR [jrt:/jdk.jdwp.agent] from classpath
2026-06-07 22:55:18 DEBUG org.apache.tomcat.util.scan.StandardJarScanner - Scanning JAR [jrt:/java.net.http] from classpath
2026-06-07 22:55:18 DEBUG org.apache.tomcat.util.scan.StandardJarScanner - Scanning JAR [jrt:/jdk.attach] from classpath
2026-06-07 22:55:18 DEBUG org.apache.tomcat.util.scan.StandardJarScanner - Scanning JAR [jrt:/jdk.compiler] from classpath
2026-06-07 22:55:18 DEBUG org.apache.tomcat.util.scan.StandardJarScanner - Scanning JAR [jrt:/java.desktop] from classpath
2026-06-07 22:55:18 DEBUG org.apache.tomcat.util.scan.StandardJarScanner - Scanning JAR [jrt:/jdk.jartool] from classpath
2026-06-07 22:55:18 DEBUG org.apache.tomcat.util.scan.StandardJarScanner - Scanning JAR [jrt:/java.scripting] from classpath
2026-06-07 22:55:18 DEBUG org.apache.tomcat.util.scan.StandardJarScanner - Scanning JAR [jrt:/jdk.management] from classpath
2026-06-07 22:55:18 DEBUG org.apache.tomcat.util.scan.StandardJarScanner - Scanning JAR [jrt:/java.instrument] from classpath
2026-06-07 22:55:18 DEBUG org.apache.tomcat.util.scan.StandardJarScanner - Scanning JAR [jrt:/java.prefs] from classpath
2026-06-07 22:55:18 INFO  org.apache.jasper.servlet.TldScanner - At least one JAR was scanned for TLDs yet contained no TLDs. Enable debug logging for this logger for a complete list of JARs that were scanned but no TLDs were found in them. Skipping unneeded JARs during scanning can improve startup time and JSP compilation time.
2026-06-07 22:55:18 DEBUG org.springframework.boot.web.context.servlet.WebApplicationContextInitializer - Published root WebApplicationContext as ServletContext attribute with name [org.springframework.web.context.WebApplicationContext.ROOT]
2026-06-07 22:55:18 INFO  org.springframework.boot.web.context.servlet.WebApplicationContextInitializer - Root WebApplicationContext: initialization completed in 597 ms
2026-06-07 22:55:18 DEBUG org.springframework.beans.factory.support.DefaultListableBeanFactory - Creating shared instance of singleton bean 'requestContextFilter'
2026-06-07 22:55:18 DEBUG org.springframework.beans.factory.support.DefaultListableBeanFactory - Creating shared instance of singleton bean 'formContentFilter'
2026-06-07 22:55:18 DEBUG org.springframework.beans.factory.support.DefaultListableBeanFactory - Creating shared instance of singleton bean 'org.springframework.boot.webmvc.autoconfigure.WebMvcAutoConfiguration'
2026-06-07 22:55:18 DEBUG org.springframework.beans.factory.support.DefaultListableBeanFactory - Creating shared instance of singleton bean 'characterEncodingFilter'
2026-06-07 22:55:18 DEBUG org.springframework.beans.factory.support.DefaultListableBeanFactory - Creating shared instance of singleton bean 'org.springframework.boot.servlet.autoconfigure.HttpEncodingAutoConfiguration'
2026-06-07 22:55:18 DEBUG org.springframework.beans.factory.support.DefaultListableBeanFactory - Creating shared instance of singleton bean 'spring.servlet.encoding-org.springframework.boot.servlet.autoconfigure.ServletEncodingProperties'
2026-06-07 22:55:18 DEBUG org.springframework.beans.factory.support.DefaultListableBeanFactory - Autowiring by type from bean name 'characterEncodingFilter' via factory method to bean named 'spring.servlet.encoding-org.springframework.boot.servlet.autoconfigure.ServletEncodingProperties'
2026-06-07 22:55:18 DEBUG org.springframework.boot.web.servlet.ServletContextInitializerBeans - Mapping filters: characterEncodingFilter urls=[/*] order=-2147483648, formContentFilter urls=[/*] order=-9900, requestContextFilter urls=[/*] order=-105
2026-06-07 22:55:18 DEBUG org.springframework.boot.web.servlet.ServletContextInitializerBeans - Mapping servlets: dispatcherServlet urls=[/]
2026-06-07 22:55:18 DEBUG org.apache.catalina.core.ContainerBase - Add container child [StandardWrapper[dispatcherServlet]] to container [StandardEngine[Tomcat].StandardHost[localhost].TomcatEmbeddedContext[]]
2026-06-07 22:55:18 DEBUG org.apache.catalina.util.LifecycleBase - Setting state for [StandardEngine[Tomcat].StandardHost[localhost].TomcatEmbeddedContext[].StandardWrapper[dispatcherServlet]] to [INITIALIZING]
2026-06-07 22:55:18 DEBUG org.apache.catalina.util.LifecycleBase - Setting state for [StandardEngine[Tomcat].StandardHost[localhost].TomcatEmbeddedContext[].StandardWrapper[dispatcherServlet]] to [INITIALIZED]
2026-06-07 22:55:18 DEBUG org.apache.catalina.util.LifecycleBase - Setting state for [StandardEngine[Tomcat].StandardHost[localhost].TomcatEmbeddedContext[].StandardWrapper[dispatcherServlet]] to [STARTING_PREP]
2026-06-07 22:55:18 DEBUG org.apache.catalina.util.LifecycleBase - Setting state for [StandardPipeline[StandardEngine[Tomcat].StandardHost[localhost].TomcatEmbeddedContext[].StandardWrapper[dispatcherServlet]]] to [INITIALIZING]
2026-06-07 22:55:18 DEBUG org.apache.catalina.util.LifecycleBase - Setting state for [StandardPipeline[StandardEngine[Tomcat].StandardHost[localhost].TomcatEmbeddedContext[].StandardWrapper[dispatcherServlet]]] to [INITIALIZED]
2026-06-07 22:55:18 DEBUG org.apache.catalina.util.LifecycleBase - Setting state for [StandardPipeline[StandardEngine[Tomcat].StandardHost[localhost].TomcatEmbeddedContext[].StandardWrapper[dispatcherServlet]]] to [STARTING_PREP]
2026-06-07 22:55:18 DEBUG org.apache.catalina.util.LifecycleBase - Setting state for [StandardWrapperValve[StandardEngine[Tomcat].StandardHost[localhost].TomcatEmbeddedContext[].StandardWrapper[dispatcherServlet]]] to [INITIALIZING]
2026-06-07 22:55:18 DEBUG org.apache.catalina.util.LifecycleBase - Setting state for [StandardWrapperValve[StandardEngine[Tomcat].StandardHost[localhost].TomcatEmbeddedContext[].StandardWrapper[dispatcherServlet]]] to [INITIALIZED]
2026-06-07 22:55:18 DEBUG org.apache.catalina.util.LifecycleBase - Setting state for [StandardWrapperValve[StandardEngine[Tomcat].StandardHost[localhost].TomcatEmbeddedContext[].StandardWrapper[dispatcherServlet]]] to [STARTING_PREP]
2026-06-07 22:55:18 DEBUG org.apache.catalina.util.LifecycleBase - Setting state for [StandardWrapperValve[StandardEngine[Tomcat].StandardHost[localhost].TomcatEmbeddedContext[].StandardWrapper[dispatcherServlet]]] to [STARTING]
2026-06-07 22:55:18 DEBUG org.apache.catalina.util.LifecycleBase - Setting state for [StandardWrapperValve[StandardEngine[Tomcat].StandardHost[localhost].TomcatEmbeddedContext[].StandardWrapper[dispatcherServlet]]] to [STARTED]
2026-06-07 22:55:18 DEBUG org.apache.catalina.util.LifecycleBase - Setting state for [StandardPipeline[StandardEngine[Tomcat].StandardHost[localhost].TomcatEmbeddedContext[].StandardWrapper[dispatcherServlet]]] to [STARTING]
2026-06-07 22:55:18 DEBUG org.apache.catalina.util.LifecycleBase - Setting state for [StandardPipeline[StandardEngine[Tomcat].StandardHost[localhost].TomcatEmbeddedContext[].StandardWrapper[dispatcherServlet]]] to [STARTED]
2026-06-07 22:55:18 DEBUG org.apache.catalina.util.LifecycleBase - Setting state for [StandardEngine[Tomcat].StandardHost[localhost].TomcatEmbeddedContext[].StandardWrapper[dispatcherServlet]] to [STARTING]
2026-06-07 22:55:18 DEBUG org.apache.catalina.util.LifecycleBase - Setting state for [StandardEngine[Tomcat].StandardHost[localhost].TomcatEmbeddedContext[].StandardWrapper[dispatcherServlet]] to [STARTED]
2026-06-07 22:55:18 DEBUG org.apache.catalina.util.LifecycleBase - Setting state for [StandardManager[StandardEngine[Tomcat].StandardHost[localhost].TomcatEmbeddedContext[]]] to [INITIALIZING]
2026-06-07 22:55:18 DEBUG org.apache.catalina.util.LifecycleBase - Setting state for [StandardManager[StandardEngine[Tomcat].StandardHost[localhost].TomcatEmbeddedContext[]]] to [INITIALIZED]
2026-06-07 22:55:18 DEBUG org.apache.catalina.util.LifecycleBase - Setting state for [StandardManager[StandardEngine[Tomcat].StandardHost[localhost].TomcatEmbeddedContext[]]] to [STARTING_PREP]
2026-06-07 22:55:18 DEBUG org.apache.catalina.util.LifecycleBase - Setting state for [org.springframework.boot.tomcat.LazySessionIdGenerator@87d9a01] to [INITIALIZING]
2026-06-07 22:55:18 DEBUG org.apache.catalina.util.LifecycleBase - Setting state for [org.springframework.boot.tomcat.LazySessionIdGenerator@87d9a01] to [INITIALIZED]
2026-06-07 22:55:18 DEBUG org.apache.catalina.util.LifecycleBase - Setting state for [org.springframework.boot.tomcat.LazySessionIdGenerator@87d9a01] to [STARTING_PREP]
2026-06-07 22:55:18 DEBUG org.apache.catalina.util.LifecycleBase - Setting state for [org.springframework.boot.tomcat.LazySessionIdGenerator@87d9a01] to [STARTING]
2026-06-07 22:55:18 DEBUG org.apache.catalina.util.LifecycleBase - Setting state for [org.springframework.boot.tomcat.LazySessionIdGenerator@87d9a01] to [STARTED]
2026-06-07 22:55:18 DEBUG org.apache.catalina.util.LifecycleBase - Setting state for [StandardManager[StandardEngine[Tomcat].StandardHost[localhost].TomcatEmbeddedContext[]]] to [STARTING]
2026-06-07 22:55:18 DEBUG org.apache.catalina.util.LifecycleBase - Setting state for [StandardManager[StandardEngine[Tomcat].StandardHost[localhost].TomcatEmbeddedContext[]]] to [STARTED]
2026-06-07 22:55:18 DEBUG org.springframework.boot.servlet.filter.OrderedRequestContextFilter - Filter 'requestContextFilter' configured for use
2026-06-07 22:55:18 DEBUG org.springframework.boot.servlet.filter.OrderedCharacterEncodingFilter - Filter 'characterEncodingFilter' configured for use
2026-06-07 22:55:18 DEBUG org.springframework.boot.servlet.filter.OrderedFormContentFilter - Filter 'formContentFilter' configured for use
2026-06-07 22:55:18 DEBUG org.apache.catalina.util.LifecycleBase - Setting state for [StandardEngine[Tomcat].StandardHost[localhost].TomcatEmbeddedContext[]] to [STARTING]
2026-06-07 22:55:18 DEBUG org.apache.catalina.util.LifecycleBase - Setting state for [StandardEngine[Tomcat].StandardHost[localhost].TomcatEmbeddedContext[]] to [STARTED]
2026-06-07 22:55:18 DEBUG org.apache.catalina.util.LifecycleBase - Setting state for [StandardPipeline[StandardEngine[Tomcat].StandardHost[localhost]]] to [INITIALIZING]
2026-06-07 22:55:18 DEBUG org.apache.catalina.util.LifecycleBase - Setting state for [StandardPipeline[StandardEngine[Tomcat].StandardHost[localhost]]] to [INITIALIZED]
2026-06-07 22:55:18 DEBUG org.apache.catalina.util.LifecycleBase - Setting state for [StandardPipeline[StandardEngine[Tomcat].StandardHost[localhost]]] to [STARTING_PREP]
2026-06-07 22:55:18 DEBUG org.apache.catalina.util.LifecycleBase - Setting state for [ErrorReportValve[StandardEngine[Tomcat].StandardHost[localhost]]] to [INITIALIZING]
2026-06-07 22:55:18 DEBUG org.apache.catalina.util.LifecycleBase - Setting state for [ErrorReportValve[StandardEngine[Tomcat].StandardHost[localhost]]] to [INITIALIZED]
2026-06-07 22:55:18 DEBUG org.apache.catalina.util.LifecycleBase - Setting state for [ErrorReportValve[StandardEngine[Tomcat].StandardHost[localhost]]] to [STARTING_PREP]
2026-06-07 22:55:18 DEBUG org.apache.catalina.util.LifecycleBase - Setting state for [ErrorReportValve[StandardEngine[Tomcat].StandardHost[localhost]]] to [STARTING]
2026-06-07 22:55:18 DEBUG org.apache.catalina.util.LifecycleBase - Setting state for [ErrorReportValve[StandardEngine[Tomcat].StandardHost[localhost]]] to [STARTED]
2026-06-07 22:55:18 DEBUG org.apache.catalina.util.LifecycleBase - Setting state for [StandardHostValve[StandardEngine[Tomcat].StandardHost[localhost]]] to [INITIALIZING]
2026-06-07 22:55:18 DEBUG org.apache.catalina.util.LifecycleBase - Setting state for [StandardHostValve[StandardEngine[Tomcat].StandardHost[localhost]]] to [INITIALIZED]
2026-06-07 22:55:18 DEBUG org.apache.catalina.util.LifecycleBase - Setting state for [StandardHostValve[StandardEngine[Tomcat].StandardHost[localhost]]] to [STARTING_PREP]
2026-06-07 22:55:18 DEBUG org.apache.catalina.util.LifecycleBase - Setting state for [StandardHostValve[StandardEngine[Tomcat].StandardHost[localhost]]] to [STARTING]
2026-06-07 22:55:18 DEBUG org.apache.catalina.util.LifecycleBase - Setting state for [StandardHostValve[StandardEngine[Tomcat].StandardHost[localhost]]] to [STARTED]
2026-06-07 22:55:18 DEBUG org.apache.catalina.util.LifecycleBase - Setting state for [StandardPipeline[StandardEngine[Tomcat].StandardHost[localhost]]] to [STARTING]
2026-06-07 22:55:18 DEBUG org.apache.catalina.util.LifecycleBase - Setting state for [StandardPipeline[StandardEngine[Tomcat].StandardHost[localhost]]] to [STARTED]
2026-06-07 22:55:18 DEBUG org.apache.catalina.util.LifecycleBase - Setting state for [StandardEngine[Tomcat].StandardHost[localhost]] to [STARTING]
2026-06-07 22:55:18 DEBUG org.apache.catalina.util.LifecycleBase - Setting state for [StandardEngine[Tomcat].StandardHost[localhost]] to [STARTED]
2026-06-07 22:55:18 DEBUG org.apache.catalina.util.LifecycleBase - Setting state for [StandardPipeline[StandardEngine[Tomcat]]] to [INITIALIZING]
2026-06-07 22:55:18 DEBUG org.apache.catalina.util.LifecycleBase - Setting state for [StandardPipeline[StandardEngine[Tomcat]]] to [INITIALIZED]
2026-06-07 22:55:18 DEBUG org.apache.catalina.util.LifecycleBase - Setting state for [StandardPipeline[StandardEngine[Tomcat]]] to [STARTING_PREP]
2026-06-07 22:55:18 DEBUG org.apache.catalina.util.LifecycleBase - Setting state for [StandardEngineValve[StandardEngine[Tomcat]]] to [INITIALIZING]
2026-06-07 22:55:18 DEBUG org.apache.catalina.util.LifecycleBase - Setting state for [StandardEngineValve[StandardEngine[Tomcat]]] to [INITIALIZED]
2026-06-07 22:55:18 DEBUG org.apache.catalina.util.LifecycleBase - Setting state for [StandardEngineValve[StandardEngine[Tomcat]]] to [STARTING_PREP]
2026-06-07 22:55:18 DEBUG org.apache.catalina.util.LifecycleBase - Setting state for [StandardEngineValve[StandardEngine[Tomcat]]] to [STARTING]
2026-06-07 22:55:18 DEBUG org.apache.catalina.util.LifecycleBase - Setting state for [StandardEngineValve[StandardEngine[Tomcat]]] to [STARTED]
2026-06-07 22:55:18 DEBUG org.apache.catalina.util.LifecycleBase - Setting state for [StandardPipeline[StandardEngine[Tomcat]]] to [STARTING]
2026-06-07 22:55:18 DEBUG org.apache.catalina.util.LifecycleBase - Setting state for [StandardPipeline[StandardEngine[Tomcat]]] to [STARTED]
2026-06-07 22:55:18 DEBUG org.apache.catalina.util.LifecycleBase - Setting state for [StandardEngine[Tomcat]] to [STARTING]
2026-06-07 22:55:18 DEBUG org.apache.catalina.util.LifecycleBase - Setting state for [StandardEngine[Tomcat]] to [STARTED]
2026-06-07 22:55:18 DEBUG org.apache.catalina.util.LifecycleBase - Setting state for [org.apache.catalina.mapper.MapperListener@63bfdbcb] to [STARTING_PREP]
2026-06-07 22:55:18 DEBUG org.apache.catalina.util.LifecycleBase - Setting state for [org.apache.catalina.mapper.MapperListener@63bfdbcb] to [STARTING]
2026-06-07 22:55:18 DEBUG org.apache.catalina.mapper.Mapper - Registered host [localhost]
2026-06-07 22:55:18 DEBUG org.apache.catalina.mapper.MapperListener - Register Wrapper [jsp] in Context [] for service [StandardService[Tomcat]]
2026-06-07 22:55:18 DEBUG org.apache.catalina.mapper.MapperListener - Register Wrapper [dispatcherServlet] in Context [] for service [StandardService[Tomcat]]
2026-06-07 22:55:18 DEBUG org.apache.catalina.mapper.MapperListener - Register Context [] for service [StandardService[Tomcat]]
2026-06-07 22:55:18 DEBUG org.apache.catalina.mapper.MapperListener - Register host [localhost] at domain [null] for service [StandardService[Tomcat]]
2026-06-07 22:55:18 DEBUG org.apache.catalina.util.LifecycleBase - Setting state for [org.apache.catalina.mapper.MapperListener@63bfdbcb] to [STARTED]
2026-06-07 22:55:18 DEBUG org.apache.catalina.util.LifecycleBase - Setting state for [StandardService[Tomcat]] to [STARTED]
2026-06-07 22:55:18 DEBUG org.apache.catalina.util.LifecycleBase - Setting state for [StandardServer[-1]] to [STARTED]
2026-06-07 22:55:19 DEBUG org.springframework.beans.factory.support.DefaultListableBeanFactory - Creating shared instance of singleton bean 'applicationTaskExecutor'
2026-06-07 22:55:19 DEBUG org.springframework.beans.factory.support.DefaultListableBeanFactory - Creating shared instance of singleton bean 'org.springframework.boot.autoconfigure.task.TaskExecutorConfigurations$TaskExecutorConfiguration'
2026-06-07 22:55:19 DEBUG org.springframework.beans.factory.support.DefaultListableBeanFactory - Creating shared instance of singleton bean 'threadPoolTaskExecutorBuilder'
2026-06-07 22:55:19 DEBUG org.springframework.beans.factory.support.DefaultListableBeanFactory - Creating shared instance of singleton bean 'org.springframework.boot.autoconfigure.task.TaskExecutorConfigurations$ThreadPoolTaskExecutorBuilderConfiguration'
2026-06-07 22:55:19 DEBUG org.springframework.beans.factory.support.DefaultListableBeanFactory - Creating shared instance of singleton bean 'spring.task.execution-org.springframework.boot.autoconfigure.task.TaskExecutionProperties'
2026-06-07 22:55:19 DEBUG org.springframework.beans.factory.support.DefaultListableBeanFactory - Autowiring by type from bean name 'threadPoolTaskExecutorBuilder' via factory method to bean named 'spring.task.execution-org.springframework.boot.autoconfigure.task.TaskExecutionProperties'
2026-06-07 22:55:19 DEBUG org.springframework.beans.factory.support.DefaultListableBeanFactory - Autowiring by type from bean name 'applicationTaskExecutor' via factory method to bean named 'threadPoolTaskExecutorBuilder'
2026-06-07 22:55:19 DEBUG org.springframework.scheduling.concurrent.ThreadPoolTaskExecutor - Initializing ExecutorService 'applicationTaskExecutor'
2026-06-07 22:55:19 DEBUG org.springframework.beans.factory.support.DefaultListableBeanFactory - Creating shared instance of singleton bean 'dataSourceScriptDatabaseInitializer'
2026-06-07 22:55:19 DEBUG org.springframework.beans.factory.support.DefaultListableBeanFactory - Creating shared instance of singleton bean 'org.springframework.boot.jdbc.autoconfigure.DataSourceInitializationAutoConfiguration'
2026-06-07 22:55:19 DEBUG org.springframework.beans.factory.support.DefaultListableBeanFactory - Creating shared instance of singleton bean 'dataSource'
2026-06-07 22:55:19 DEBUG org.springframework.beans.factory.support.DefaultListableBeanFactory - Creating shared instance of singleton bean 'org.springframework.boot.jdbc.autoconfigure.DataSourceConfiguration$Hikari'
2026-06-07 22:55:19 DEBUG org.springframework.beans.factory.support.DefaultListableBeanFactory - Creating shared instance of singleton bean 'spring.datasource-org.springframework.boot.jdbc.autoconfigure.DataSourceProperties'
2026-06-07 22:55:19 DEBUG org.springframework.beans.factory.support.DefaultListableBeanFactory - Creating shared instance of singleton bean 'jdbcConnectionDetails'
2026-06-07 22:55:19 DEBUG org.springframework.beans.factory.support.DefaultListableBeanFactory - Creating shared instance of singleton bean 'org.springframework.boot.jdbc.autoconfigure.DataSourceAutoConfiguration$PooledDataSourceConfiguration'
2026-06-07 22:55:19 DEBUG org.springframework.beans.factory.support.DefaultListableBeanFactory - Autowiring by type from bean name 'jdbcConnectionDetails' via factory method to bean named 'spring.datasource-org.springframework.boot.jdbc.autoconfigure.DataSourceProperties'
2026-06-07 22:55:19 DEBUG org.springframework.beans.factory.support.DefaultListableBeanFactory - Autowiring by type from bean name 'dataSource' via factory method to bean named 'spring.datasource-org.springframework.boot.jdbc.autoconfigure.DataSourceProperties'
2026-06-07 22:55:19 DEBUG org.springframework.beans.factory.support.DefaultListableBeanFactory - Autowiring by type from bean name 'dataSource' via factory method to bean named 'jdbcConnectionDetails'
2026-06-07 22:55:19 DEBUG org.springframework.beans.factory.support.DefaultListableBeanFactory - Autowiring by type from bean name 'dataSource' via factory method to bean named 'environment'
2026-06-07 22:55:19 DEBUG com.zaxxer.hikari.util.UtilityElf - Class com.mysql.cj.jdbc.Driver found in Thread context class loader jdk.internal.loader.ClassLoaders$AppClassLoader@5a07e868
2026-06-07 22:55:19 DEBUG org.springframework.beans.factory.support.DefaultListableBeanFactory - Creating shared instance of singleton bean 'spring.sql.init-org.springframework.boot.sql.autoconfigure.init.SqlInitializationProperties'
2026-06-07 22:55:19 DEBUG org.springframework.beans.factory.support.DefaultListableBeanFactory - Autowiring by type from bean name 'dataSourceScriptDatabaseInitializer' via factory method to bean named 'dataSource'
2026-06-07 22:55:19 DEBUG org.springframework.beans.factory.support.DefaultListableBeanFactory - Autowiring by type from bean name 'dataSourceScriptDatabaseInitializer' via factory method to bean named 'spring.sql.init-org.springframework.boot.sql.autoconfigure.init.SqlInitializationProperties'
2026-06-07 22:55:19 DEBUG org.springframework.beans.factory.support.DefaultListableBeanFactory - Creating shared instance of singleton bean 'entityManagerFactory'
2026-06-07 22:55:19 DEBUG org.springframework.beans.factory.support.DefaultListableBeanFactory - Creating shared instance of singleton bean 'org.springframework.boot.hibernate.autoconfigure.HibernateJpaConfiguration'
2026-06-07 22:55:19 DEBUG org.springframework.beans.factory.support.DefaultListableBeanFactory - Creating shared instance of singleton bean 'spring.jpa-org.springframework.boot.jpa.autoconfigure.JpaProperties'
2026-06-07 22:55:19 DEBUG org.springframework.beans.factory.support.DefaultListableBeanFactory - Creating shared instance of singleton bean 'spring.jpa.hibernate-org.springframework.boot.hibernate.autoconfigure.HibernateProperties'
2026-06-07 22:55:19 DEBUG org.springframework.beans.factory.support.DefaultListableBeanFactory - Autowiring by type from bean name 'org.springframework.boot.hibernate.autoconfigure.HibernateJpaConfiguration' via constructor to bean named 'dataSource'
2026-06-07 22:55:19 DEBUG org.springframework.beans.factory.support.DefaultListableBeanFactory - Autowiring by type from bean name 'org.springframework.boot.hibernate.autoconfigure.HibernateJpaConfiguration' via constructor to bean named 'spring.jpa-org.springframework.boot.jpa.autoconfigure.JpaProperties'
2026-06-07 22:55:19 DEBUG org.springframework.beans.factory.support.DefaultListableBeanFactory - Autowiring by type from bean name 'org.springframework.boot.hibernate.autoconfigure.HibernateJpaConfiguration' via constructor to bean named 'org.springframework.beans.factory.support.DefaultListableBeanFactory@a8a8b75'
2026-06-07 22:55:19 DEBUG org.springframework.beans.factory.support.DefaultListableBeanFactory - Autowiring by type from bean name 'org.springframework.boot.hibernate.autoconfigure.HibernateJpaConfiguration' via constructor to bean named 'spring.jpa.hibernate-org.springframework.boot.hibernate.autoconfigure.HibernateProperties'
2026-06-07 22:55:19 DEBUG org.springframework.beans.factory.support.DefaultListableBeanFactory - Creating shared instance of singleton bean 'hikariPoolDataSourceMetadataProvider'
2026-06-07 22:55:19 DEBUG org.springframework.beans.factory.support.DefaultListableBeanFactory - Creating shared instance of singleton bean 'org.springframework.boot.jdbc.autoconfigure.DataSourcePoolMetadataProvidersConfiguration$HikariPoolDataSourceMetadataProviderConfiguration'
2026-06-07 22:55:19 DEBUG org.springframework.beans.factory.support.DefaultListableBeanFactory - Creating shared instance of singleton bean 'entityManagerFactoryBuilder'
2026-06-07 22:55:19 DEBUG org.springframework.beans.factory.support.DefaultListableBeanFactory - Creating shared instance of singleton bean 'jpaVendorAdapter'
2026-06-07 22:55:19 DEBUG org.springframework.beans.factory.support.DefaultListableBeanFactory - Autowiring by type from bean name 'entityManagerFactoryBuilder' via factory method to bean named 'jpaVendorAdapter'
2026-06-07 22:55:19 DEBUG org.springframework.beans.factory.support.DefaultListableBeanFactory - Creating shared instance of singleton bean 'persistenceManagedTypes'
2026-06-07 22:55:19 DEBUG org.springframework.beans.factory.support.DefaultListableBeanFactory - Autowiring by type from bean name 'persistenceManagedTypes' via factory method to bean named 'org.springframework.beans.factory.support.DefaultListableBeanFactory@a8a8b75'
2026-06-07 22:55:19 DEBUG org.springframework.beans.factory.support.DefaultListableBeanFactory - Autowiring by type from bean name 'persistenceManagedTypes' via factory method to bean named 'org.springframework.boot.web.server.servlet.context.AnnotationConfigServletWebServerApplicationContext@372b0d86'
2026-06-07 22:55:19 DEBUG org.springframework.beans.factory.support.DefaultListableBeanFactory - Autowiring by type from bean name 'entityManagerFactory' via factory method to bean named 'entityManagerFactoryBuilder'
2026-06-07 22:55:19 DEBUG org.springframework.beans.factory.support.DefaultListableBeanFactory - Autowiring by type from bean name 'entityManagerFactory' via factory method to bean named 'persistenceManagedTypes'
2026-06-07 22:55:19 DEBUG org.springframework.orm.jpa.LocalContainerEntityManagerFactoryBean - Building JPA container EntityManagerFactory for persistence unit 'default'
2026-06-07 22:55:19 DEBUG org.jboss.logging - Logging Provider: org.jboss.logging.Log4j2LoggerProvider
2026-06-07 22:55:19 DEBUG org.hibernate.orm.jpa - HHH008541: PersistenceUnitInfo [
	name: default
	persistence provider classname: null
	classloader: jdk.internal.loader.ClassLoaders$AppClassLoader@5a07e868
	excludeUnlistedClasses: true
	JTA datasource: null
	Non JTA datasource: HikariDataSource (null)
	Transaction type: RESOURCE_LOCAL
	PU root URL: file:/Users/aronstephencordova/eclipse-workspace/OrderManagement/target/classes/
	Shared Cache Mode: UNSPECIFIED
	Validation Mode: AUTO
	Jar files URLs []
	Managed classes names [
		com.pup.taguig.app.model]
	Mapping files names []
	Properties []
2026-06-07 22:55:19 DEBUG org.hibernate.orm.service - HHH010455: Adding integrator: org.hibernate.boot.beanvalidation.BeanValidationIntegrator
2026-06-07 22:55:19 DEBUG org.hibernate.orm.service - HHH010455: Adding integrator: org.hibernate.cache.internal.CollectionCacheInvalidator
2026-06-07 22:55:19 INFO  org.hibernate.orm.core - HHH000001: Hibernate ORM core version 7.2.12.Final
2026-06-07 22:55:19 DEBUG org.hibernate.orm.core - HHH000206: 'hibernate.properties' not found
2026-06-07 22:55:19 DEBUG org.springframework.orm.jpa.hibernate.SpringBeanContainer - Falling back to Hibernate's default producer after bean creation failure for interface org.hibernate.engine.jdbc.connections.spi.MultiTenantConnectionProvider: org.springframework.beans.factory.BeanCreationException: Error creating bean with name 'org.hibernate.engine.jdbc.connections.spi.MultiTenantConnectionProvider': Failed to instantiate [org.hibernate.engine.jdbc.connections.spi.MultiTenantConnectionProvider]: Specified class is an interface
2026-06-07 22:55:19 DEBUG org.hibernate.orm.cache - HHH90001031: Cannot default RegionFactory since no RegionFactory strategies were registered
2026-06-07 22:55:19 DEBUG org.hibernate.orm.cache - HHH90001029: Second-level cache disabled
2026-06-07 22:55:19 INFO  org.springframework.orm.jpa.persistenceunit.SpringPersistenceUnitInfo - No LoadTimeWeaver setup: ignoring JPA class transformer
2026-06-07 22:55:19 DEBUG com.zaxxer.hikari.HikariConfig - HikariPool-1 - configuration:
2026-06-07 22:55:19 DEBUG com.zaxxer.hikari.HikariConfig - allowPoolSuspension.............false
2026-06-07 22:55:19 DEBUG com.zaxxer.hikari.HikariConfig - autoCommit......................true
2026-06-07 22:55:19 DEBUG com.zaxxer.hikari.HikariConfig - catalog.........................none
2026-06-07 22:55:19 DEBUG com.zaxxer.hikari.HikariConfig - connectionInitSql...............none
2026-06-07 22:55:19 DEBUG com.zaxxer.hikari.HikariConfig - connectionTestQuery.............none
2026-06-07 22:55:19 DEBUG com.zaxxer.hikari.HikariConfig - connectionTimeout...............30000
2026-06-07 22:55:19 DEBUG com.zaxxer.hikari.HikariConfig - credentials.....................com.zaxxer.hikari.util.Credentials@30bbe83
2026-06-07 22:55:19 DEBUG com.zaxxer.hikari.HikariConfig - credentialsProvider.............none
2026-06-07 22:55:19 DEBUG com.zaxxer.hikari.HikariConfig - credentialsProviderClassName....none
2026-06-07 22:55:19 DEBUG com.zaxxer.hikari.HikariConfig - dataSource......................none
2026-06-07 22:55:19 DEBUG com.zaxxer.hikari.HikariConfig - dataSourceClassName.............none
2026-06-07 22:55:19 DEBUG com.zaxxer.hikari.HikariConfig - dataSourceJNDI..................none
2026-06-07 22:55:19 DEBUG com.zaxxer.hikari.HikariConfig - dataSourceProperties............{password=<masked>}
2026-06-07 22:55:19 DEBUG com.zaxxer.hikari.HikariConfig - driverClassName................."com.mysql.cj.jdbc.Driver"
2026-06-07 22:55:19 DEBUG com.zaxxer.hikari.HikariConfig - exceptionOverride...............none
2026-06-07 22:55:19 DEBUG com.zaxxer.hikari.HikariConfig - exceptionOverrideClassName......none
2026-06-07 22:55:19 DEBUG com.zaxxer.hikari.HikariConfig - healthCheckProperties...........{}
2026-06-07 22:55:19 DEBUG com.zaxxer.hikari.HikariConfig - healthCheckRegistry.............none
2026-06-07 22:55:19 DEBUG com.zaxxer.hikari.HikariConfig - idleTimeout.....................600000
2026-06-07 22:55:19 DEBUG com.zaxxer.hikari.HikariConfig - initializationFailTimeout.......1
2026-06-07 22:55:19 DEBUG com.zaxxer.hikari.HikariConfig - isolateInternalQueries..........false
2026-06-07 22:55:19 DEBUG com.zaxxer.hikari.HikariConfig - jdbcUrl.........................jdbc:mysql://localhost:3306/order_management
2026-06-07 22:55:19 DEBUG com.zaxxer.hikari.HikariConfig - keepaliveTime...................120000
2026-06-07 22:55:19 DEBUG com.zaxxer.hikari.HikariConfig - leakDetectionThreshold..........0
2026-06-07 22:55:19 DEBUG com.zaxxer.hikari.HikariConfig - maxLifetime.....................1800000
2026-06-07 22:55:19 DEBUG com.zaxxer.hikari.HikariConfig - maximumPoolSize.................10
2026-06-07 22:55:19 DEBUG com.zaxxer.hikari.HikariConfig - metricRegistry..................none
2026-06-07 22:55:19 DEBUG com.zaxxer.hikari.HikariConfig - metricsTrackerFactory...........none
2026-06-07 22:55:19 DEBUG com.zaxxer.hikari.HikariConfig - minimumIdle.....................10
2026-06-07 22:55:19 DEBUG com.zaxxer.hikari.HikariConfig - password........................<masked>
2026-06-07 22:55:19 DEBUG com.zaxxer.hikari.HikariConfig - poolName........................"HikariPool-1"
2026-06-07 22:55:19 DEBUG com.zaxxer.hikari.HikariConfig - readOnly........................false
2026-06-07 22:55:19 DEBUG com.zaxxer.hikari.HikariConfig - registerMbeans..................false
2026-06-07 22:55:19 DEBUG com.zaxxer.hikari.HikariConfig - scheduledExecutor...............none
2026-06-07 22:55:19 DEBUG com.zaxxer.hikari.HikariConfig - schema..........................none
2026-06-07 22:55:19 DEBUG com.zaxxer.hikari.HikariConfig - threadFactory...................internal
2026-06-07 22:55:19 DEBUG com.zaxxer.hikari.HikariConfig - transactionIsolation............default
2026-06-07 22:55:19 DEBUG com.zaxxer.hikari.HikariConfig - username........................"root"
2026-06-07 22:55:19 DEBUG com.zaxxer.hikari.HikariConfig - validationTimeout...............5000
2026-06-07 22:55:19 INFO  com.zaxxer.hikari.HikariDataSource - HikariPool-1 - Starting...
2026-06-07 22:55:19 DEBUG com.zaxxer.hikari.pool.PoolBase - HikariPool-1 - Attempting to create/setup new connection (6682193e-a8d2-4656-b262-9c2ee3ad0f69)
2026-06-07 22:55:19 DEBUG sun.rmi.transport.tcp - RMI TCP Connection(2)-127.0.0.1: (port 59264) op = 82
2026-06-07 22:55:19 DEBUG sun.rmi.transport.tcp - RMI TCP Connection(2)-127.0.0.1: (port 59264) op = 80
2026-06-07 22:55:19 DEBUG sun.rmi.loader - RMI TCP Connection(2)-127.0.0.1: name = "javax.management.ObjectName", codebase = ""
2026-06-07 22:55:19 DEBUG javax.management.remote.rmi - connectionId=rmi://127.0.0.1  1, name=org.springframework.boot:type=Admin,name=SpringApplication, attribute=Ready
2026-06-07 22:55:19 DEBUG sun.rmi.server.call - RMI TCP Connection(2)-127.0.0.1: [127.0.0.1] exception: 
javax.management.InstanceNotFoundException: org.springframework.boot:type=Admin,name=SpringApplication
	at java.management/com.sun.jmx.interceptor.DefaultMBeanServerInterceptor.getMBean(DefaultMBeanServerInterceptor.java:1073)
	at java.management/com.sun.jmx.interceptor.DefaultMBeanServerInterceptor.getAttribute(DefaultMBeanServerInterceptor.java:632)
	at java.management/com.sun.jmx.mbeanserver.JmxMBeanServer.getAttribute(JmxMBeanServer.java:679)
	at java.management.rmi/javax.management.remote.rmi.RMIConnectionImpl.doOperation(RMIConnectionImpl.java:1497)
	at java.management.rmi/javax.management.remote.rmi.RMIConnectionImpl$PrivilegedOperation.run(RMIConnectionImpl.java:1348)
	at java.management.rmi/javax.management.remote.rmi.RMIConnectionImpl.doPrivilegedOperation(RMIConnectionImpl.java:1435)
	at java.management.rmi/javax.management.remote.rmi.RMIConnectionImpl.getAttribute(RMIConnectionImpl.java:647)
	at java.base/jdk.internal.reflect.DirectMethodHandleAccessor.invoke(DirectMethodHandleAccessor.java:103)
	at java.base/java.lang.reflect.Method.invoke(Method.java:580)
	at java.rmi/sun.rmi.server.UnicastServerRef.dispatch(UnicastServerRef.java:360)
	at java.rmi/sun.rmi.transport.Transport$1.run(Transport.java:200)
	at java.rmi/sun.rmi.transport.Transport$1.run(Transport.java:197)
	at java.base/java.security.AccessController.doPrivileged(AccessController.java:714)
	at java.rmi/sun.rmi.transport.Transport.serviceCall(Transport.java:196)
	at java.rmi/sun.rmi.transport.tcp.TCPTransport.handleMessages(TCPTransport.java:598)
	at java.rmi/sun.rmi.transport.tcp.TCPTransport$ConnectionHandler.run0(TCPTransport.java:844)
	at java.rmi/sun.rmi.transport.tcp.TCPTransport$ConnectionHandler.lambda$run$0(TCPTransport.java:721)
	at java.base/java.security.AccessController.doPrivileged(AccessController.java:400)
	at java.rmi/sun.rmi.transport.tcp.TCPTransport$ConnectionHandler.run(TCPTransport.java:720)
	at java.base/java.util.concurrent.ThreadPoolExecutor.runWorker(ThreadPoolExecutor.java:1144)
	at java.base/java.util.concurrent.ThreadPoolExecutor$Worker.run(ThreadPoolExecutor.java:642)
	at java.base/java.lang.Thread.run(Thread.java:1575)
2026-06-07 22:55:19 DEBUG jdk.event.security - X509Certificate: Alg:SHA256withRSA, Serial:02, Subject:CN=MySQL_Server_9.6.0_Auto_Generated_Server_Certificate, Issuer:CN=MySQL_Server_9.6.0_Auto_Generated_CA_Certificate, Key type:RSA, Length:2048, Cert Id:3255177289, Valid from:6/7/26, 10:54 PM, Valid until:6/4/36, 10:54 PM
2026-06-07 22:55:19 DEBUG jdk.event.security - X509Certificate: Alg:SHA256withRSA, Serial:01, Subject:CN=MySQL_Server_9.6.0_Auto_Generated_CA_Certificate, Issuer:CN=MySQL_Server_9.6.0_Auto_Generated_CA_Certificate, Key type:RSA, Length:2048, Cert Id:1808369628, Valid from:6/7/26, 10:54 PM, Valid until:6/4/36, 10:54 PM
2026-06-07 22:55:19 DEBUG jdk.event.security -  TLSHandshake: localhost:3306, TLSv1.3, TLS_AES_128_GCM_SHA256, 3255177289
2026-06-07 22:55:19 DEBUG com.zaxxer.hikari.pool.PoolBase - HikariPool-1 - Established new connection (6682193e-a8d2-4656-b262-9c2ee3ad0f69)
2026-06-07 22:55:19 INFO  com.zaxxer.hikari.pool.HikariPool - HikariPool-1 - Added connection com.mysql.cj.jdbc.ConnectionImpl@134955bb
2026-06-07 22:55:19 INFO  com.zaxxer.hikari.HikariDataSource - HikariPool-1 - Start completed.
2026-06-07 22:55:19 DEBUG org.hibernate.orm.jdbc - HHH100017: Database:
	name: MySQL
	version: 9.6.0
	major: 9
	minor: 6
2026-06-07 22:55:19 DEBUG org.hibernate.orm.jdbc - HHH100018: Driver:
	name: MySQL Connector/J
	version: mysql-connector-j-9.6.0 (Revision: fdef61f4af21fa9e0ac334ff0664ec754c164cc0)
	major: 9
	minor: 6
	JDBC version: 4.2
2026-06-07 22:55:19 DEBUG org.hibernate.orm.dialect - HHH035001: Using dialect: org.hibernate.dialect.MySQLDialect, version: 9.6
2026-06-07 22:55:19 DEBUG org.hibernate.engine.jdbc.env.spi.IdentifierHelperBuilder - IdentifierCaseStrategy for both quoted and unquoted identifiers was set to the same strategy [MIXED]; that will likely lead to problems in schema update and validation if using quoted identifiers
2026-06-07 22:55:19 DEBUG org.hibernate.orm.jdbc - HHH100122: Using default JDBC fetch size: 0
2026-06-07 22:55:19 INFO  org.hibernate.orm.connections.pooling - HHH10001005: Database info:
	Database JDBC URL [jdbc:mysql://localhost:3306/order_management]
	Database driver: MySQL Connector/J
	Database dialect: MySQLDialect
	Database version: 9.6
	Default catalog/schema: order_management/undefined
	Autocommit mode: undefined/unknown
	Isolation level: REPEATABLE_READ [default REPEATABLE_READ]
	JDBC fetch size: none
	Pool: DataSourceConnectionProvider
	Minimum pool size: undefined/unknown
	Maximum pool size: undefined/unknown
2026-06-07 22:55:19 DEBUG org.springframework.orm.jpa.hibernate.SpringBeanContainer - Falling back to Hibernate's default producer after bean creation failure for interface org.hibernate.context.spi.CurrentTenantIdentifierResolver: org.springframework.beans.factory.NoSuchBeanDefinitionException: No qualifying bean of type 'org.hibernate.context.spi.CurrentTenantIdentifierResolver<?>' available
2026-06-07 22:55:19 DEBUG org.springframework.orm.jpa.hibernate.SpringBeanContainer - Falling back to Hibernate's default producer after bean creation failure for interface org.hibernate.context.spi.TenantSchemaMapper: org.springframework.beans.factory.NoSuchBeanDefinitionException: No qualifying bean of type 'org.hibernate.context.spi.TenantSchemaMapper<?>' available
2026-06-07 22:55:19 DEBUG com.zaxxer.hikari.pool.HikariPool - HikariPool-1 - Pool stats (total=1/10, idle=1/10, active=0, waiting=0)
2026-06-07 22:55:19 DEBUG com.zaxxer.hikari.pool.PoolBase - HikariPool-1 - Attempting to create/setup new connection (536f6981-c46c-423d-8ef6-6f26fdad3d26)
2026-06-07 22:55:19 DEBUG jdk.event.security - X509Certificate: Alg:SHA256withRSA, Serial:02, Subject:CN=MySQL_Server_9.6.0_Auto_Generated_Server_Certificate, Issuer:CN=MySQL_Server_9.6.0_Auto_Generated_CA_Certificate, Key type:RSA, Length:2048, Cert Id:3255177289, Valid from:6/7/26, 10:54 PM, Valid until:6/4/36, 10:54 PM
2026-06-07 22:55:19 DEBUG jdk.event.security - X509Certificate: Alg:SHA256withRSA, Serial:01, Subject:CN=MySQL_Server_9.6.0_Auto_Generated_CA_Certificate, Issuer:CN=MySQL_Server_9.6.0_Auto_Generated_CA_Certificate, Key type:RSA, Length:2048, Cert Id:1808369628, Valid from:6/7/26, 10:54 PM, Valid until:6/4/36, 10:54 PM
2026-06-07 22:55:19 DEBUG jdk.event.security -  TLSHandshake: localhost:3306, TLSv1.3, TLS_AES_128_GCM_SHA256, 3255177289
2026-06-07 22:55:19 DEBUG com.zaxxer.hikari.pool.PoolBase - HikariPool-1 - Established new connection (536f6981-c46c-423d-8ef6-6f26fdad3d26)
2026-06-07 22:55:19 DEBUG com.zaxxer.hikari.pool.HikariPool - HikariPool-1 - Added connection com.mysql.cj.jdbc.ConnectionImpl@5d45ded8
2026-06-07 22:55:19 DEBUG org.hibernate.orm.factory - HHH90020001: Instantiating factory [5074fde8-224c-4f8c-ad06-36a12630ff3f] with settings: {hibernate.format_sql=true, java.specification.version=23, hibernate.resource.beans.container=org.springframework.orm.jpa.hibernate.SpringBeanContainer@2114eb1a, hibernate.connection.handling_mode=DELAYED_ACQUISITION_AND_HOLD, sun.jnu.encoding=UTF-8, hibernate.implicit_naming_strategy=org.springframework.boot.hibernate.SpringImplicitNamingStrategy, com.sun.management.jmxremote.authenticate=false, java.class.path=/Users/aronstephencordova/eclipse-workspace/OrderManagement/target/classes:/Users/aronstephencordova/.m2/repository/org/springframework/boot/spring-boot-starter-webmvc/4.0.6/spring-boot-starter-webmvc-4.0.6.jar:/Users/aronstephencordova/.m2/repository/org/springframework/boot/spring-boot-starter/4.0.6/spring-boot-starter-4.0.6.jar:/Users/aronstephencordova/.m2/repository/org/springframework/boot/spring-boot-autoconfigure/4.0.6/spring-boot-autoconfigure-4.0.6.jar:/Users/aronstephencordova/.m2/repository/jakarta/annotation/jakarta.annotation-api/3.0.0/jakarta.annotation-api-3.0.0.jar:/Users/aronstephencordova/.m2/repository/org/yaml/snakeyaml/2.5/snakeyaml-2.5.jar:/Users/aronstephencordova/.m2/repository/org/springframework/boot/spring-boot-starter-jackson/4.0.6/spring-boot-starter-jackson-4.0.6.jar:/Users/aronstephencordova/.m2/repository/org/springframework/boot/spring-boot-jackson/4.0.6/spring-boot-jackson-4.0.6.jar:/Users/aronstephencordova/.m2/repository/tools/jackson/core/jackson-databind/3.1.2/jackson-databind-3.1.2.jar:/Users/aronstephencordova/.m2/repository/com/fasterxml/jackson/core/jackson-annotations/2.21/jackson-annotations-2.21.jar:/Users/aronstephencordova/.m2/repository/tools/jackson/core/jackson-core/3.1.2/jackson-core-3.1.2.jar:/Users/aronstephencordova/.m2/repository/org/springframework/boot/spring-boot-starter-tomcat/4.0.6/spring-boot-starter-tomcat-4.0.6.jar:/Users/aronstephencordova/.m2/repository/org/springframework/boot/spring-boot-starter-tomcat-runtime/4.0.6/spring-boot-starter-tomcat-runtime-4.0.6.jar:/Users/aronstephencordova/.m2/repository/org/apache/tomcat/embed/tomcat-embed-core/11.0.21/tomcat-embed-core-11.0.21.jar:/Users/aronstephencordova/.m2/repository/org/apache/tomcat/embed/tomcat-embed-el/11.0.21/tomcat-embed-el-11.0.21.jar:/Users/aronstephencordova/.m2/repository/org/apache/tomcat/embed/tomcat-embed-websocket/11.0.21/tomcat-embed-websocket-11.0.21.jar:/Users/aronstephencordova/.m2/repository/org/springframework/boot/spring-boot-tomcat/4.0.6/spring-boot-tomcat-4.0.6.jar:/Users/aronstephencordova/.m2/repository/org/springframework/boot/spring-boot-http-converter/4.0.6/spring-boot-http-converter-4.0.6.jar:/Users/aronstephencordova/.m2/repository/org/springframework/boot/spring-boot/4.0.6/spring-boot-4.0.6.jar:/Users/aronstephencordova/.m2/repository/org/springframework/spring-context/7.0.7/spring-context-7.0.7.jar:/Users/aronstephencordova/.m2/repository/org/springframework/spring-web/7.0.7/spring-web-7.0.7.jar:/Users/aronstephencordova/.m2/repository/org/springframework/spring-beans/7.0.7/spring-beans-7.0.7.jar:/Users/aronstephencordova/.m2/repository/io/micrometer/micrometer-observation/1.16.5/micrometer-observation-1.16.5.jar:/Users/aronstephencordova/.m2/repository/io/micrometer/micrometer-commons/1.16.5/micrometer-commons-1.16.5.jar:/Users/aronstephencordova/.m2/repository/org/springframework/boot/spring-boot-webmvc/4.0.6/spring-boot-webmvc-4.0.6.jar:/Users/aronstephencordova/.m2/repository/org/springframework/boot/spring-boot-servlet/4.0.6/spring-boot-servlet-4.0.6.jar:/Users/aronstephencordova/.m2/repository/org/springframework/spring-webmvc/7.0.7/spring-webmvc-7.0.7.jar:/Users/aronstephencordova/.m2/repository/org/springframework/spring-aop/7.0.7/spring-aop-7.0.7.jar:/Users/aronstephencordova/.m2/repository/org/springframework/spring-expression/7.0.7/spring-expression-7.0.7.jar:/Users/aronstephencordova/.m2/repository/org/apache/tomcat/tomcat-jasper/11.0.6/tomcat-jasper-11.0.6.jar:/Users/aronstephencordova/.m2/repository/org/apache/tomcat/tomcat-servlet-api/11.0.6/tomcat-servlet-api-11.0.6.jar:/Users/aronstephencordova/.m2/repository/org/apache/tomcat/tomcat-juli/11.0.6/tomcat-juli-11.0.6.jar:/Users/aronstephencordova/.m2/repository/org/apache/tomcat/tomcat-jsp-api/11.0.21/tomcat-jsp-api-11.0.21.jar:/Users/aronstephencordova/.m2/repository/org/apache/tomcat/tomcat-el-api/11.0.6/tomcat-el-api-11.0.6.jar:/Users/aronstephencordova/.m2/repository/org/eclipse/jdt/ecj/3.41.0/ecj-3.41.0.jar:/Users/aronstephencordova/.m2/repository/org/apache/tomcat/tomcat-jasper-el/11.0.6/tomcat-jasper-el-11.0.6.jar:/Users/aronstephencordova/.m2/repository/org/apache/tomcat/tomcat-api/11.0.6/tomcat-api-11.0.6.jar:/Users/aronstephencordova/.m2/repository/org/apache/tomcat/tomcat-util-scan/11.0.6/tomcat-util-scan-11.0.6.jar:/Users/aronstephencordova/.m2/repository/org/apache/tomcat/tomcat-util/11.0.6/tomcat-util-11.0.6.jar:/Users/aronstephencordova/.m2/repository/jakarta/xml/bind/jakarta.xml.bind-api/4.0.4/jakarta.xml.bind-api-4.0.4.jar:/Users/aronstephencordova/.m2/repository/jakarta/activation/jakarta.activation-api/2.1.4/jakarta.activation-api-2.1.4.jar:/Users/aronstephencordova/.m2/repository/net/bytebuddy/byte-buddy/1.17.8/byte-buddy-1.17.8.jar:/Users/aronstephencordova/.m2/repository/org/springframework/spring-core/7.0.7/spring-core-7.0.7.jar:/Users/aronstephencordova/.m2/repository/commons-logging/commons-logging/1.3.6/commons-logging-1.3.6.jar:/Users/aronstephencordova/.m2/repository/org/jspecify/jspecify/1.0.0/jspecify-1.0.0.jar:/Users/aronstephencordova/.m2/repository/org/springframework/boot/spring-boot-web-server/4.0.6/spring-boot-web-server-4.0.6.jar:/Users/aronstephencordova/.m2/repository/org/springframework/boot/spring-boot-starter-data-jpa/4.0.6/spring-boot-starter-data-jpa-4.0.6.jar:/Users/aronstephencordova/.m2/repository/org/springframework/boot/spring-boot-starter-jdbc/4.0.6/spring-boot-starter-jdbc-4.0.6.jar:/Users/aronstephencordova/.m2/repository/com/zaxxer/HikariCP/7.0.2/HikariCP-7.0.2.jar:/Users/aronstephencordova/.m2/repository/org/springframework/boot/spring-boot-data-jpa/4.0.6/spring-boot-data-jpa-4.0.6.jar:/Users/aronstephencordova/.m2/repository/org/springframework/boot/spring-boot-data-commons/4.0.6/spring-boot-data-commons-4.0.6.jar:/Users/aronstephencordova/.m2/repository/org/springframework/boot/spring-boot-persistence/4.0.6/spring-boot-persistence-4.0.6.jar:/Users/aronstephencordova/.m2/repository/org/springframework/data/spring-data-commons/4.0.5/spring-data-commons-4.0.5.jar:/Users/aronstephencordova/.m2/repository/org/springframework/boot/spring-boot-hibernate/4.0.6/spring-boot-hibernate-4.0.6.jar:/Users/aronstephencordova/.m2/repository/org/springframework/boot/spring-boot-jpa/4.0.6/spring-boot-jpa-4.0.6.jar:/Users/aronstephencordova/.m2/repository/jakarta/persistence/jakarta.persistence-api/3.2.0/jakarta.persistence-api-3.2.0.jar:/Users/aronstephencordova/.m2/repository/org/hibernate/orm/hibernate-core/7.2.12.Final/hibernate-core-7.2.12.Final.jar:/Users/aronstephencordova/.m2/repository/jakarta/transaction/jakarta.transaction-api/2.0.1/jakarta.transaction-api-2.0.1.jar:/Users/aronstephencordova/.m2/repository/org/jboss/logging/jboss-logging/3.6.3.Final/jboss-logging-3.6.3.Final.jar:/Users/aronstephencordova/.m2/repository/org/hibernate/models/hibernate-models/1.0.1/hibernate-models-1.0.1.jar:/Users/aronstephencordova/.m2/repository/com/fasterxml/classmate/1.7.3/classmate-1.7.3.jar:/Users/aronstephencordova/.m2/repository/org/glassfish/jaxb/jaxb-runtime/4.0.6/jaxb-runtime-4.0.6.jar:/Users/aronstephencordova/.m2/repository/org/glassfish/jaxb/jaxb-core/4.0.6/jaxb-core-4.0.6.jar:/Users/aronstephencordova/.m2/repository/org/eclipse/angus/angus-activation/2.0.3/angus-activation-2.0.3.jar:/Users/aronstephencordova/.m2/repository/org/glassfish/jaxb/txw2/4.0.6/txw2-4.0.6.jar:/Users/aronstephencordova/.m2/repository/com/sun/istack/istack-commons-runtime/4.1.2/istack-commons-runtime-4.1.2.jar:/Users/aronstephencordova/.m2/repository/jakarta/inject/jakarta.inject-api/2.0.1/jakarta.inject-api-2.0.1.jar:/Users/aronstephencordova/.m2/repository/org/springframework/spring-orm/7.0.7/spring-orm-7.0.7.jar:/Users/aronstephencordova/.m2/repository/org/springframework/data/spring-data-jpa/4.0.5/spring-data-jpa-4.0.5.jar:/Users/aronstephencordova/.m2/repository/org/springframework/spring-tx/7.0.7/spring-tx-7.0.7.jar:/Users/aronstephencordova/.m2/repository/org/antlr/antlr4-runtime/4.13.2/antlr4-runtime-4.13.2.jar:/Users/aronstephencordova/.m2/repository/org/springframework/spring-aspects/7.0.7/spring-aspects-7.0.7.jar:/Users/aronstephencordova/.m2/repository/org/aspectj/aspectjweaver/1.9.25.1/aspectjweaver-1.9.25.1.jar:/Users/aronstephencordova/.m2/repository/org/springframework/boot/spring-boot-jdbc/4.0.6/spring-boot-jdbc-4.0.6.jar:/Users/aronstephencordova/.m2/repository/org/springframework/boot/spring-boot-sql/4.0.6/spring-boot-sql-4.0.6.jar:/Users/aronstephencordova/.m2/repository/org/springframework/boot/spring-boot-transaction/4.0.6/spring-boot-transaction-4.0.6.jar:/Users/aronstephencordova/.m2/repository/org/springframework/spring-jdbc/7.0.7/spring-jdbc-7.0.7.jar:/Users/aronstephencordova/.m2/repository/com/mysql/mysql-connector-j/9.6.0/mysql-connector-j-9.6.0.jar:/Users/aronstephencordova/.m2/repository/org/mybatis/spring/boot/mybatis-spring-boot-starter/4.0.0/mybatis-spring-boot-starter-4.0.0.jar:/Users/aronstephencordova/.m2/repository/org/mybatis/spring/boot/mybatis-spring-boot-autoconfigure/4.0.0/mybatis-spring-boot-autoconfigure-4.0.0.jar:/Users/aronstephencordova/.m2/repository/org/mybatis/mybatis/3.5.19/mybatis-3.5.19.jar:/Users/aronstephencordova/.m2/repository/org/mybatis/mybatis-spring/4.0.0/mybatis-spring-4.0.0.jar:/Users/aronstephencordova/.m2/repository/org/projectlombok/lombok/1.18.46/lombok-1.18.46.jar:/Users/aronstephencordova/.m2/repository/org/springframework/boot/spring-boot-starter-log4j2/4.0.6/spring-boot-starter-log4j2-4.0.6.jar:/Users/aronstephencordova/.m2/repository/org/apache/logging/log4j/log4j-slf4j2-impl/2.25.4/log4j-slf4j2-impl-2.25.4.jar:/Users/aronstephencordova/.m2/repository/org/slf4j/slf4j-api/2.0.17/slf4j-api-2.0.17.jar:/Users/aronstephencordova/.m2/repository/org/apache/logging/log4j/log4j-jul/2.25.4/log4j-jul-2.25.4.jar:/Users/aronstephencordova/.m2/repository/org/apache/logging/log4j/log4j-api/2.25.4/log4j-api-2.25.4.jar:/Users/aronstephencordova/.m2/repository/org/apache/logging/log4j/log4j-core/2.25.4/log4j-core-2.25.4.jar, java.vm.vendor=Homebrew, sun.arch.data.model=64, java.vendor.url=https://github.com/Homebrew/homebrew-core/issues, catalina.useNaming=false, user.timezone=Asia/Manila, jakarta.persistence.sharedCache.mode=UNSPECIFIED, java.vm.specification.version=23, os.name=Mac OS X, APPLICATION_NAME=OrderManagement, jakarta.persistence.nonJtaDataSource=HikariDataSource (HikariPool-1), sun.java.launcher=SUN_STANDARD, user.country=PH, sun.boot.library.path=/opt/homebrew/Cellar/openjdk/23.0.2/libexec/openjdk.jdk/Contents/Home/lib, com.sun.management.jmxremote.ssl=false, sun.java.command=com.pup.taguig.app.OrderManagementApplication, spring.application.admin.enabled=true, javax.persistence.nonJtaDataSource=HikariDataSource (HikariPool-1), hibernate.transaction.jta.platform=org.hibernate.engine.transaction.jta.platform.internal.NoJtaPlatform@7e514482, com.sun.management.jmxremote=, http.nonProxyHosts=local|*.local|169.254/16|*.169.254/16, jdk.debug=release, sun.cpu.endian=little, hibernate.cdi.extensions=true, spring.boot.project.name=OrderManagement, user.home=/Users/aronstephencordova, user.language=en, java.specification.vendor=Oracle Corporation, java.version.date=2025-01-21, java.home=/opt/homebrew/Cellar/openjdk/23.0.2/libexec/openjdk.jdk/Contents/Home, file.separator=/, spring.output.ansi.enabled=always, java.vm.compressedOopsMode=Zero based, line.separator=
, hibernate.persistenceUnitName=default, java.vm.specification.vendor=Oracle Corporation, java.specification.name=Java Platform API Specification, FILE_LOG_CHARSET=UTF-8, hibernate.transaction.coordinator_class=class org.hibernate.resource.transaction.backend.jdbc.internal.JdbcResourceLocalTransactionCoordinatorBuilderImpl, java.awt.headless=true, apple.awt.application.name=OrderManagementApplication, jakarta.persistence.validation.mode=AUTO, hibernate.hbm2ddl.auto=update, sun.management.compiler=HotSpot 64-Bit Tiered Compilers, ftp.nonProxyHosts=local|*.local|169.254/16|*.169.254/16, java.runtime.version=23.0.2, user.name=aronstephencordova, spring.jmx.enabled=true, stdout.encoding=UTF-8, path.separator=:, java.security.egd=file:/dev/./urandom, management.endpoints.jmx.exposure.include=*, os.version=26.3.1, java.runtime.name=OpenJDK Runtime Environment, file.encoding=UTF-8, java.vm.name=OpenJDK 64-Bit Server VM, hibernate.show_sql=true, java.vendor.version=Homebrew, java.vendor.url.bug=https://github.com/Homebrew/homebrew-core/issues, java.io.tmpdir=/var/folders/kt/4v7fjwm531nfvy46nkdknv3r0000gn/T/, catalina.home=/private/var/folders/kt/4v7fjwm531nfvy46nkdknv3r0000gn/T/tomcat.8080.693018237411758259, com.sun.management.jmxremote.port=59262, java.version=23.0.2, hibernate.physical_naming_strategy=org.hibernate.boot.model.naming.PhysicalNamingStrategySnakeCaseImpl, user.dir=/Users/aronstephencordova/eclipse-workspace/OrderManagement, os.arch=aarch64, java.vm.specification.name=Java Virtual Machine Specification, PID=57249, CONSOLE_LOG_CHARSET=UTF-8, catalina.base=/private/var/folders/kt/4v7fjwm531nfvy46nkdknv3r0000gn/T/tomcat.8080.693018237411758259, hibernate.boot.CfgXmlAccessService.key=org.hibernate.boot.registry.StandardServiceRegistryBuilder$1@1e5e3147, native.encoding=UTF-8, java.library.path=/Users/aronstephencordova/Library/Java/Extensions:/Library/Java/Extensions:/Network/Library/Java/Extensions:/System/Library/Java/Extensions:/usr/lib/java:., stderr.encoding=UTF-8, java.vendor=Homebrew, java.vm.info=mixed mode, emulated-client, sharing, java.vm.version=23.0.2, java.rmi.server.randomIDs=true, java.rmi.server.hostname=localhost, sun.io.unicode.encoding=UnicodeBig, hibernate.archive.scanner=org.hibernate.boot.archive.scan.internal.DisabledScanner, hibernate.connection.datasource=HikariDataSource (HikariPool-1), socksNonProxyHosts=local|*.local|169.254/16|*.169.254/16, java.class.version=67.0, LOGGED_APPLICATION_NAME=[OrderManagement] }
2026-06-07 22:55:19 DEBUG com.zaxxer.hikari.pool.HikariPool - HikariPool-1 - After adding stats (total=2/10, idle=2/10, active=0, waiting=0)
2026-06-07 22:55:19 DEBUG com.zaxxer.hikari.pool.PoolBase - HikariPool-1 - Attempting to create/setup new connection (6c6d2019-1a84-43de-9d79-5d9078000fc5)
2026-06-07 22:55:19 DEBUG jdk.event.security - X509Certificate: Alg:SHA256withRSA, Serial:02, Subject:CN=MySQL_Server_9.6.0_Auto_Generated_Server_Certificate, Issuer:CN=MySQL_Server_9.6.0_Auto_Generated_CA_Certificate, Key type:RSA, Length:2048, Cert Id:3255177289, Valid from:6/7/26, 10:54 PM, Valid until:6/4/36, 10:54 PM
2026-06-07 22:55:19 DEBUG jdk.event.security - X509Certificate: Alg:SHA256withRSA, Serial:01, Subject:CN=MySQL_Server_9.6.0_Auto_Generated_CA_Certificate, Issuer:CN=MySQL_Server_9.6.0_Auto_Generated_CA_Certificate, Key type:RSA, Length:2048, Cert Id:1808369628, Valid from:6/7/26, 10:54 PM, Valid until:6/4/36, 10:54 PM
2026-06-07 22:55:19 DEBUG jdk.event.security -  TLSHandshake: localhost:3306, TLSv1.3, TLS_AES_128_GCM_SHA256, 3255177289
2026-06-07 22:55:19 DEBUG com.zaxxer.hikari.pool.PoolBase - HikariPool-1 - Established new connection (6c6d2019-1a84-43de-9d79-5d9078000fc5)
2026-06-07 22:55:19 DEBUG com.zaxxer.hikari.pool.HikariPool - HikariPool-1 - Added connection com.mysql.cj.jdbc.ConnectionImpl@1c78d4e3
2026-06-07 22:55:19 DEBUG org.hibernate.HQL_FUNCTIONS - Available HQL Functions:
	abs(NUMERIC arg)
	Double acos(NUMERIC arg)
	adddate(DATE datetime, INTEGER days)
	addtime(TIME datetime, TIME time)
	Boolean any(BOOLEAN arg)
	Integer ascii(STRING arg)
	Double asin(NUMERIC arg)
	Double atan(NUMERIC arg)
	Double atan2(NUMERIC arg0, NUMERIC arg1)
	avg(arg)
	bit_and(arg)
	Integer bit_length(STRING_OR_CLOB arg)
	bit_or(arg)
	bitand(arg0, arg1)
	bitnot(arg)
	bitor(arg0, arg1)
	bitxor(arg0, arg1)
	cast(arg as Type)
	ceiling(NUMERIC arg)
	Character char(INTEGER arg)
	Integer character_length(STRING_OR_CLOB arg)
	Character chr(INTEGER arg)
	coalesce(arg0[, arg1[, ...]])
	String collate(STRING string as COLLATION collation)
	String concat(STRING string0[, STRING string1[, ...]])
	Double cos(NUMERIC arg)
	Double cosh(NUMERIC arg)
	Double cot(NUMERIC arg)
	Long count([distinct ]{arg|*})
	Integer crc32(arg)
	Double cume_dist([arg0[, ...]])
	Date curdate()
	Date current date
	Time current time
	Timestamp current timestamp
	Date current_date
	Instant current_instant
	Time current_time
	Timestamp current_timestamp
	Time curtime()
	Date date(arg)
	dateadd(TEMPORAL_UNIT field, INTEGER magnitude, TEMPORAL datetime)
	Integer datediff(DATE end, DATE start)
	Integer day(DATE arg)
	String dayname(DATE arg)
	Integer dayofmonth(DATE arg)
	Integer dayofweek(DATE arg)
	Integer dayofyear(DATE arg)
	Double degrees(NUMERIC arg)
	Long dense_rank([arg0[, ...]])
	Boolean every(BOOLEAN arg)
	Double exp(NUMERIC arg)
	extract(TEMPORAL_UNIT field from TEMPORAL arg)
	first_valueANY value
	floor(NUMERIC arg)
	String format(TEMPORAL datetime as STRING pattern)
	greatest(COMPARABLE arg0, COMPARABLE arg1[, arg2[, ...]])
	String hex(arg)
	Integer hour(TIME arg)
	ifnull(arg0, arg1)
	String insert(STRING string, INTEGER start, INTEGER length, STRING replacement)
	Instant instant
	Integer instr(STRING string, STRING pattern[, INTEGER start[, INTEGER occurrence]])
	String json_array([arg0[, ...]])
	String json_array_append(IMPLICIT_JSON arg0, STRING arg1, ANY arg2)
	String json_array_insert(IMPLICIT_JSON arg0, STRING arg1, ANY arg2)
	String json_arrayagg(arg0[, arg1])
	Boolean json_exists(IMPLICIT_JSON arg0, STRING arg1)
	String json_insert(IMPLICIT_JSON arg0, STRING arg1, ANY arg2)
	String json_mergepatch(IMPLICIT_JSON arg0, IMPLICIT_JSON arg1[, arg2[, ...]])
	String json_object( ... )
	String json_objectagg(arg0, arg1[, arg2, arg3])
	String json_query( ... )
	String json_remove(IMPLICIT_JSON arg0, STRING arg1)
	String json_replace(IMPLICIT_JSON arg0, STRING arg1, ANY arg2)
	String json_set(IMPLICIT_JSON arg0, STRING arg1, ANY arg2)
	json_value( ... )
	lagANY value[, INTEGER offset[, ANY default]]
	Date last_day(DATE arg)
	last_valueANY value
	leadANY value[, INTEGER offset[, ANY default]]
	least(COMPARABLE arg0, COMPARABLE arg1[, arg2[, ...]])
	String left(STRING string, INTEGER length)
	Integer length(STRING_OR_CLOB arg)
	String listagg(STRING arg0, STRING arg1)
	Double ln(NUMERIC arg)
	LocalDate local date
	LocalDateTime local datetime
	LocalTime local time
	LocalDate local_date
	LocalDateTime local_datetime
	LocalTime local_time
	Time localtime
	Timestamp localtimestamp
	Integer locate(STRING pattern, STRING string[, INTEGER start])
	Double log(NUMERIC arg0[, NUMERIC arg1])
	Double log10(NUMERIC arg)
	Double log2(NUMERIC arg)
	String lower(STRING string)
	String lpad(string, length[, padding])
	String ltrim(STRING string[, STRING characters])
	Date makedate(INTEGER year, INTEGER dayofyear)
	Time maketime(INTEGER hour, INTEGER min, INTEGER sec)
	max(COMPARABLE arg)
	byte[] md5(arg)
	Integer microsecond(TIME arg)
	min(COMPARABLE arg)
	Integer minute(TIME arg)
	Integer mod(INTEGER arg0, INTEGER arg1)
	Integer month(DATE arg)
	String monthname(DATE arg)
	Timestamp now()
	nth_valueANY value, INTEGER nth
	nullif(arg0, arg1)
	Integer octet_length(STRING_OR_CLOB arg)
	OffsetDateTime offset datetime
	OffsetDateTime offset_datetime
	Integer ordinal(ENUM arg)
	String overlay(STRING string placing STRING replacement from INTEGER start[ for INTEGER length])
	String pad(STRING string with INTEGER length {leading|trailing}[ STRING character])
	Double percent_rank([arg0[, ...]])
	Double pi
	Integer position(STRING pattern in STRING string)
	Double power(NUMERIC arg0, NUMERIC arg1)
	Integer quarter(DATE arg)
	Double radians(NUMERIC arg)
	Double rand([INTEGER seed])
	Long rank([arg0[, ...]])
	Boolean regexp_like(STRING arg0, STRING arg1[, STRING arg2])
	String repeat(STRING string, INTEGER times)
	String replace(STRING string, STRING pattern, STRING replacement)
	String reverse(STRING arg)
	String right(STRING string, INTEGER length)
	round(NUMERIC number[, INTEGER places])
	Long row_number()
	String rpad(string, length[, padding])
	String rtrim(STRING string[, STRING characters])
	Integer second(TIME arg)
	byte[] sha(arg)
	String sha1(arg)
	String sha2(arg0, arg1)
	Integer sign(NUMERIC arg)
	Double sin(NUMERIC arg)
	Double sinh(NUMERIC arg)
	String soundex(arg)
	String space(INTEGER arg)
	sql
	Double sqrt(NUMERIC arg)
	Double stddev(NUMERIC arg)
	Double stddev_pop(NUMERIC arg)
	Double stddev_samp(NUMERIC arg)
	String str(arg)
	String string(ENUM arg)
	subdate(DATE datetime, INTEGER days)
	String substr(STRING string, INTEGER start[, INTEGER length])
	String substring(STRING string{ from|,} INTEGER start[{ for|,} INTEGER length])
	subtime(TIME datetime, TIME time)
	sum(arg)
	Timestamp sysdate()
	Double tan(NUMERIC arg)
	Double tanh(NUMERIC arg)
	String time(arg)
	Timestamp timestamp(arg0[, arg1])
	timestampadd(TEMPORAL_UNIT field, INTEGER magnitude, TEMPORAL datetime)
	Long|Double timestampdiff(TEMPORAL_UNIT field, TEMPORAL start, TEMPORAL end)
	String trim([[{leading|trailing|both} ][STRING arg0 ]from] STRING arg1)
	trunc( ... )
	truncate( ... )
	String upper(STRING string)
	Date utc_date
	Time utc_time
	Timestamp utc_timestamp
	Double var_pop(NUMERIC arg)
	Double var_samp(NUMERIC arg)
	Double variance(NUMERIC arg)
	Integer week(DATE arg)
	Integer year(DATE arg)

2026-06-07 22:55:19 DEBUG com.zaxxer.hikari.pool.HikariPool - HikariPool-1 - After adding stats (total=3/10, idle=3/10, active=0, waiting=0)
2026-06-07 22:55:19 DEBUG com.zaxxer.hikari.pool.PoolBase - HikariPool-1 - Attempting to create/setup new connection (80e1c750-b18c-4d12-bb92-c72e9c500f95)
2026-06-07 22:55:19 DEBUG jdk.event.security - X509Certificate: Alg:SHA256withRSA, Serial:02, Subject:CN=MySQL_Server_9.6.0_Auto_Generated_Server_Certificate, Issuer:CN=MySQL_Server_9.6.0_Auto_Generated_CA_Certificate, Key type:RSA, Length:2048, Cert Id:3255177289, Valid from:6/7/26, 10:54 PM, Valid until:6/4/36, 10:54 PM
2026-06-07 22:55:19 DEBUG jdk.event.security - X509Certificate: Alg:SHA256withRSA, Serial:01, Subject:CN=MySQL_Server_9.6.0_Auto_Generated_CA_Certificate, Issuer:CN=MySQL_Server_9.6.0_Auto_Generated_CA_Certificate, Key type:RSA, Length:2048, Cert Id:1808369628, Valid from:6/7/26, 10:54 PM, Valid until:6/4/36, 10:54 PM
2026-06-07 22:55:19 DEBUG jdk.event.security -  TLSHandshake: localhost:3306, TLSv1.3, TLS_AES_128_GCM_SHA256, 3255177289
2026-06-07 22:55:19 DEBUG com.zaxxer.hikari.pool.PoolBase - HikariPool-1 - Established new connection (80e1c750-b18c-4d12-bb92-c72e9c500f95)
2026-06-07 22:55:19 DEBUG com.zaxxer.hikari.pool.HikariPool - HikariPool-1 - Added connection com.mysql.cj.jdbc.ConnectionImpl@2d2ecf55
2026-06-07 22:55:19 DEBUG com.zaxxer.hikari.pool.HikariPool - HikariPool-1 - After adding stats (total=4/10, idle=4/10, active=0, waiting=0)
2026-06-07 22:55:19 DEBUG com.zaxxer.hikari.pool.PoolBase - HikariPool-1 - Attempting to create/setup new connection (4ef3205a-6ce3-46b4-a4ef-f4f46841625f)
2026-06-07 22:55:19 DEBUG jdk.event.security - X509Certificate: Alg:SHA256withRSA, Serial:02, Subject:CN=MySQL_Server_9.6.0_Auto_Generated_Server_Certificate, Issuer:CN=MySQL_Server_9.6.0_Auto_Generated_CA_Certificate, Key type:RSA, Length:2048, Cert Id:3255177289, Valid from:6/7/26, 10:54 PM, Valid until:6/4/36, 10:54 PM
2026-06-07 22:55:19 DEBUG jdk.event.security - X509Certificate: Alg:SHA256withRSA, Serial:01, Subject:CN=MySQL_Server_9.6.0_Auto_Generated_CA_Certificate, Issuer:CN=MySQL_Server_9.6.0_Auto_Generated_CA_Certificate, Key type:RSA, Length:2048, Cert Id:1808369628, Valid from:6/7/26, 10:54 PM, Valid until:6/4/36, 10:54 PM
2026-06-07 22:55:19 DEBUG jdk.event.security -  TLSHandshake: localhost:3306, TLSv1.3, TLS_AES_128_GCM_SHA256, 3255177289
2026-06-07 22:55:19 DEBUG com.zaxxer.hikari.pool.PoolBase - HikariPool-1 - Established new connection (4ef3205a-6ce3-46b4-a4ef-f4f46841625f)
2026-06-07 22:55:19 DEBUG com.zaxxer.hikari.pool.HikariPool - HikariPool-1 - Added connection com.mysql.cj.jdbc.ConnectionImpl@51de1961
2026-06-07 22:55:19 INFO  org.hibernate.orm.core - HHH000489: No JTA platform available (set 'hibernate.transaction.jta.platform' to enable JTA platform integration)
2026-06-07 22:55:19 DEBUG org.hibernate.orm.service - HHH010454: EventListenerRegistry access via ServiceRegistry is deprecated - use 'sessionFactory.getEventEngine().getListenerRegistry()' instead
2026-06-07 22:55:19 DEBUG org.hibernate.tool.schema.spi.SchemaManagementToolCoordinator - No schema management actions found
2026-06-07 22:55:19 DEBUG org.hibernate.orm.factoryRegistry - HHH020384: Registering SessionFactory [5074fde8-224c-4f8c-ad06-36a12630ff3f] (default)
2026-06-07 22:55:19 INFO  org.springframework.orm.jpa.LocalContainerEntityManagerFactoryBean - Initialized JPA EntityManagerFactory for persistence unit 'default'
2026-06-07 22:55:19 DEBUG org.springframework.beans.factory.support.DefaultListableBeanFactory - Creating shared instance of singleton bean 'orderManagementApplication'
2026-06-07 22:55:19 DEBUG org.springframework.beans.factory.support.DefaultListableBeanFactory - Creating shared instance of singleton bean 'org.springframework.boot.autoconfigure.context.PropertyPlaceholderAutoConfiguration'
2026-06-07 22:55:19 DEBUG org.springframework.beans.factory.support.DefaultListableBeanFactory - Creating shared instance of singleton bean 'org.springframework.boot.context.properties.EnableConfigurationPropertiesRegistrar.methodValidationExcludeFilter'
2026-06-07 22:55:19 DEBUG org.springframework.beans.factory.support.DefaultListableBeanFactory - Creating shared instance of singleton bean 'org.springframework.boot.webmvc.autoconfigure.DispatcherServletAutoConfiguration'
2026-06-07 22:55:19 DEBUG org.springframework.beans.factory.support.DefaultListableBeanFactory - Creating shared instance of singleton bean 'org.springframework.boot.autoconfigure.task.TaskExecutorConfigurations$SimpleAsyncTaskExecutorBuilderConfiguration'
2026-06-07 22:55:19 DEBUG org.springframework.beans.factory.support.DefaultListableBeanFactory - Autowiring by type from bean name 'org.springframework.boot.autoconfigure.task.TaskExecutorConfigurations$SimpleAsyncTaskExecutorBuilderConfiguration' via constructor to bean named 'spring.task.execution-org.springframework.boot.autoconfigure.task.TaskExecutionProperties'
2026-06-07 22:55:19 DEBUG org.springframework.beans.factory.support.DefaultListableBeanFactory - Creating shared instance of singleton bean 'simpleAsyncTaskExecutorBuilder'
2026-06-07 22:55:19 DEBUG org.springframework.beans.factory.support.DefaultListableBeanFactory - Creating shared instance of singleton bean 'org.springframework.boot.autoconfigure.task.TaskExecutorConfigurations$AsyncConfigurerConfiguration'
2026-06-07 22:55:19 DEBUG org.springframework.beans.factory.support.DefaultListableBeanFactory - Creating shared instance of singleton bean 'applicationTaskExecutorAsyncConfigurer'
2026-06-07 22:55:19 DEBUG org.springframework.beans.factory.support.DefaultListableBeanFactory - Autowiring by type from bean name 'applicationTaskExecutorAsyncConfigurer' via factory method to bean named 'org.springframework.beans.factory.support.DefaultListableBeanFactory@a8a8b75'
2026-06-07 22:55:19 DEBUG org.springframework.beans.factory.support.DefaultListableBeanFactory - Creating shared instance of singleton bean 'org.springframework.boot.autoconfigure.task.TaskExecutorConfigurations$BootstrapExecutorConfiguration'
2026-06-07 22:55:19 DEBUG org.springframework.beans.factory.support.DefaultListableBeanFactory - Creating shared instance of singleton bean 'org.springframework.boot.autoconfigure.task.TaskExecutionAutoConfiguration'
2026-06-07 22:55:19 DEBUG org.springframework.beans.factory.support.DefaultListableBeanFactory - Creating shared instance of singleton bean 'org.springframework.boot.webmvc.autoconfigure.error.ErrorMvcAutoConfiguration$WhitelabelErrorViewConfiguration'
2026-06-07 22:55:19 DEBUG org.springframework.beans.factory.support.DefaultListableBeanFactory - Creating shared instance of singleton bean 'error'
2026-06-07 22:55:19 DEBUG org.springframework.beans.factory.support.DefaultListableBeanFactory - Creating shared instance of singleton bean 'beanNameViewResolver'
2026-06-07 22:55:19 DEBUG org.springframework.beans.factory.support.DefaultListableBeanFactory - Creating shared instance of singleton bean 'org.springframework.boot.webmvc.autoconfigure.error.ErrorMvcAutoConfiguration$DefaultErrorViewResolverConfiguration'
2026-06-07 22:55:19 DEBUG org.springframework.beans.factory.support.DefaultListableBeanFactory - Autowiring by type from bean name 'org.springframework.boot.webmvc.autoconfigure.error.ErrorMvcAutoConfiguration$DefaultErrorViewResolverConfiguration' via constructor to bean named 'org.springframework.boot.web.server.servlet.context.AnnotationConfigServletWebServerApplicationContext@372b0d86'
2026-06-07 22:55:19 DEBUG org.springframework.beans.factory.support.DefaultListableBeanFactory - Autowiring by type from bean name 'org.springframework.boot.webmvc.autoconfigure.error.ErrorMvcAutoConfiguration$DefaultErrorViewResolverConfiguration' via constructor to bean named 'spring.web-org.springframework.boot.autoconfigure.web.WebProperties'
2026-06-07 22:55:19 DEBUG org.springframework.beans.factory.support.DefaultListableBeanFactory - Creating shared instance of singleton bean 'conventionErrorViewResolver'
2026-06-07 22:55:19 DEBUG org.springframework.beans.factory.support.DefaultListableBeanFactory - Creating shared instance of singleton bean 'errorAttributes'
2026-06-07 22:55:19 DEBUG org.springframework.beans.factory.support.DefaultListableBeanFactory - Creating shared instance of singleton bean 'basicErrorController'
2026-06-07 22:55:19 DEBUG org.springframework.beans.factory.support.DefaultListableBeanFactory - Autowiring by type from bean name 'basicErrorController' via factory method to bean named 'errorAttributes'
2026-06-07 22:55:19 DEBUG org.springframework.beans.factory.support.DefaultListableBeanFactory - Creating shared instance of singleton bean 'org.springframework.boot.webmvc.autoconfigure.WebMvcAutoConfiguration$EnableWebMvcConfiguration'
2026-06-07 22:55:19 DEBUG org.springframework.beans.factory.support.DefaultListableBeanFactory - Autowiring by type from bean name 'org.springframework.boot.webmvc.autoconfigure.WebMvcAutoConfiguration$EnableWebMvcConfiguration' via constructor to bean named 'spring.mvc-org.springframework.boot.webmvc.autoconfigure.WebMvcProperties'
2026-06-07 22:55:19 DEBUG org.springframework.beans.factory.support.DefaultListableBeanFactory - Autowiring by type from bean name 'org.springframework.boot.webmvc.autoconfigure.WebMvcAutoConfiguration$EnableWebMvcConfiguration' via constructor to bean named 'spring.web-org.springframework.boot.autoconfigure.web.WebProperties'
2026-06-07 22:55:19 DEBUG org.springframework.beans.factory.support.DefaultListableBeanFactory - Autowiring by type from bean name 'org.springframework.boot.webmvc.autoconfigure.WebMvcAutoConfiguration$EnableWebMvcConfiguration' via constructor to bean named 'org.springframework.beans.factory.support.DefaultListableBeanFactory@a8a8b75'
2026-06-07 22:55:19 DEBUG com.zaxxer.hikari.pool.HikariPool - HikariPool-1 - After adding stats (total=5/10, idle=5/10, active=0, waiting=0)
2026-06-07 22:55:19 DEBUG com.zaxxer.hikari.pool.PoolBase - HikariPool-1 - Attempting to create/setup new connection (73aea3f3-aa93-4c34-919d-6ef428dadbec)
2026-06-07 22:55:19 DEBUG org.springframework.beans.factory.support.DefaultListableBeanFactory - Creating shared instance of singleton bean 'org.springframework.boot.webmvc.autoconfigure.WebMvcAutoConfiguration$WebMvcAutoConfigurationAdapter'
2026-06-07 22:55:19 DEBUG org.springframework.beans.factory.support.DefaultListableBeanFactory - Autowiring by type from bean name 'org.springframework.boot.webmvc.autoconfigure.WebMvcAutoConfiguration$WebMvcAutoConfigurationAdapter' via constructor to bean named 'spring.web-org.springframework.boot.autoconfigure.web.WebProperties'
2026-06-07 22:55:19 DEBUG org.springframework.beans.factory.support.DefaultListableBeanFactory - Autowiring by type from bean name 'org.springframework.boot.webmvc.autoconfigure.WebMvcAutoConfiguration$WebMvcAutoConfigurationAdapter' via constructor to bean named 'spring.mvc-org.springframework.boot.webmvc.autoconfigure.WebMvcProperties'
2026-06-07 22:55:19 DEBUG org.springframework.beans.factory.support.DefaultListableBeanFactory - Autowiring by type from bean name 'org.springframework.boot.webmvc.autoconfigure.WebMvcAutoConfiguration$WebMvcAutoConfigurationAdapter' via constructor to bean named 'org.springframework.beans.factory.support.DefaultListableBeanFactory@a8a8b75'
2026-06-07 22:55:19 DEBUG org.springframework.beans.factory.support.DefaultListableBeanFactory - Creating shared instance of singleton bean 'org.springframework.data.web.config.SpringDataWebConfiguration'
2026-06-07 22:55:19 DEBUG org.springframework.beans.factory.support.DefaultListableBeanFactory - Autowiring by type from bean name 'org.springframework.data.web.config.SpringDataWebConfiguration' via constructor to bean named 'org.springframework.boot.web.server.servlet.context.AnnotationConfigServletWebServerApplicationContext@372b0d86'
2026-06-07 22:55:19 DEBUG org.springframework.beans.factory.support.DefaultListableBeanFactory - Creating shared instance of singleton bean 'openEntityManagerInViewInterceptorConfigurer'
2026-06-07 22:55:19 DEBUG org.springframework.beans.factory.support.DefaultListableBeanFactory - Creating shared instance of singleton bean 'org.springframework.boot.jpa.autoconfigure.JpaBaseConfiguration$JpaWebConfiguration'
2026-06-07 22:55:19 DEBUG org.springframework.beans.factory.support.DefaultListableBeanFactory - Autowiring by type from bean name 'org.springframework.boot.jpa.autoconfigure.JpaBaseConfiguration$JpaWebConfiguration' via constructor to bean named 'spring.jpa-org.springframework.boot.jpa.autoconfigure.JpaProperties'
2026-06-07 22:55:19 DEBUG org.springframework.beans.factory.support.DefaultListableBeanFactory - Creating shared instance of singleton bean 'openEntityManagerInViewInterceptor'
2026-06-07 22:55:19 WARN  org.springframework.boot.jpa.autoconfigure.JpaBaseConfiguration$JpaWebConfiguration - spring.jpa.open-in-view is enabled by default. Therefore, database queries may be performed during view rendering. Explicitly configure spring.jpa.open-in-view to disable this warning
2026-06-07 22:55:19 DEBUG org.springframework.beans.factory.support.DefaultListableBeanFactory - Autowiring by type from bean name 'openEntityManagerInViewInterceptorConfigurer' via factory method to bean named 'openEntityManagerInViewInterceptor'
2026-06-07 22:55:19 DEBUG jdk.event.security - X509Certificate: Alg:SHA256withRSA, Serial:02, Subject:CN=MySQL_Server_9.6.0_Auto_Generated_Server_Certificate, Issuer:CN=MySQL_Server_9.6.0_Auto_Generated_CA_Certificate, Key type:RSA, Length:2048, Cert Id:3255177289, Valid from:6/7/26, 10:54 PM, Valid until:6/4/36, 10:54 PM
2026-06-07 22:55:19 DEBUG jdk.event.security - X509Certificate: Alg:SHA256withRSA, Serial:01, Subject:CN=MySQL_Server_9.6.0_Auto_Generated_CA_Certificate, Issuer:CN=MySQL_Server_9.6.0_Auto_Generated_CA_Certificate, Key type:RSA, Length:2048, Cert Id:1808369628, Valid from:6/7/26, 10:54 PM, Valid until:6/4/36, 10:54 PM
2026-06-07 22:55:19 DEBUG org.springframework.beans.factory.support.DefaultListableBeanFactory - Creating shared instance of singleton bean 'welcomePageHandlerMapping'
2026-06-07 22:55:19 DEBUG jdk.event.security -  TLSHandshake: localhost:3306, TLSv1.3, TLS_AES_128_GCM_SHA256, 3255177289
2026-06-07 22:55:19 DEBUG org.springframework.beans.factory.support.DefaultListableBeanFactory - Creating shared instance of singleton bean 'mvcConversionService'
2026-06-07 22:55:19 DEBUG com.zaxxer.hikari.pool.PoolBase - HikariPool-1 - Established new connection (73aea3f3-aa93-4c34-919d-6ef428dadbec)
2026-06-07 22:55:19 DEBUG com.zaxxer.hikari.pool.HikariPool - HikariPool-1 - Added connection com.mysql.cj.jdbc.ConnectionImpl@7819b352
2026-06-07 22:55:19 DEBUG org.springframework.beans.factory.support.DefaultListableBeanFactory - Creating shared instance of singleton bean 'mvcResourceUrlProvider'
2026-06-07 22:55:19 DEBUG sun.rmi.transport.tcp - RMI TCP Connection(2)-127.0.0.1: (port 59264) op = 82
2026-06-07 22:55:19 DEBUG sun.rmi.transport.tcp - RMI TCP Connection(2)-127.0.0.1: (port 59264) op = 80
2026-06-07 22:55:19 DEBUG sun.rmi.loader - RMI TCP Connection(2)-127.0.0.1: name = "javax.management.ObjectName", codebase = ""
2026-06-07 22:55:19 DEBUG javax.management.remote.rmi - connectionId=rmi://127.0.0.1  1, name=org.springframework.boot:type=Admin,name=SpringApplication, attribute=Ready
2026-06-07 22:55:19 DEBUG sun.rmi.server.call - RMI TCP Connection(2)-127.0.0.1: [127.0.0.1] exception: 
javax.management.InstanceNotFoundException: org.springframework.boot:type=Admin,name=SpringApplication
	at java.management/com.sun.jmx.interceptor.DefaultMBeanServerInterceptor.getMBean(DefaultMBeanServerInterceptor.java:1073)
	at java.management/com.sun.jmx.interceptor.DefaultMBeanServerInterceptor.getAttribute(DefaultMBeanServerInterceptor.java:632)
	at java.management/com.sun.jmx.mbeanserver.JmxMBeanServer.getAttribute(JmxMBeanServer.java:679)
	at java.management.rmi/javax.management.remote.rmi.RMIConnectionImpl.doOperation(RMIConnectionImpl.java:1497)
	at java.management.rmi/javax.management.remote.rmi.RMIConnectionImpl$PrivilegedOperation.run(RMIConnectionImpl.java:1348)
	at java.management.rmi/javax.management.remote.rmi.RMIConnectionImpl.doPrivilegedOperation(RMIConnectionImpl.java:1435)
	at java.management.rmi/javax.management.remote.rmi.RMIConnectionImpl.getAttribute(RMIConnectionImpl.java:647)
	at java.base/jdk.internal.reflect.DirectMethodHandleAccessor.invoke(DirectMethodHandleAccessor.java:103)
	at java.base/java.lang.reflect.Method.invoke(Method.java:580)
	at java.rmi/sun.rmi.server.UnicastServerRef.dispatch(UnicastServerRef.java:360)
	at java.rmi/sun.rmi.transport.Transport$1.run(Transport.java:200)
	at java.rmi/sun.rmi.transport.Transport$1.run(Transport.java:197)
	at java.base/java.security.AccessController.doPrivileged(AccessController.java:714)
	at java.rmi/sun.rmi.transport.Transport.serviceCall(Transport.java:196)
	at java.rmi/sun.rmi.transport.tcp.TCPTransport.handleMessages(TCPTransport.java:598)
	at java.rmi/sun.rmi.transport.tcp.TCPTransport$ConnectionHandler.run0(TCPTransport.java:844)
	at java.rmi/sun.rmi.transport.tcp.TCPTransport$ConnectionHandler.lambda$run$0(TCPTransport.java:721)
	at java.base/java.security.AccessController.doPrivileged(AccessController.java:400)
	at java.rmi/sun.rmi.transport.tcp.TCPTransport$ConnectionHandler.run(TCPTransport.java:720)
	at java.base/java.util.concurrent.ThreadPoolExecutor.runWorker(ThreadPoolExecutor.java:1144)
	at java.base/java.util.concurrent.ThreadPoolExecutor$Worker.run(ThreadPoolExecutor.java:642)
	at java.base/java.lang.Thread.run(Thread.java:1575)
2026-06-07 22:55:19 DEBUG org.springframework.beans.factory.support.DefaultListableBeanFactory - Autowiring by type from bean name 'welcomePageHandlerMapping' via factory method to bean named 'org.springframework.boot.web.server.servlet.context.AnnotationConfigServletWebServerApplicationContext@372b0d86'
2026-06-07 22:55:19 DEBUG org.springframework.beans.factory.support.DefaultListableBeanFactory - Autowiring by type from bean name 'welcomePageHandlerMapping' via factory method to bean named 'mvcConversionService'
2026-06-07 22:55:19 DEBUG org.springframework.beans.factory.support.DefaultListableBeanFactory - Autowiring by type from bean name 'welcomePageHandlerMapping' via factory method to bean named 'mvcResourceUrlProvider'
2026-06-07 22:55:19 DEBUG org.apache.catalina.webresources.Cache - Increased cache size by [521] for item [org.apache.catalina.webresources.CachedResource@5543d800] at [/index.html] making total cache size [1052]
2026-06-07 22:55:19 DEBUG org.apache.catalina.webresources.Cache - Increased cache size by [511] for item [org.apache.catalina.webresources.CachedResource@37ab1b10] at [/index] making total cache size [1563]
2026-06-07 22:55:19 DEBUG org.springframework.beans.factory.support.DefaultListableBeanFactory - Creating shared instance of singleton bean 'welcomePageNotAcceptableHandlerMapping'
2026-06-07 22:55:19 DEBUG org.springframework.beans.factory.support.DefaultListableBeanFactory - Autowiring by type from bean name 'welcomePageNotAcceptableHandlerMapping' via factory method to bean named 'org.springframework.boot.web.server.servlet.context.AnnotationConfigServletWebServerApplicationContext@372b0d86'
2026-06-07 22:55:19 DEBUG org.springframework.beans.factory.support.DefaultListableBeanFactory - Autowiring by type from bean name 'welcomePageNotAcceptableHandlerMapping' via factory method to bean named 'mvcConversionService'
2026-06-07 22:55:19 DEBUG org.springframework.beans.factory.support.DefaultListableBeanFactory - Autowiring by type from bean name 'welcomePageNotAcceptableHandlerMapping' via factory method to bean named 'mvcResourceUrlProvider'
2026-06-07 22:55:19 DEBUG org.springframework.beans.factory.support.DefaultListableBeanFactory - Creating shared instance of singleton bean 'localeResolver'
2026-06-07 22:55:19 DEBUG org.springframework.beans.factory.support.DefaultListableBeanFactory - Creating shared instance of singleton bean 'flashMapManager'
2026-06-07 22:55:19 DEBUG org.springframework.beans.factory.support.DefaultListableBeanFactory - Creating shared instance of singleton bean 'viewNameTranslator'
2026-06-07 22:55:19 DEBUG org.springframework.beans.factory.support.DefaultListableBeanFactory - Creating shared instance of singleton bean 'mvcValidator'
2026-06-07 22:55:19 DEBUG org.springframework.beans.factory.support.DefaultListableBeanFactory - Creating shared instance of singleton bean 'requestMappingHandlerMapping'
2026-06-07 22:55:19 DEBUG org.springframework.beans.factory.support.DefaultListableBeanFactory - Creating shared instance of singleton bean 'mvcContentNegotiationManager'
2026-06-07 22:55:19 DEBUG org.springframework.beans.factory.support.DefaultListableBeanFactory - Creating shared instance of singleton bean 'stringHttpMessageConvertersCustomizer'
2026-06-07 22:55:19 DEBUG org.springframework.beans.factory.support.DefaultListableBeanFactory - Creating shared instance of singleton bean 'org.springframework.boot.http.converter.autoconfigure.HttpMessageConvertersAutoConfiguration$StringHttpMessageConverterConfiguration'
2026-06-07 22:55:19 DEBUG org.springframework.beans.factory.support.DefaultListableBeanFactory - Creating shared instance of singleton bean 'spring.http.converters-org.springframework.boot.http.converter.autoconfigure.HttpMessageConvertersProperties'
2026-06-07 22:55:19 DEBUG org.springframework.beans.factory.support.DefaultListableBeanFactory - Autowiring by type from bean name 'stringHttpMessageConvertersCustomizer' via factory method to bean named 'spring.http.converters-org.springframework.boot.http.converter.autoconfigure.HttpMessageConvertersProperties'
2026-06-07 22:55:19 DEBUG org.springframework.beans.factory.support.DefaultListableBeanFactory - Creating shared instance of singleton bean 'jacksonJsonHttpMessageConvertersCustomizer'
2026-06-07 22:55:19 DEBUG org.springframework.beans.factory.support.DefaultListableBeanFactory - Creating shared instance of singleton bean 'org.springframework.boot.http.converter.autoconfigure.JacksonHttpMessageConvertersConfiguration$JacksonJsonHttpMessageConverterConfiguration'
2026-06-07 22:55:19 DEBUG org.springframework.beans.factory.support.DefaultListableBeanFactory - Creating shared instance of singleton bean 'jacksonJsonMapper'
2026-06-07 22:55:19 DEBUG org.springframework.beans.factory.support.DefaultListableBeanFactory - Creating shared instance of singleton bean 'org.springframework.boot.jackson.autoconfigure.JacksonAutoConfiguration'
2026-06-07 22:55:19 DEBUG org.springframework.beans.factory.support.DefaultListableBeanFactory - Creating shared instance of singleton bean 'problemDetailJsonMapperBuilderCustomizer'
2026-06-07 22:55:19 DEBUG org.springframework.beans.factory.support.DefaultListableBeanFactory - Creating shared instance of singleton bean 'org.springframework.boot.jackson.autoconfigure.JacksonAutoConfiguration$JsonProblemDetailsConfiguration'
2026-06-07 22:55:19 DEBUG org.springframework.beans.factory.support.DefaultListableBeanFactory - Creating shared instance of singleton bean 'standardJsonMapperBuilderCustomizer'
2026-06-07 22:55:19 DEBUG org.springframework.beans.factory.support.DefaultListableBeanFactory - Creating shared instance of singleton bean 'org.springframework.boot.jackson.autoconfigure.JacksonAutoConfiguration$JacksonJsonMapperBuilderCustomizerConfiguration'
2026-06-07 22:55:19 DEBUG org.springframework.beans.factory.support.DefaultListableBeanFactory - Creating shared instance of singleton bean 'spring.jackson-org.springframework.boot.jackson.autoconfigure.JacksonProperties'
2026-06-07 22:55:19 DEBUG org.springframework.beans.factory.support.DefaultListableBeanFactory - Autowiring by type from bean name 'standardJsonMapperBuilderCustomizer' via factory method to bean named 'spring.jackson-org.springframework.boot.jackson.autoconfigure.JacksonProperties'
2026-06-07 22:55:19 DEBUG org.springframework.beans.factory.support.DefaultListableBeanFactory - Creating shared instance of singleton bean 'jackson3GeoModule'
2026-06-07 22:55:19 DEBUG org.springframework.beans.factory.support.DefaultListableBeanFactory - Creating shared instance of singleton bean 'org.springframework.data.web.config.SpringDataJackson3Configuration'
2026-06-07 22:55:19 DEBUG org.springframework.beans.factory.support.DefaultListableBeanFactory - Creating shared instance of singleton bean 'springDataWebSettings'
2026-06-07 22:55:19 DEBUG org.springframework.beans.factory.support.DefaultListableBeanFactory - Creating shared instance of singleton bean 'org.springframework.boot.data.autoconfigure.web.DataWebAutoConfiguration'
2026-06-07 22:55:19 DEBUG org.springframework.beans.factory.support.DefaultListableBeanFactory - Creating shared instance of singleton bean 'spring.data.web-org.springframework.boot.data.autoconfigure.web.DataWebProperties'
2026-06-07 22:55:19 DEBUG org.springframework.beans.factory.support.DefaultListableBeanFactory - Autowiring by type from bean name 'org.springframework.boot.data.autoconfigure.web.DataWebAutoConfiguration' via constructor to bean named 'spring.data.web-org.springframework.boot.data.autoconfigure.web.DataWebProperties'
2026-06-07 22:55:19 DEBUG org.springframework.beans.factory.support.DefaultListableBeanFactory - Creating shared instance of singleton bean 'jackson3pageModule'
2026-06-07 22:55:19 DEBUG org.springframework.beans.factory.support.DefaultListableBeanFactory - Creating shared instance of singleton bean 'jacksonMixinModule'
2026-06-07 22:55:19 DEBUG org.springframework.beans.factory.support.DefaultListableBeanFactory - Creating shared instance of singleton bean 'org.springframework.boot.jackson.autoconfigure.JacksonAutoConfiguration$JacksonMixinConfiguration'
2026-06-07 22:55:19 DEBUG org.springframework.beans.factory.support.DefaultListableBeanFactory - Creating shared instance of singleton bean 'jacksonMixinModuleEntries'
2026-06-07 22:55:19 DEBUG org.springframework.beans.factory.support.DefaultListableBeanFactory - Autowiring by type from bean name 'jacksonMixinModuleEntries' via factory method to bean named 'org.springframework.boot.web.server.servlet.context.AnnotationConfigServletWebServerApplicationContext@372b0d86'
2026-06-07 22:55:19 DEBUG org.springframework.beans.factory.support.DefaultListableBeanFactory - Autowiring by type from bean name 'jacksonMixinModule' via factory method to bean named 'org.springframework.boot.web.server.servlet.context.AnnotationConfigServletWebServerApplicationContext@372b0d86'
2026-06-07 22:55:19 DEBUG org.springframework.beans.factory.support.DefaultListableBeanFactory - Autowiring by type from bean name 'jacksonMixinModule' via factory method to bean named 'jacksonMixinModuleEntries'
2026-06-07 22:55:19 DEBUG org.springframework.beans.factory.support.DefaultListableBeanFactory - Creating shared instance of singleton bean 'jsonComponentModule'
2026-06-07 22:55:19 DEBUG org.springframework.beans.factory.support.DefaultListableBeanFactory - Autowiring by type from bean name 'jsonMapperBuilder' via factory method to bean named 'problemDetailJsonMapperBuilderCustomizer'
2026-06-07 22:55:19 DEBUG org.springframework.beans.factory.support.DefaultListableBeanFactory - Autowiring by type from bean name 'jsonMapperBuilder' via factory method to bean named 'standardJsonMapperBuilderCustomizer'
2026-06-07 22:55:19 DEBUG com.zaxxer.hikari.pool.HikariPool - HikariPool-1 - After adding stats (total=6/10, idle=6/10, active=0, waiting=0)
2026-06-07 22:55:19 DEBUG com.zaxxer.hikari.pool.PoolBase - HikariPool-1 - Attempting to create/setup new connection (497276c1-a3c9-4c8d-86cf-c7ea986f338e)
2026-06-07 22:55:19 DEBUG org.springframework.beans.factory.support.DefaultListableBeanFactory - Autowiring by type from bean name 'jacksonJsonMapper' via factory method to bean named 'jsonMapperBuilder'
2026-06-07 22:55:19 DEBUG org.springframework.beans.factory.support.DefaultListableBeanFactory - Autowiring by type from bean name 'jacksonJsonHttpMessageConvertersCustomizer' via factory method to bean named 'jacksonJsonMapper'
2026-06-07 22:55:19 DEBUG jdk.event.security - X509Certificate: Alg:SHA256withRSA, Serial:02, Subject:CN=MySQL_Server_9.6.0_Auto_Generated_Server_Certificate, Issuer:CN=MySQL_Server_9.6.0_Auto_Generated_CA_Certificate, Key type:RSA, Length:2048, Cert Id:3255177289, Valid from:6/7/26, 10:54 PM, Valid until:6/4/36, 10:54 PM
2026-06-07 22:55:19 DEBUG org.springframework.beans.factory.support.DefaultListableBeanFactory - Creating shared instance of singleton bean 'serverConvertersCustomizer'
2026-06-07 22:55:19 DEBUG org.springframework.beans.factory.support.DefaultListableBeanFactory - Creating shared instance of singleton bean 'org.springframework.boot.http.converter.autoconfigure.HttpMessageConvertersAutoConfiguration'
2026-06-07 22:55:19 DEBUG jdk.event.security - X509Certificate: Alg:SHA256withRSA, Serial:01, Subject:CN=MySQL_Server_9.6.0_Auto_Generated_CA_Certificate, Issuer:CN=MySQL_Server_9.6.0_Auto_Generated_CA_Certificate, Key type:RSA, Length:2048, Cert Id:1808369628, Valid from:6/7/26, 10:54 PM, Valid until:6/4/36, 10:54 PM
2026-06-07 22:55:19 DEBUG jdk.event.security -  TLSHandshake: localhost:3306, TLSv1.3, TLS_AES_128_GCM_SHA256, 3255177289
2026-06-07 22:55:19 DEBUG com.zaxxer.hikari.pool.PoolBase - HikariPool-1 - Established new connection (497276c1-a3c9-4c8d-86cf-c7ea986f338e)
2026-06-07 22:55:19 DEBUG com.zaxxer.hikari.pool.HikariPool - HikariPool-1 - Added connection com.mysql.cj.jdbc.ConnectionImpl@5afc911c
2026-06-07 22:55:19 DEBUG org.springframework.beans.factory.support.DefaultListableBeanFactory - Creating shared instance of singleton bean 'mvcApiVersionStrategy'
2026-06-07 22:55:19 DEBUG org.springframework.beans.factory.support.DefaultListableBeanFactory - Autowiring by type from bean name 'requestMappingHandlerMapping' via factory method to bean named 'mvcContentNegotiationManager'
2026-06-07 22:55:19 DEBUG org.springframework.beans.factory.support.DefaultListableBeanFactory - Autowiring by type from bean name 'requestMappingHandlerMapping' via factory method to bean named 'mvcApiVersionStrategy'
2026-06-07 22:55:19 DEBUG org.springframework.beans.factory.support.DefaultListableBeanFactory - Autowiring by type from bean name 'requestMappingHandlerMapping' via factory method to bean named 'mvcConversionService'
2026-06-07 22:55:19 DEBUG org.springframework.beans.factory.support.DefaultListableBeanFactory - Autowiring by type from bean name 'requestMappingHandlerMapping' via factory method to bean named 'mvcResourceUrlProvider'
2026-06-07 22:55:19 DEBUG _org.springframework.web.servlet.HandlerMapping.Mappings - 
	o.s.b.w.a.e.BasicErrorController:
	{ [/error], produces [text/html]}: errorHtml(HttpServletRequest,HttpServletResponse)
	{ [/error]}: error(HttpServletRequest)
2026-06-07 22:55:19 DEBUG org.springframework.web.servlet.mvc.method.annotation.RequestMappingHandlerMapping - 2 mappings in 'requestMappingHandlerMapping'
2026-06-07 22:55:19 DEBUG org.springframework.beans.factory.support.DefaultListableBeanFactory - Creating shared instance of singleton bean 'mvcPatternParser'
2026-06-07 22:55:19 DEBUG org.springframework.beans.factory.support.DefaultListableBeanFactory - Creating shared instance of singleton bean 'mvcUrlPathHelper'
2026-06-07 22:55:19 DEBUG org.springframework.beans.factory.support.DefaultListableBeanFactory - Creating shared instance of singleton bean 'mvcPathMatcher'
2026-06-07 22:55:19 DEBUG org.springframework.beans.factory.support.DefaultListableBeanFactory - Creating shared instance of singleton bean 'viewControllerHandlerMapping'
2026-06-07 22:55:19 DEBUG org.springframework.beans.factory.support.DefaultListableBeanFactory - Autowiring by type from bean name 'viewControllerHandlerMapping' via factory method to bean named 'mvcConversionService'
2026-06-07 22:55:19 DEBUG org.springframework.beans.factory.support.DefaultListableBeanFactory - Autowiring by type from bean name 'viewControllerHandlerMapping' via factory method to bean named 'mvcResourceUrlProvider'
2026-06-07 22:55:19 DEBUG org.springframework.beans.factory.support.DefaultListableBeanFactory - Creating shared instance of singleton bean 'beanNameHandlerMapping'
2026-06-07 22:55:19 DEBUG org.springframework.beans.factory.support.DefaultListableBeanFactory - Autowiring by type from bean name 'beanNameHandlerMapping' via factory method to bean named 'mvcConversionService'
2026-06-07 22:55:19 DEBUG org.springframework.beans.factory.support.DefaultListableBeanFactory - Autowiring by type from bean name 'beanNameHandlerMapping' via factory method to bean named 'mvcResourceUrlProvider'
2026-06-07 22:55:19 DEBUG _org.springframework.web.servlet.HandlerMapping.Mappings - 'beanNameHandlerMapping' {}
2026-06-07 22:55:19 DEBUG org.springframework.beans.factory.support.DefaultListableBeanFactory - Creating shared instance of singleton bean 'routerFunctionMapping'
2026-06-07 22:55:19 DEBUG org.springframework.beans.factory.support.DefaultListableBeanFactory - Autowiring by type from bean name 'routerFunctionMapping' via factory method to bean named 'mvcConversionService'
2026-06-07 22:55:19 DEBUG org.springframework.beans.factory.support.DefaultListableBeanFactory - Autowiring by type from bean name 'routerFunctionMapping' via factory method to bean named 'mvcResourceUrlProvider'
2026-06-07 22:55:19 DEBUG org.springframework.beans.factory.support.DefaultListableBeanFactory - Autowiring by type from bean name 'routerFunctionMapping' via factory method to bean named 'mvcApiVersionStrategy'
2026-06-07 22:55:19 DEBUG org.springframework.beans.factory.support.DefaultListableBeanFactory - Creating shared instance of singleton bean 'resourceHandlerMapping'
2026-06-07 22:55:19 DEBUG org.springframework.beans.factory.support.DefaultListableBeanFactory - Autowiring by type from bean name 'resourceHandlerMapping' via factory method to bean named 'mvcContentNegotiationManager'
2026-06-07 22:55:19 DEBUG org.springframework.beans.factory.support.DefaultListableBeanFactory - Autowiring by type from bean name 'resourceHandlerMapping' via factory method to bean named 'mvcConversionService'
2026-06-07 22:55:19 DEBUG org.springframework.beans.factory.support.DefaultListableBeanFactory - Autowiring by type from bean name 'resourceHandlerMapping' via factory method to bean named 'mvcResourceUrlProvider'
2026-06-07 22:55:19 DEBUG com.zaxxer.hikari.pool.HikariPool - HikariPool-1 - After adding stats (total=7/10, idle=7/10, active=0, waiting=0)
2026-06-07 22:55:19 DEBUG com.zaxxer.hikari.pool.PoolBase - HikariPool-1 - Attempting to create/setup new connection (851704c7-b0a8-4d43-a4ca-ee6554275815)
2026-06-07 22:55:19 DEBUG org.apache.catalina.webresources.Cache - Increased cache size by [501] for item [org.apache.catalina.webresources.CachedResource@247a8411] at [/] making total cache size [2064]
2026-06-07 22:55:19 DEBUG _org.springframework.web.servlet.HandlerMapping.Mappings - 'resourceHandlerMapping' {/webjars/**=ResourceHttpRequestHandler [classpath [META-INF/resources/webjars/]], /**=ResourceHttpRequestHandler [classpath [META-INF/resources/], classpath [resources/], classpath [static/], classpath [public/], ServletContext [/]]}
2026-06-07 22:55:19 DEBUG jdk.event.security - X509Certificate: Alg:SHA256withRSA, Serial:02, Subject:CN=MySQL_Server_9.6.0_Auto_Generated_Server_Certificate, Issuer:CN=MySQL_Server_9.6.0_Auto_Generated_CA_Certificate, Key type:RSA, Length:2048, Cert Id:3255177289, Valid from:6/7/26, 10:54 PM, Valid until:6/4/36, 10:54 PM
2026-06-07 22:55:19 DEBUG jdk.event.security - X509Certificate: Alg:SHA256withRSA, Serial:01, Subject:CN=MySQL_Server_9.6.0_Auto_Generated_CA_Certificate, Issuer:CN=MySQL_Server_9.6.0_Auto_Generated_CA_Certificate, Key type:RSA, Length:2048, Cert Id:1808369628, Valid from:6/7/26, 10:54 PM, Valid until:6/4/36, 10:54 PM
2026-06-07 22:55:19 DEBUG org.springframework.beans.factory.support.DefaultListableBeanFactory - Creating shared instance of singleton bean 'defaultServletHandlerMapping'
2026-06-07 22:55:19 DEBUG org.springframework.beans.factory.support.DefaultListableBeanFactory - Creating shared instance of singleton bean 'requestMappingHandlerAdapter'
2026-06-07 22:55:19 DEBUG org.springframework.beans.factory.support.DefaultListableBeanFactory - Autowiring by type from bean name 'requestMappingHandlerAdapter' via factory method to bean named 'mvcContentNegotiationManager'
2026-06-07 22:55:19 DEBUG org.springframework.beans.factory.support.DefaultListableBeanFactory - Autowiring by type from bean name 'requestMappingHandlerAdapter' via factory method to bean named 'mvcConversionService'
2026-06-07 22:55:19 DEBUG org.springframework.beans.factory.support.DefaultListableBeanFactory - Autowiring by type from bean name 'requestMappingHandlerAdapter' via factory method to bean named 'mvcValidator'
2026-06-07 22:55:19 DEBUG jdk.event.security -  TLSHandshake: localhost:3306, TLSv1.3, TLS_AES_128_GCM_SHA256, 3255177289
2026-06-07 22:55:20 DEBUG org.springframework.beans.factory.support.DefaultListableBeanFactory - Creating shared instance of singleton bean 'sortResolver'
2026-06-07 22:55:20 DEBUG com.zaxxer.hikari.pool.PoolBase - HikariPool-1 - Established new connection (851704c7-b0a8-4d43-a4ca-ee6554275815)
2026-06-07 22:55:20 DEBUG com.zaxxer.hikari.pool.HikariPool - HikariPool-1 - Added connection com.mysql.cj.jdbc.ConnectionImpl@65bed331
2026-06-07 22:55:20 DEBUG org.springframework.beans.factory.support.DefaultListableBeanFactory - Creating shared instance of singleton bean 'sortCustomizer'
2026-06-07 22:55:20 DEBUG org.springframework.beans.factory.support.DefaultListableBeanFactory - Creating shared instance of singleton bean 'pageableResolver'
2026-06-07 22:55:20 DEBUG org.springframework.beans.factory.support.DefaultListableBeanFactory - Creating shared instance of singleton bean 'pageableCustomizer'
2026-06-07 22:55:20 DEBUG org.springframework.web.servlet.mvc.method.annotation.RequestMappingHandlerAdapter - ControllerAdvice beans: 0 @ModelAttribute, 0 @InitBinder, 2 RequestBodyAdvice, 1 ResponseBodyAdvice
2026-06-07 22:55:20 DEBUG org.springframework.beans.factory.support.DefaultListableBeanFactory - Creating shared instance of singleton bean 'mvcViewResolver'
2026-06-07 22:55:20 DEBUG org.springframework.beans.factory.support.DefaultListableBeanFactory - Autowiring by type from bean name 'mvcViewResolver' via factory method to bean named 'mvcContentNegotiationManager'
2026-06-07 22:55:20 DEBUG org.springframework.beans.factory.support.DefaultListableBeanFactory - Creating shared instance of singleton bean 'defaultViewResolver'
2026-06-07 22:55:20 DEBUG org.springframework.beans.factory.support.DefaultListableBeanFactory - Creating shared instance of singleton bean 'viewResolver'
2026-06-07 22:55:20 DEBUG org.springframework.beans.factory.support.DefaultListableBeanFactory - Autowiring by type from bean name 'viewResolver' via factory method to bean named 'org.springframework.beans.factory.support.DefaultListableBeanFactory@a8a8b75'
2026-06-07 22:55:20 DEBUG org.springframework.beans.factory.support.DefaultListableBeanFactory - Creating shared instance of singleton bean 'viewResolver'
2026-06-07 22:55:20 DEBUG org.springframework.beans.factory.support.DefaultListableBeanFactory - Creating shared instance of singleton bean 'handlerFunctionAdapter'
2026-06-07 22:55:20 DEBUG org.springframework.beans.factory.support.DefaultListableBeanFactory - Creating shared instance of singleton bean 'mvcUriComponentsContributor'
2026-06-07 22:55:20 DEBUG org.springframework.beans.factory.support.DefaultListableBeanFactory - Autowiring by type from bean name 'mvcUriComponentsContributor' via factory method to bean named 'mvcConversionService'
2026-06-07 22:55:20 DEBUG org.springframework.beans.factory.support.DefaultListableBeanFactory - Autowiring by type from bean name 'mvcUriComponentsContributor' via factory method to bean named 'requestMappingHandlerAdapter'
2026-06-07 22:55:20 DEBUG org.springframework.beans.factory.support.DefaultListableBeanFactory - Creating shared instance of singleton bean 'httpRequestHandlerAdapter'
2026-06-07 22:55:20 DEBUG org.springframework.beans.factory.support.DefaultListableBeanFactory - Creating shared instance of singleton bean 'simpleControllerHandlerAdapter'
2026-06-07 22:55:20 DEBUG org.springframework.beans.factory.support.DefaultListableBeanFactory - Creating shared instance of singleton bean 'handlerExceptionResolver'
2026-06-07 22:55:20 DEBUG org.springframework.beans.factory.support.DefaultListableBeanFactory - Autowiring by type from bean name 'handlerExceptionResolver' via factory method to bean named 'mvcContentNegotiationManager'
2026-06-07 22:55:20 DEBUG org.springframework.web.servlet.mvc.method.annotation.ExceptionHandlerExceptionResolver - ControllerAdvice beans: 0 @ExceptionHandler, 1 ResponseBodyAdvice
2026-06-07 22:55:20 DEBUG org.springframework.beans.factory.support.DefaultListableBeanFactory - Creating shared instance of singleton bean 'org.mybatis.spring.boot.autoconfigure.MybatisLanguageDriverAutoConfiguration'
2026-06-07 22:55:20 DEBUG org.springframework.beans.factory.support.DefaultListableBeanFactory - Creating shared instance of singleton bean 'org.springframework.boot.transaction.jta.autoconfigure.JtaAutoConfiguration'
2026-06-07 22:55:20 DEBUG org.springframework.beans.factory.support.DefaultListableBeanFactory - Creating shared instance of singleton bean 'org.springframework.boot.jdbc.autoconfigure.DataSourceJmxConfiguration$Hikari'
2026-06-07 22:55:20 DEBUG org.springframework.beans.factory.support.DefaultListableBeanFactory - Autowiring by type from bean name 'org.springframework.boot.jdbc.autoconfigure.DataSourceJmxConfiguration$Hikari' via constructor to bean named 'dataSource'
2026-06-07 22:55:20 DEBUG org.springframework.beans.factory.support.DefaultListableBeanFactory - Creating shared instance of singleton bean 'org.springframework.boot.jdbc.autoconfigure.DataSourceJmxConfiguration'
2026-06-07 22:55:20 DEBUG org.springframework.beans.factory.support.DefaultListableBeanFactory - Creating shared instance of singleton bean 'org.springframework.boot.jdbc.autoconfigure.DataSourcePoolMetadataProvidersConfiguration'
2026-06-07 22:55:20 DEBUG org.springframework.beans.factory.support.DefaultListableBeanFactory - Creating shared instance of singleton bean 'org.springframework.boot.jdbc.autoconfigure.DataSourceAutoConfiguration'
2026-06-07 22:55:20 DEBUG org.springframework.beans.factory.support.DefaultListableBeanFactory - Creating shared instance of singleton bean 'org.mybatis.spring.boot.autoconfigure.MybatisAutoConfiguration$MapperScannerRegistrarNotFoundConfiguration'
2026-06-07 22:55:20 DEBUG org.mybatis.spring.boot.autoconfigure.MybatisAutoConfiguration - Not found configuration for registering mapper bean using @MapperScan, MapperFactoryBean and MapperScannerConfigurer.
2026-06-07 22:55:20 DEBUG org.springframework.beans.factory.support.DefaultListableBeanFactory - Creating shared instance of singleton bean 'org.mybatis.spring.boot.autoconfigure.MybatisAutoConfiguration'
2026-06-07 22:55:20 DEBUG org.springframework.beans.factory.support.DefaultListableBeanFactory - Creating shared instance of singleton bean 'mybatis-org.mybatis.spring.boot.autoconfigure.MybatisProperties'
2026-06-07 22:55:20 DEBUG com.zaxxer.hikari.pool.HikariPool - HikariPool-1 - After adding stats (total=8/10, idle=8/10, active=0, waiting=0)
2026-06-07 22:55:20 DEBUG com.zaxxer.hikari.pool.PoolBase - HikariPool-1 - Attempting to create/setup new connection (8905e9bb-a744-4acd-b54c-2dc50f6d8827)
2026-06-07 22:55:20 DEBUG org.springframework.beans.factory.support.DefaultListableBeanFactory - Autowiring by type from bean name 'org.mybatis.spring.boot.autoconfigure.MybatisAutoConfiguration' via constructor to bean named 'mybatis-org.mybatis.spring.boot.autoconfigure.MybatisProperties'
2026-06-07 22:55:20 DEBUG org.springframework.beans.factory.support.DefaultListableBeanFactory - Autowiring by type from bean name 'org.mybatis.spring.boot.autoconfigure.MybatisAutoConfiguration' via constructor to bean named 'org.springframework.boot.web.server.servlet.context.AnnotationConfigServletWebServerApplicationContext@372b0d86'
2026-06-07 22:55:20 DEBUG org.springframework.beans.factory.support.DefaultListableBeanFactory - Creating shared instance of singleton bean 'sqlSessionFactory'
2026-06-07 22:55:20 DEBUG org.springframework.beans.factory.support.DefaultListableBeanFactory - Autowiring by type from bean name 'sqlSessionFactory' via factory method to bean named 'dataSource'
2026-06-07 22:55:20 DEBUG jdk.event.security - X509Certificate: Alg:SHA256withRSA, Serial:02, Subject:CN=MySQL_Server_9.6.0_Auto_Generated_Server_Certificate, Issuer:CN=MySQL_Server_9.6.0_Auto_Generated_CA_Certificate, Key type:RSA, Length:2048, Cert Id:3255177289, Valid from:6/7/26, 10:54 PM, Valid until:6/4/36, 10:54 PM
2026-06-07 22:55:20 DEBUG jdk.event.security - X509Certificate: Alg:SHA256withRSA, Serial:01, Subject:CN=MySQL_Server_9.6.0_Auto_Generated_CA_Certificate, Issuer:CN=MySQL_Server_9.6.0_Auto_Generated_CA_Certificate, Key type:RSA, Length:2048, Cert Id:1808369628, Valid from:6/7/26, 10:54 PM, Valid until:6/4/36, 10:54 PM
2026-06-07 22:55:20 DEBUG jdk.event.security -  TLSHandshake: localhost:3306, TLSv1.3, TLS_AES_128_GCM_SHA256, 3255177289
2026-06-07 22:55:20 DEBUG com.zaxxer.hikari.pool.PoolBase - HikariPool-1 - Established new connection (8905e9bb-a744-4acd-b54c-2dc50f6d8827)
2026-06-07 22:55:20 DEBUG com.zaxxer.hikari.pool.HikariPool - HikariPool-1 - Added connection com.mysql.cj.jdbc.ConnectionImpl@6f2c1c56
2026-06-07 22:55:20 DEBUG org.apache.ibatis.logging.LogFactory - Logging initialized using 'class org.apache.ibatis.logging.log4j2.Log4j2Impl' adapter.
2026-06-07 22:55:20 DEBUG org.mybatis.spring.SqlSessionFactoryBean - Property 'mapperLocations' was not specified.
2026-06-07 22:55:20 DEBUG org.springframework.beans.factory.support.DefaultListableBeanFactory - Creating shared instance of singleton bean 'sqlSessionTemplate'
2026-06-07 22:55:20 DEBUG org.springframework.beans.factory.support.DefaultListableBeanFactory - Autowiring by type from bean name 'sqlSessionTemplate' via factory method to bean named 'sqlSessionFactory'
2026-06-07 22:55:20 DEBUG org.springframework.beans.factory.support.DefaultListableBeanFactory - Creating shared instance of singleton bean 'org.springframework.boot.autoconfigure.jmx.JmxAutoConfiguration'
2026-06-07 22:55:20 DEBUG org.springframework.beans.factory.support.DefaultListableBeanFactory - Creating shared instance of singleton bean 'spring.jmx-org.springframework.boot.autoconfigure.jmx.JmxProperties'
2026-06-07 22:55:20 DEBUG org.springframework.beans.factory.support.DefaultListableBeanFactory - Autowiring by type from bean name 'org.springframework.boot.autoconfigure.jmx.JmxAutoConfiguration' via constructor to bean named 'spring.jmx-org.springframework.boot.autoconfigure.jmx.JmxProperties'
2026-06-07 22:55:20 DEBUG org.springframework.beans.factory.support.DefaultListableBeanFactory - Creating shared instance of singleton bean 'mbeanExporter'
2026-06-07 22:55:20 DEBUG org.springframework.beans.factory.support.DefaultListableBeanFactory - Creating shared instance of singleton bean 'objectNamingStrategy'
2026-06-07 22:55:20 DEBUG org.springframework.beans.factory.support.DefaultListableBeanFactory - Autowiring by type from bean name 'mbeanExporter' via factory method to bean named 'objectNamingStrategy'
2026-06-07 22:55:20 DEBUG org.springframework.beans.factory.support.DefaultListableBeanFactory - Autowiring by type from bean name 'mbeanExporter' via factory method to bean named 'org.springframework.beans.factory.support.DefaultListableBeanFactory@a8a8b75'
2026-06-07 22:55:20 DEBUG com.zaxxer.hikari.pool.HikariPool - HikariPool-1 - After adding stats (total=9/10, idle=9/10, active=0, waiting=0)
2026-06-07 22:55:20 DEBUG com.zaxxer.hikari.pool.PoolBase - HikariPool-1 - Attempting to create/setup new connection (3bcf51b2-362b-424f-a03d-837a40b473ba)
2026-06-07 22:55:20 DEBUG org.springframework.beans.factory.support.DefaultListableBeanFactory - Creating shared instance of singleton bean 'mbeanServer'
2026-06-07 22:55:20 DEBUG org.springframework.jmx.support.JmxUtils - Found MBeanServer: com.sun.jmx.mbeanserver.JmxMBeanServer@4fccd51b
2026-06-07 22:55:20 DEBUG org.springframework.beans.factory.support.DefaultListableBeanFactory - Creating shared instance of singleton bean 'org.springframework.boot.autoconfigure.admin.SpringApplicationAdminJmxAutoConfiguration'
2026-06-07 22:55:20 DEBUG org.springframework.beans.factory.support.DefaultListableBeanFactory - Creating shared instance of singleton bean 'springApplicationAdminRegistrar'
2026-06-07 22:55:20 DEBUG org.springframework.beans.factory.support.DefaultListableBeanFactory - Autowiring by type from bean name 'springApplicationAdminRegistrar' via factory method to bean named 'environment'
2026-06-07 22:55:20 DEBUG org.springframework.boot.admin.SpringApplicationAdminMXBeanRegistrar$SpringApplicationAdmin - Application Admin MBean registered with name 'org.springframework.boot:type=Admin,name=SpringApplication'
2026-06-07 22:55:20 DEBUG org.springframework.beans.factory.support.DefaultListableBeanFactory - Creating shared instance of singleton bean 'org.springframework.boot.autoconfigure.aop.AopAutoConfiguration$AspectJAutoProxyingConfiguration$CglibAutoProxyConfiguration'
2026-06-07 22:55:20 DEBUG org.springframework.beans.factory.support.DefaultListableBeanFactory - Creating shared instance of singleton bean 'org.springframework.boot.autoconfigure.aop.AopAutoConfiguration$AspectJAutoProxyingConfiguration'
2026-06-07 22:55:20 DEBUG org.springframework.beans.factory.support.DefaultListableBeanFactory - Creating shared instance of singleton bean 'org.springframework.boot.autoconfigure.aop.AopAutoConfiguration'
2026-06-07 22:55:20 DEBUG org.springframework.beans.factory.support.DefaultListableBeanFactory - Creating shared instance of singleton bean 'org.springframework.boot.autoconfigure.availability.ApplicationAvailabilityAutoConfiguration'
2026-06-07 22:55:20 DEBUG org.springframework.beans.factory.support.DefaultListableBeanFactory - Creating shared instance of singleton bean 'applicationAvailability'
2026-06-07 22:55:20 DEBUG org.springframework.beans.factory.support.DefaultListableBeanFactory - Creating shared instance of singleton bean 'org.springframework.boot.autoconfigure.context.ConfigurationPropertiesAutoConfiguration'
2026-06-07 22:55:20 DEBUG org.springframework.beans.factory.support.DefaultListableBeanFactory - Creating shared instance of singleton bean 'org.springframework.boot.autoconfigure.context.LifecycleAutoConfiguration'
2026-06-07 22:55:20 DEBUG org.springframework.beans.factory.support.DefaultListableBeanFactory - Creating shared instance of singleton bean 'lifecycleProcessor'
2026-06-07 22:55:20 DEBUG org.springframework.beans.factory.support.DefaultListableBeanFactory - Creating shared instance of singleton bean 'spring.lifecycle-org.springframework.boot.autoconfigure.context.LifecycleProperties'
2026-06-07 22:55:20 DEBUG org.springframework.beans.factory.support.DefaultListableBeanFactory - Autowiring by type from bean name 'lifecycleProcessor' via factory method to bean named 'spring.lifecycle-org.springframework.boot.autoconfigure.context.LifecycleProperties'
2026-06-07 22:55:20 DEBUG jdk.event.security - X509Certificate: Alg:SHA256withRSA, Serial:02, Subject:CN=MySQL_Server_9.6.0_Auto_Generated_Server_Certificate, Issuer:CN=MySQL_Server_9.6.0_Auto_Generated_CA_Certificate, Key type:RSA, Length:2048, Cert Id:3255177289, Valid from:6/7/26, 10:54 PM, Valid until:6/4/36, 10:54 PM
2026-06-07 22:55:20 DEBUG jdk.event.security - X509Certificate: Alg:SHA256withRSA, Serial:01, Subject:CN=MySQL_Server_9.6.0_Auto_Generated_CA_Certificate, Issuer:CN=MySQL_Server_9.6.0_Auto_Generated_CA_Certificate, Key type:RSA, Length:2048, Cert Id:1808369628, Valid from:6/7/26, 10:54 PM, Valid until:6/4/36, 10:54 PM
2026-06-07 22:55:20 DEBUG org.springframework.beans.factory.support.DefaultListableBeanFactory - Creating shared instance of singleton bean 'org.springframework.boot.autoconfigure.info.ProjectInfoAutoConfiguration'
2026-06-07 22:55:20 DEBUG jdk.event.security -  TLSHandshake: localhost:3306, TLSv1.3, TLS_AES_128_GCM_SHA256, 3255177289
2026-06-07 22:55:20 DEBUG org.springframework.beans.factory.support.DefaultListableBeanFactory - Creating shared instance of singleton bean 'spring.info-org.springframework.boot.autoconfigure.info.ProjectInfoProperties'
2026-06-07 22:55:20 DEBUG org.springframework.beans.factory.support.DefaultListableBeanFactory - Autowiring by type from bean name 'org.springframework.boot.autoconfigure.info.ProjectInfoAutoConfiguration' via constructor to bean named 'spring.info-org.springframework.boot.autoconfigure.info.ProjectInfoProperties'
2026-06-07 22:55:20 DEBUG org.springframework.beans.factory.support.DefaultListableBeanFactory - Creating shared instance of singleton bean 'org.springframework.boot.autoconfigure.task.TaskSchedulingConfigurations$ThreadPoolTaskSchedulerBuilderConfiguration'
2026-06-07 22:55:20 DEBUG org.springframework.beans.factory.support.DefaultListableBeanFactory - Creating shared instance of singleton bean 'threadPoolTaskSchedulerBuilder'
2026-06-07 22:55:20 DEBUG org.springframework.beans.factory.support.DefaultListableBeanFactory - Creating shared instance of singleton bean 'spring.task.scheduling-org.springframework.boot.autoconfigure.task.TaskSchedulingProperties'
2026-06-07 22:55:20 DEBUG org.springframework.beans.factory.support.DefaultListableBeanFactory - Autowiring by type from bean name 'threadPoolTaskSchedulerBuilder' via factory method to bean named 'spring.task.scheduling-org.springframework.boot.autoconfigure.task.TaskSchedulingProperties'
2026-06-07 22:55:20 DEBUG com.zaxxer.hikari.pool.PoolBase - HikariPool-1 - Established new connection (3bcf51b2-362b-424f-a03d-837a40b473ba)
2026-06-07 22:55:20 DEBUG com.zaxxer.hikari.pool.HikariPool - HikariPool-1 - Added connection com.mysql.cj.jdbc.ConnectionImpl@6f49d1f6
2026-06-07 22:55:20 DEBUG org.springframework.beans.factory.support.DefaultListableBeanFactory - Creating shared instance of singleton bean 'org.springframework.boot.autoconfigure.task.TaskSchedulingConfigurations$SimpleAsyncTaskSchedulerBuilderConfiguration'
2026-06-07 22:55:20 DEBUG org.springframework.beans.factory.support.DefaultListableBeanFactory - Autowiring by type from bean name 'org.springframework.boot.autoconfigure.task.TaskSchedulingConfigurations$SimpleAsyncTaskSchedulerBuilderConfiguration' via constructor to bean named 'spring.task.scheduling-org.springframework.boot.autoconfigure.task.TaskSchedulingProperties'
2026-06-07 22:55:20 DEBUG org.springframework.beans.factory.support.DefaultListableBeanFactory - Creating shared instance of singleton bean 'simpleAsyncTaskSchedulerBuilder'
2026-06-07 22:55:20 DEBUG org.springframework.beans.factory.support.DefaultListableBeanFactory - Creating shared instance of singleton bean 'org.springframework.boot.autoconfigure.task.TaskSchedulingAutoConfiguration'
2026-06-07 22:55:20 DEBUG org.springframework.beans.factory.support.DefaultListableBeanFactory - Creating shared instance of singleton bean 'org.springframework.data.web.config.ProjectingArgumentResolverRegistrar'
2026-06-07 22:55:20 DEBUG org.springframework.beans.factory.support.DefaultListableBeanFactory - Creating shared instance of singleton bean 'offsetResolver'
2026-06-07 22:55:20 DEBUG org.springframework.beans.factory.support.DefaultListableBeanFactory - Creating shared instance of singleton bean 'org.springframework.boot.transaction.autoconfigure.TransactionManagerCustomizationAutoConfiguration'
2026-06-07 22:55:20 DEBUG org.springframework.beans.factory.support.DefaultListableBeanFactory - Creating shared instance of singleton bean 'platformTransactionManagerCustomizers'
2026-06-07 22:55:20 DEBUG org.springframework.beans.factory.support.DefaultListableBeanFactory - Creating shared instance of singleton bean 'transactionExecutionListeners'
2026-06-07 22:55:20 DEBUG org.springframework.beans.factory.support.DefaultListableBeanFactory - Creating shared instance of singleton bean 'spring.transaction-org.springframework.boot.transaction.autoconfigure.TransactionProperties'
2026-06-07 22:55:20 DEBUG org.springframework.beans.factory.support.DefaultListableBeanFactory - Creating shared instance of singleton bean 'org.springframework.boot.jpa.autoconfigure.JpaBaseConfiguration$PersistenceManagedTypesConfiguration'
2026-06-07 22:55:20 DEBUG org.springframework.beans.factory.support.DefaultListableBeanFactory - Creating shared instance of singleton bean 'transactionManager'
2026-06-07 22:55:20 DEBUG org.springframework.beans.factory.support.DefaultListableBeanFactory - Creating shared instance of singleton bean 'org.springframework.boot.hibernate.autoconfigure.HibernateJpaAutoConfiguration'
2026-06-07 22:55:20 DEBUG org.springframework.beans.factory.support.DefaultListableBeanFactory - Creating shared instance of singleton bean 'org.springframework.boot.data.jpa.autoconfigure.DataJpaRepositoriesAutoConfiguration'
2026-06-07 22:55:20 DEBUG org.springframework.beans.factory.support.DefaultListableBeanFactory - Creating shared instance of singleton bean 'eagerJpaMetamodelCacheCleanup'
2026-06-07 22:55:20 DEBUG org.springframework.beans.factory.support.DefaultListableBeanFactory - Creating shared instance of singleton bean 'jpaSharedEM_entityManagerFactory'
2026-06-07 22:55:20 DEBUG org.springframework.beans.factory.support.DefaultListableBeanFactory - Creating shared instance of singleton bean 'org.springframework.data.jpa.util.JpaMetamodelCacheCleanup'
2026-06-07 22:55:20 DEBUG org.springframework.beans.factory.support.DefaultListableBeanFactory - Creating shared instance of singleton bean 'org.springframework.data.jpa.repository.support.JpaEvaluationContextExtension'
2026-06-07 22:55:20 DEBUG org.springframework.beans.factory.support.DefaultListableBeanFactory - Creating shared instance of singleton bean 'data-jpa.repository-aot-processor#0'
2026-06-07 22:55:20 DEBUG org.springframework.beans.factory.support.DefaultListableBeanFactory - Creating shared instance of singleton bean 'org.springframework.boot.http.converter.autoconfigure.JacksonHttpMessageConvertersConfiguration'
2026-06-07 22:55:20 DEBUG org.springframework.beans.factory.support.DefaultListableBeanFactory - Creating shared instance of singleton bean 'org.springframework.boot.http.converter.autoconfigure.Jackson2HttpMessageConvertersConfiguration'
2026-06-07 22:55:20 DEBUG org.springframework.beans.factory.support.DefaultListableBeanFactory - Creating shared instance of singleton bean 'clientConvertersCustomizer'
2026-06-07 22:55:20 DEBUG org.springframework.beans.factory.support.DefaultListableBeanFactory - Creating shared instance of singleton bean 'org.springframework.boot.jdbc.autoconfigure.JdbcTemplateConfiguration'
2026-06-07 22:55:20 DEBUG org.springframework.beans.factory.support.DefaultListableBeanFactory - Creating shared instance of singleton bean 'jdbcTemplate'
2026-06-07 22:55:20 DEBUG org.springframework.beans.factory.support.DefaultListableBeanFactory - Creating shared instance of singleton bean 'spring.jdbc-org.springframework.boot.jdbc.autoconfigure.JdbcProperties'
2026-06-07 22:55:20 DEBUG org.springframework.beans.factory.support.DefaultListableBeanFactory - Autowiring by type from bean name 'jdbcTemplate' via factory method to bean named 'dataSource'
2026-06-07 22:55:20 DEBUG org.springframework.beans.factory.support.DefaultListableBeanFactory - Autowiring by type from bean name 'jdbcTemplate' via factory method to bean named 'spring.jdbc-org.springframework.boot.jdbc.autoconfigure.JdbcProperties'
2026-06-07 22:55:20 DEBUG org.springframework.beans.factory.support.DefaultListableBeanFactory - Creating shared instance of singleton bean 'org.springframework.boot.jdbc.autoconfigure.NamedParameterJdbcTemplateConfiguration'
2026-06-07 22:55:20 DEBUG org.springframework.beans.factory.support.DefaultListableBeanFactory - Creating shared instance of singleton bean 'namedParameterJdbcTemplate'
2026-06-07 22:55:20 DEBUG org.springframework.beans.factory.support.DefaultListableBeanFactory - Autowiring by type from bean name 'namedParameterJdbcTemplate' via factory method to bean named 'jdbcTemplate'
2026-06-07 22:55:20 DEBUG org.springframework.beans.factory.support.DefaultListableBeanFactory - Creating shared instance of singleton bean 'org.springframework.boot.jdbc.autoconfigure.JdbcTemplateAutoConfiguration'
2026-06-07 22:55:20 DEBUG org.springframework.beans.factory.support.DefaultListableBeanFactory - Creating shared instance of singleton bean 'org.springframework.boot.jdbc.autoconfigure.JdbcClientAutoConfiguration'
2026-06-07 22:55:20 DEBUG org.springframework.beans.factory.support.DefaultListableBeanFactory - Creating shared instance of singleton bean 'jdbcClient'
2026-06-07 22:55:20 DEBUG org.springframework.beans.factory.support.DefaultListableBeanFactory - Autowiring by type from bean name 'jdbcClient' via factory method to bean named 'namedParameterJdbcTemplate'
2026-06-07 22:55:20 DEBUG org.springframework.beans.factory.support.DefaultListableBeanFactory - Creating shared instance of singleton bean 'org.springframework.boot.persistence.autoconfigure.PersistenceExceptionTranslationAutoConfiguration'
2026-06-07 22:55:20 DEBUG org.springframework.beans.factory.support.DefaultListableBeanFactory - Creating shared instance of singleton bean 'multipartResolver'
2026-06-07 22:55:20 DEBUG org.springframework.beans.factory.support.DefaultListableBeanFactory - Creating shared instance of singleton bean 'org.springframework.boot.jdbc.autoconfigure.DataSourceTransactionManagerAutoConfiguration$JdbcTransactionManagerConfiguration'
2026-06-07 22:55:20 DEBUG org.springframework.beans.factory.support.DefaultListableBeanFactory - Creating shared instance of singleton bean 'org.springframework.boot.jdbc.autoconfigure.DataSourceTransactionManagerAutoConfiguration'
2026-06-07 22:55:20 DEBUG org.springframework.beans.factory.support.DefaultListableBeanFactory - Creating shared instance of singleton bean 'org.springframework.boot.transaction.autoconfigure.TransactionAutoConfiguration$EnableTransactionManagementConfiguration$CglibAutoProxyConfiguration'
2026-06-07 22:55:20 DEBUG org.springframework.beans.factory.support.DefaultListableBeanFactory - Creating shared instance of singleton bean 'org.springframework.boot.transaction.autoconfigure.TransactionAutoConfiguration$EnableTransactionManagementConfiguration'
2026-06-07 22:55:20 DEBUG org.springframework.beans.factory.support.DefaultListableBeanFactory - Creating shared instance of singleton bean 'org.springframework.boot.transaction.autoconfigure.TransactionAutoConfiguration$TransactionTemplateConfiguration'
2026-06-07 22:55:20 DEBUG org.springframework.beans.factory.support.DefaultListableBeanFactory - Creating shared instance of singleton bean 'transactionTemplate'
2026-06-07 22:55:20 DEBUG org.springframework.beans.factory.support.DefaultListableBeanFactory - Autowiring by type from bean name 'transactionTemplate' via factory method to bean named 'transactionManager'
2026-06-07 22:55:20 DEBUG org.springframework.beans.factory.support.DefaultListableBeanFactory - Creating shared instance of singleton bean 'org.springframework.boot.transaction.autoconfigure.TransactionAutoConfiguration'
2026-06-07 22:55:20 DEBUG com.zaxxer.hikari.pool.HikariPool - HikariPool-1 - After adding stats (total=10/10, idle=10/10, active=0, waiting=0)
2026-06-07 22:55:20 DEBUG org.springframework.jmx.export.annotation.AnnotationMBeanExporter - Registering beans for JMX exposure on startup
2026-06-07 22:55:20 DEBUG org.springframework.jmx.export.annotation.AnnotationMBeanExporter - Auto-detecting user-defined JMX MBeans
2026-06-07 22:55:20 DEBUG org.springframework.jmx.export.annotation.AnnotationMBeanExporter - Bean with name 'dataSource' has been autodetected for JMX exposure
2026-06-07 22:55:20 DEBUG org.springframework.jmx.export.annotation.AnnotationMBeanExporter - Located MBean 'dataSource': registering with JMX server as MBean [com.zaxxer.hikari:name=dataSource,type=HikariDataSource]
2026-06-07 22:55:20 DEBUG org.springframework.context.support.DefaultLifecycleProcessor - Starting beans in phase -2147483647
2026-06-07 22:55:20 DEBUG org.springframework.context.support.DefaultLifecycleProcessor - Successfully started bean 'springBootLoggingLifecycle'
2026-06-07 22:55:20 DEBUG org.springframework.context.support.DefaultLifecycleProcessor - Starting beans in phase 1073741823
2026-06-07 22:55:20 DEBUG org.springframework.context.support.DefaultLifecycleProcessor - Starting beans in phase 2147481599
2026-06-07 22:55:20 DEBUG org.apache.catalina.util.LifecycleBase - Setting state for [Connector["http-nio-8080"]] to [STARTING_PREP]
2026-06-07 22:55:20 DEBUG org.apache.catalina.util.LifecycleBase - Setting state for [Connector["http-nio-8080"]] to [STARTING]
2026-06-07 22:55:20 INFO  org.apache.coyote.http11.Http11NioProtocol - Starting ProtocolHandler ["http-nio-8080"]
2026-06-07 22:55:20 DEBUG org.apache.catalina.util.LifecycleBase - Setting state for [Connector["http-nio-8080"]] to [STARTED]
2026-06-07 22:55:20 DEBUG org.apache.jasper.servlet.JspServlet - Scratch dir for the JSP engine is: [/private/var/folders/kt/4v7fjwm531nfvy46nkdknv3r0000gn/T/tomcat.8080.693018237411758259/work/Tomcat/localhost/ROOT]
2026-06-07 22:55:20 DEBUG org.apache.jasper.servlet.JspServlet - IMPORTANT: Do not modify the generated servlets
2026-06-07 22:55:20 INFO  org.springframework.boot.tomcat.TomcatWebServer - Tomcat started on port 8080 (http) with context path '/'
2026-06-07 22:55:20 DEBUG org.springframework.context.support.DefaultLifecycleProcessor - Successfully started bean 'webServerStartStop'
2026-06-07 22:55:20 DEBUG org.springframework.context.support.DefaultLifecycleProcessor - Starting beans in phase 2147482623
2026-06-07 22:55:20 DEBUG org.springframework.context.support.DefaultLifecycleProcessor - Successfully started bean 'webServerGracefulShutdown'
2026-06-07 22:55:20 DEBUG org.springframework.boot.autoconfigure.logging.ConditionEvaluationReportLogger - 


============================
CONDITIONS EVALUATION REPORT
============================


Positive matches:
-----------------

   AopAutoConfiguration matched:
      - @ConditionalOnBooleanProperty (spring.aop.auto=true) matched (OnPropertyCondition)

   AopAutoConfiguration.AspectJAutoProxyingConfiguration matched:
      - @ConditionalOnClass found required class 'org.aspectj.weaver.Advice' (OnClassCondition)

   AopAutoConfiguration.AspectJAutoProxyingConfiguration.CglibAutoProxyConfiguration matched:
      - @ConditionalOnBooleanProperty (spring.aop.proxy-target-class=true) matched (OnPropertyCondition)

   ApplicationAvailabilityAutoConfiguration#applicationAvailability matched:
      - @ConditionalOnMissingBean (types: org.springframework.boot.availability.ApplicationAvailability; SearchStrategy: all) did not find any beans (OnBeanCondition)

   DataJpaRepositoriesAutoConfiguration matched:
      - @ConditionalOnClass found required class 'org.springframework.data.jpa.repository.JpaRepository' (OnClassCondition)
      - @ConditionalOnBooleanProperty (spring.data.jpa.repositories.enabled=true) matched (OnPropertyCondition)
      - @ConditionalOnBean (types: javax.sql.DataSource; SearchStrategy: all) found bean 'dataSource'; @ConditionalOnMissingBean (types: org.springframework.data.jpa.repository.support.JpaRepositoryFactoryBean,org.springframework.data.jpa.repository.config.JpaRepositoryConfigExtension; SearchStrategy: all) did not find any beans (OnBeanCondition)

   DataSourceAutoConfiguration matched:
      - @ConditionalOnClass found required classes 'javax.sql.DataSource', 'org.springframework.jdbc.datasource.embedded.EmbeddedDatabaseType' (OnClassCondition)
      - @ConditionalOnMissingBean (types: io.r2dbc.spi.ConnectionFactory; SearchStrategy: all) did not find any beans (OnBeanCondition)

   DataSourceAutoConfiguration.PooledDataSourceConfiguration matched:
      - AnyNestedCondition 1 matched 1 did not; NestedCondition on DataSourceAutoConfiguration.PooledDataSourceCondition.PooledDataSourceAvailable PooledDataSource found supported DataSource; NestedCondition on DataSourceAutoConfiguration.PooledDataSourceCondition.ExplicitType @ConditionalOnProperty (spring.datasource.type) did not find property 'spring.datasource.type' (DataSourceAutoConfiguration.PooledDataSourceCondition)
      - @ConditionalOnMissingBean (types: javax.sql.DataSource,javax.sql.XADataSource; SearchStrategy: all) did not find any beans (OnBeanCondition)

   DataSourceAutoConfiguration.PooledDataSourceConfiguration#jdbcConnectionDetails matched:
      - @ConditionalOnMissingBean (types: org.springframework.boot.jdbc.autoconfigure.JdbcConnectionDetails; SearchStrategy: all) did not find any beans (OnBeanCondition)

   DataSourceConfiguration.Hikari matched:
      - @ConditionalOnClass found required class 'com.zaxxer.hikari.HikariDataSource' (OnClassCondition)
      - @ConditionalOnProperty (spring.datasource.type=com.zaxxer.hikari.HikariDataSource) matched (OnPropertyCondition)
      - @ConditionalOnMissingBean (types: javax.sql.DataSource; SearchStrategy: all) did not find any beans (OnBeanCondition)

   DataSourceInitializationAutoConfiguration matched:
      - @ConditionalOnClass found required class 'org.springframework.jdbc.datasource.init.DatabasePopulator' (OnClassCondition)
      - SQL InitializationDatabase Initialization default value is EMBEDDED (OnSqlInitializationCondition)
      - @ConditionalOnSingleCandidate (types: javax.sql.DataSource; SearchStrategy: all) found a single bean 'dataSource'; @ConditionalOnMissingBean (types: org.springframework.boot.sql.autoconfigure.init.ApplicationScriptDatabaseInitializer; SearchStrategy: all) did not find any beans (OnBeanCondition)

   DataSourceJmxConfiguration matched:
      - @ConditionalOnBooleanProperty (spring.jmx.enabled=true) matched (OnPropertyCondition)

   DataSourceJmxConfiguration.Hikari matched:
      - @ConditionalOnClass found required class 'com.zaxxer.hikari.HikariDataSource' (OnClassCondition)
      - @ConditionalOnSingleCandidate (types: javax.sql.DataSource; SearchStrategy: all) found a single bean 'dataSource' (OnBeanCondition)

   DataSourcePoolMetadataProvidersConfiguration.HikariPoolDataSourceMetadataProviderConfiguration matched:
      - @ConditionalOnClass found required class 'com.zaxxer.hikari.HikariDataSource' (OnClassCondition)

   DataSourceTransactionManagerAutoConfiguration matched:
      - @ConditionalOnClass found required classes 'javax.sql.DataSource', 'org.springframework.jdbc.core.JdbcTemplate', 'org.springframework.transaction.TransactionManager' (OnClassCondition)

   DataSourceTransactionManagerAutoConfiguration.JdbcTransactionManagerConfiguration matched:
      - @ConditionalOnSingleCandidate (types: javax.sql.DataSource; SearchStrategy: all) found a single bean 'dataSource' (OnBeanCondition)

   DataWebAutoConfiguration matched:
      - @ConditionalOnClass found required classes 'org.springframework.data.web.PageableHandlerMethodArgumentResolver', 'org.springframework.web.servlet.config.annotation.WebMvcConfigurer' (OnClassCondition)
      - found 'session' scope (OnWebApplicationCondition)
      - @ConditionalOnMissingBean (types: org.springframework.data.web.PageableHandlerMethodArgumentResolver; SearchStrategy: all) did not find any beans (OnBeanCondition)

   DataWebAutoConfiguration#pageableCustomizer matched:
      - @ConditionalOnMissingBean (types: org.springframework.data.web.config.PageableHandlerMethodArgumentResolverCustomizer; SearchStrategy: all) did not find any beans (OnBeanCondition)

   DataWebAutoConfiguration#sortCustomizer matched:
      - @ConditionalOnMissingBean (types: org.springframework.data.web.config.SortHandlerMethodArgumentResolverCustomizer; SearchStrategy: all) did not find any beans (OnBeanCondition)

   DataWebAutoConfiguration#springDataWebSettings matched:
      - @ConditionalOnMissingBean (types: org.springframework.data.web.config.SpringDataWebSettings; SearchStrategy: all) did not find any beans (OnBeanCondition)

   DispatcherServletAutoConfiguration matched:
      - @ConditionalOnClass found required class 'org.springframework.web.servlet.DispatcherServlet' (OnClassCondition)
      - found 'session' scope (OnWebApplicationCondition)

   DispatcherServletAutoConfiguration.DispatcherServletConfiguration matched:
      - @ConditionalOnClass found required class 'jakarta.servlet.ServletRegistration' (OnClassCondition)
      - Default DispatcherServlet did not find dispatcher servlet beans (DispatcherServletAutoConfiguration.DefaultDispatcherServletCondition)

   DispatcherServletAutoConfiguration.DispatcherServletRegistrationConfiguration matched:
      - @ConditionalOnClass found required class 'jakarta.servlet.ServletRegistration' (OnClassCondition)
      - DispatcherServlet Registration did not find servlet registration bean (DispatcherServletAutoConfiguration.DispatcherServletRegistrationCondition)

   DispatcherServletAutoConfiguration.DispatcherServletRegistrationConfiguration#dispatcherServletRegistration matched:
      - @ConditionalOnBean (names: dispatcherServlet types: org.springframework.web.servlet.DispatcherServlet; SearchStrategy: all) found bean 'dispatcherServlet' (OnBeanCondition)

   ErrorMvcAutoConfiguration matched:
      - @ConditionalOnClass found required classes 'jakarta.servlet.Servlet', 'org.springframework.web.servlet.DispatcherServlet' (OnClassCondition)
      - found 'session' scope (OnWebApplicationCondition)

   ErrorMvcAutoConfiguration#basicErrorController matched:
      - @ConditionalOnMissingBean (types: org.springframework.boot.webmvc.error.ErrorController; SearchStrategy: current) did not find any beans (OnBeanCondition)

   ErrorMvcAutoConfiguration#errorAttributes matched:
      - @ConditionalOnMissingBean (types: org.springframework.boot.webmvc.error.ErrorAttributes; SearchStrategy: current) did not find any beans (OnBeanCondition)

   ErrorMvcAutoConfiguration.DefaultErrorViewResolverConfiguration#conventionErrorViewResolver matched:
      - @ConditionalOnBean (types: org.springframework.web.servlet.DispatcherServlet; SearchStrategy: all) found bean 'dispatcherServlet'; @ConditionalOnMissingBean (types: org.springframework.boot.webmvc.autoconfigure.error.ErrorViewResolver; SearchStrategy: all) did not find any beans (OnBeanCondition)

   ErrorMvcAutoConfiguration.WhitelabelErrorViewConfiguration matched:
      - @ConditionalOnBooleanProperty (spring.web.error.whitelabel.enabled=true) matched (OnPropertyCondition)
      - ErrorTemplate Missing did not find error template view (ErrorMvcAutoConfiguration.ErrorTemplateMissingCondition)

   ErrorMvcAutoConfiguration.WhitelabelErrorViewConfiguration#beanNameViewResolver matched:
      - @ConditionalOnMissingBean (types: org.springframework.web.servlet.view.BeanNameViewResolver; SearchStrategy: all) did not find any beans (OnBeanCondition)

   ErrorMvcAutoConfiguration.WhitelabelErrorViewConfiguration#defaultErrorView matched:
      - @ConditionalOnMissingBean (names: error; SearchStrategy: all) did not find any beans (OnBeanCondition)

   HibernateJpaAutoConfiguration matched:
      - @ConditionalOnClass found required classes 'org.springframework.orm.jpa.LocalContainerEntityManagerFactoryBean', 'jakarta.persistence.EntityManager', 'org.hibernate.engine.spi.SessionImplementor' (OnClassCondition)

   HibernateJpaConfiguration matched:
      - @ConditionalOnSingleCandidate (types: javax.sql.DataSource; SearchStrategy: all) found a single bean 'dataSource' (OnBeanCondition)

   HttpEncodingAutoConfiguration matched:
      - @ConditionalOnClass found required class 'org.springframework.web.filter.CharacterEncodingFilter' (OnClassCondition)
      - found 'session' scope (OnWebApplicationCondition)
      - @ConditionalOnBooleanProperty (spring.servlet.encoding.enabled=true) matched (OnPropertyCondition)

   HttpEncodingAutoConfiguration#characterEncodingFilter matched:
      - @ConditionalOnMissingBean (types: org.springframework.web.filter.CharacterEncodingFilter; SearchStrategy: all) did not find any beans (OnBeanCondition)

   HttpMessageConvertersAutoConfiguration matched:
      - @ConditionalOnClass found required class 'org.springframework.http.converter.HttpMessageConverter' (OnClassCondition)
      - NoneNestedConditions 0 matched 1 did not; NestedCondition on HttpMessageConvertersAutoConfiguration.NotReactiveWebApplicationCondition.ReactiveWebApplication did not find reactive web application classes (HttpMessageConvertersAutoConfiguration.NotReactiveWebApplicationCondition)

   HttpMessageConvertersAutoConfiguration.StringHttpMessageConverterConfiguration#stringHttpMessageConvertersCustomizer matched:
      - @ConditionalOnMissingBean (types: org.springframework.http.converter.StringHttpMessageConverter; SearchStrategy: all) did not find any beans (OnBeanCondition)

   JacksonAutoConfiguration matched:
      - @ConditionalOnClass found required class 'tools.jackson.databind.json.JsonMapper' (OnClassCondition)

   JacksonAutoConfiguration#jacksonJsonMapper matched:
      - @ConditionalOnMissingBean (types: tools.jackson.databind.json.JsonMapper; SearchStrategy: all) did not find any beans (OnBeanCondition)

   JacksonAutoConfiguration#jsonMapperBuilder matched:
      - @ConditionalOnMissingBean (types: tools.jackson.databind.json.JsonMapper$Builder; SearchStrategy: all) did not find any beans (OnBeanCondition)

   JacksonAutoConfiguration.JsonProblemDetailsConfiguration matched:
      - @ConditionalOnClass found required class 'org.springframework.http.ProblemDetail' (OnClassCondition)

   JacksonHttpMessageConvertersConfiguration.JacksonJsonHttpMessageConverterConfiguration matched:
      - @ConditionalOnClass found required class 'tools.jackson.databind.json.JsonMapper' (OnClassCondition)
      - @ConditionalOnProperty (spring.http.converters.preferred-json-mapper=jackson) matched (OnPropertyCondition)
      - @ConditionalOnBean (types: tools.jackson.databind.json.JsonMapper; SearchStrategy: all) found bean 'jacksonJsonMapper' (OnBeanCondition)

   JacksonHttpMessageConvertersConfiguration.JacksonJsonHttpMessageConverterConfiguration#jacksonJsonHttpMessageConvertersCustomizer matched:
      - @ConditionalOnMissingBean (types: org.springframework.http.converter.json.JacksonJsonHttpMessageConverter ignored: org.springframework.hateoas.server.mvc.TypeConstrainedJacksonJsonHttpMessageConverter,org.springframework.data.rest.webmvc.alps.AlpsJacksonJsonHttpMessageConverter; SearchStrategy: all) did not find any beans (OnBeanCondition)

   JdbcClientAutoConfiguration matched:
      - @ConditionalOnSingleCandidate (types: org.springframework.jdbc.core.namedparam.NamedParameterJdbcTemplate; SearchStrategy: all) found a single bean 'namedParameterJdbcTemplate'; @ConditionalOnMissingBean (types: org.springframework.jdbc.core.simple.JdbcClient; SearchStrategy: all) did not find any beans (OnBeanCondition)

   JdbcTemplateAutoConfiguration matched:
      - @ConditionalOnClass found required classes 'javax.sql.DataSource', 'org.springframework.jdbc.core.JdbcTemplate' (OnClassCondition)
      - @ConditionalOnSingleCandidate (types: javax.sql.DataSource; SearchStrategy: all) found a single bean 'dataSource' (OnBeanCondition)

   JdbcTemplateConfiguration matched:
      - @ConditionalOnMissingBean (types: org.springframework.jdbc.core.JdbcOperations; SearchStrategy: all) did not find any beans (OnBeanCondition)

   JmxAutoConfiguration matched:
      - @ConditionalOnClass found required class 'org.springframework.jmx.export.MBeanExporter' (OnClassCondition)
      - @ConditionalOnBooleanProperty (spring.jmx.enabled=true) matched (OnPropertyCondition)

   JmxAutoConfiguration#mbeanExporter matched:
      - @ConditionalOnMissingBean (types: org.springframework.jmx.export.MBeanExporter; SearchStrategy: current) did not find any beans (OnBeanCondition)

   JmxAutoConfiguration#mbeanServer matched:
      - @ConditionalOnMissingBean (types: javax.management.MBeanServer; SearchStrategy: all) did not find any beans (OnBeanCondition)

   JmxAutoConfiguration#objectNamingStrategy matched:
      - @ConditionalOnMissingBean (types: org.springframework.jmx.export.naming.ObjectNamingStrategy; SearchStrategy: current) did not find any beans (OnBeanCondition)

   JpaBaseConfiguration#entityManagerFactory matched:
      - @ConditionalOnMissingBean (types: org.springframework.orm.jpa.LocalContainerEntityManagerFactoryBean,jakarta.persistence.EntityManagerFactory; SearchStrategy: all) did not find any beans (OnBeanCondition)

   JpaBaseConfiguration#entityManagerFactoryBuilder matched:
      - @ConditionalOnMissingBean (types: org.springframework.boot.jpa.EntityManagerFactoryBuilder; SearchStrategy: all) did not find any beans (OnBeanCondition)

   JpaBaseConfiguration#jpaVendorAdapter matched:
      - @ConditionalOnMissingBean (types: org.springframework.orm.jpa.JpaVendorAdapter; SearchStrategy: all) did not find any beans (OnBeanCondition)

   JpaBaseConfiguration#transactionManager matched:
      - @ConditionalOnMissingBean (types: org.springframework.transaction.TransactionManager; SearchStrategy: all) did not find any beans (OnBeanCondition)

   JpaBaseConfiguration.JpaWebConfiguration matched:
      - @ConditionalOnClass found required class 'org.springframework.web.servlet.config.annotation.WebMvcConfigurer' (OnClassCondition)
      - found 'session' scope (OnWebApplicationCondition)
      - @ConditionalOnBooleanProperty (spring.jpa.open-in-view=true) matched (OnPropertyCondition)
      - @ConditionalOnMissingBean (types: org.springframework.orm.jpa.support.OpenEntityManagerInViewInterceptor,org.springframework.orm.jpa.support.OpenEntityManagerInViewFilter; SearchStrategy: all) did not find any beans (OnBeanCondition)

   JpaBaseConfiguration.PersistenceManagedTypesConfiguration matched:
      - @ConditionalOnMissingBean (types: org.springframework.orm.jpa.LocalContainerEntityManagerFactoryBean,jakarta.persistence.EntityManagerFactory; SearchStrategy: all) did not find any beans (OnBeanCondition)

   JpaBaseConfiguration.PersistenceManagedTypesConfiguration#persistenceManagedTypes matched:
      - @ConditionalOnMissingBean (types: org.springframework.orm.jpa.persistenceunit.PersistenceManagedTypes; SearchStrategy: all) did not find any beans (OnBeanCondition)

   JtaAutoConfiguration matched:
      - @ConditionalOnClass found required class 'jakarta.transaction.Transaction' (OnClassCondition)
      - @ConditionalOnBooleanProperty (spring.jta.enabled=true) matched (OnPropertyCondition)

   LifecycleAutoConfiguration#defaultLifecycleProcessor matched:
      - @ConditionalOnMissingBean (names: lifecycleProcessor; SearchStrategy: current) did not find any beans (OnBeanCondition)

   MultipartAutoConfiguration matched:
      - @ConditionalOnClass found required classes 'jakarta.servlet.Servlet', 'org.springframework.web.multipart.support.StandardServletMultipartResolver', 'jakarta.servlet.MultipartConfigElement' (OnClassCondition)
      - found 'session' scope (OnWebApplicationCondition)
      - @ConditionalOnBooleanProperty (spring.servlet.multipart.enabled=true) matched (OnPropertyCondition)

   MultipartAutoConfiguration#multipartConfigElement matched:
      - @ConditionalOnMissingBean (types: jakarta.servlet.MultipartConfigElement; SearchStrategy: all) did not find any beans (OnBeanCondition)

   MultipartAutoConfiguration#multipartResolver matched:
      - @ConditionalOnMissingBean (types: org.springframework.web.multipart.MultipartResolver; SearchStrategy: all) did not find any beans (OnBeanCondition)

   MybatisAutoConfiguration matched:
      - @ConditionalOnClass found required classes 'org.apache.ibatis.session.SqlSessionFactory', 'org.mybatis.spring.SqlSessionFactoryBean' (OnClassCondition)
      - @ConditionalOnSingleCandidate (types: javax.sql.DataSource; SearchStrategy: all) found a single bean 'dataSource' (OnBeanCondition)

   MybatisAutoConfiguration#sqlSessionFactory matched:
      - @ConditionalOnMissingBean (types: org.apache.ibatis.session.SqlSessionFactory; SearchStrategy: all) did not find any beans (OnBeanCondition)

   MybatisAutoConfiguration#sqlSessionTemplate matched:
      - @ConditionalOnMissingBean (types: org.mybatis.spring.SqlSessionTemplate; SearchStrategy: all) did not find any beans (OnBeanCondition)

   MybatisAutoConfiguration.MapperScannerRegistrarNotFoundConfiguration matched:
      - @ConditionalOnMissingBean (types: org.mybatis.spring.mapper.MapperFactoryBean,org.mybatis.spring.mapper.MapperScannerConfigurer; SearchStrategy: all) did not find any beans (OnBeanCondition)

   MybatisLanguageDriverAutoConfiguration matched:
      - @ConditionalOnClass found required class 'org.apache.ibatis.scripting.LanguageDriver' (OnClassCondition)

   NamedParameterJdbcTemplateConfiguration matched:
      - @ConditionalOnSingleCandidate (types: org.springframework.jdbc.core.JdbcTemplate; SearchStrategy: all) found a single bean 'jdbcTemplate'; @ConditionalOnMissingBean (types: org.springframework.jdbc.core.namedparam.NamedParameterJdbcOperations; SearchStrategy: all) did not find any beans (OnBeanCondition)

   PersistenceExceptionTranslationAutoConfiguration matched:
      - @ConditionalOnClass found required class 'org.springframework.dao.annotation.PersistenceExceptionTranslationPostProcessor' (OnClassCondition)

   PersistenceExceptionTranslationAutoConfiguration#persistenceExceptionTranslationPostProcessor matched:
      - @ConditionalOnBooleanProperty (spring.persistence.exceptiontranslation.enabled=true) matched (OnPropertyCondition)
      - @ConditionalOnMissingBean (types: org.springframework.dao.annotation.PersistenceExceptionTranslationPostProcessor; SearchStrategy: all) did not find any beans (OnBeanCondition)

   PropertyPlaceholderAutoConfiguration#propertySourcesPlaceholderConfigurer matched:
      - @ConditionalOnMissingBean (types: org.springframework.context.support.PropertySourcesPlaceholderConfigurer; SearchStrategy: current) did not find any beans (OnBeanCondition)

   SpringApplicationAdminJmxAutoConfiguration matched:
      - @ConditionalOnBooleanProperty (spring.application.admin.enabled=true) matched (OnPropertyCondition)

   SpringApplicationAdminJmxAutoConfiguration#springApplicationAdminRegistrar matched:
      - @ConditionalOnMissingBean (types: org.springframework.boot.admin.SpringApplicationAdminMXBeanRegistrar; SearchStrategy: all) did not find any beans (OnBeanCondition)

   SslAutoConfiguration#sslBundleRegistry matched:
      - @ConditionalOnMissingBean (types: org.springframework.boot.ssl.SslBundleRegistry,org.springframework.boot.ssl.SslBundles; SearchStrategy: all) did not find any beans (OnBeanCondition)

   TaskExecutionAutoConfiguration matched:
      - @ConditionalOnClass found required class 'org.springframework.scheduling.concurrent.ThreadPoolTaskExecutor' (OnClassCondition)

   TaskExecutorConfigurations.AsyncConfigurerConfiguration matched:
      - @ConditionalOnMissingBean (types: org.springframework.scheduling.annotation.AsyncConfigurer; SearchStrategy: all) did not find any beans (OnBeanCondition)

   TaskExecutorConfigurations.SimpleAsyncTaskExecutorBuilderConfiguration#simpleAsyncTaskExecutorBuilder matched:
      - @ConditionalOnMissingBean (types: org.springframework.boot.task.SimpleAsyncTaskExecutorBuilder; SearchStrategy: all) did not find any beans (OnBeanCondition)
      - @ConditionalOnThreading found PLATFORM (OnThreadingCondition)

   TaskExecutorConfigurations.TaskExecutorConfiguration matched:
      - AnyNestedCondition 1 matched 1 did not; NestedCondition on TaskExecutorConfigurations.OnExecutorCondition.ModelCondition @ConditionalOnProperty (spring.task.execution.mode=force) did not find property 'spring.task.execution.mode'; NestedCondition on TaskExecutorConfigurations.OnExecutorCondition.ExecutorBeanCondition @ConditionalOnMissingBean (types: java.util.concurrent.Executor; SearchStrategy: all) did not find any beans (TaskExecutorConfigurations.OnExecutorCondition)

   TaskExecutorConfigurations.TaskExecutorConfiguration#applicationTaskExecutor matched:
      - @ConditionalOnThreading found PLATFORM (OnThreadingCondition)

   TaskExecutorConfigurations.ThreadPoolTaskExecutorBuilderConfiguration#threadPoolTaskExecutorBuilder matched:
      - @ConditionalOnMissingBean (types: org.springframework.boot.task.ThreadPoolTaskExecutorBuilder; SearchStrategy: all) did not find any beans (OnBeanCondition)

   TaskSchedulingAutoConfiguration matched:
      - @ConditionalOnClass found required class 'org.springframework.scheduling.concurrent.ThreadPoolTaskScheduler' (OnClassCondition)

   TaskSchedulingConfigurations.SimpleAsyncTaskSchedulerBuilderConfiguration#simpleAsyncTaskSchedulerBuilder matched:
      - @ConditionalOnMissingBean (types: org.springframework.boot.task.SimpleAsyncTaskSchedulerBuilder; SearchStrategy: all) did not find any beans (OnBeanCondition)
      - @ConditionalOnThreading found PLATFORM (OnThreadingCondition)

   TaskSchedulingConfigurations.ThreadPoolTaskSchedulerBuilderConfiguration#threadPoolTaskSchedulerBuilder matched:
      - @ConditionalOnMissingBean (types: org.springframework.boot.task.ThreadPoolTaskSchedulerBuilder; SearchStrategy: all) did not find any beans (OnBeanCondition)

   TomcatServletWebServerAutoConfiguration matched:
      - @ConditionalOnClass found required classes 'jakarta.servlet.ServletRequest', 'org.apache.catalina.startup.Tomcat', 'org.apache.coyote.UpgradeProtocol', 'org.springframework.boot.tomcat.servlet.TomcatServletWebServerFactory' (OnClassCondition)
      - found 'session' scope (OnWebApplicationCondition)

   TomcatServletWebServerAutoConfiguration#tomcatServletWebServerFactory matched:
      - @ConditionalOnMissingBean (types: org.springframework.boot.web.server.servlet.ServletWebServerFactory; SearchStrategy: current) did not find any beans (OnBeanCondition)

   TomcatWebServerConfiguration matched:
      - @ConditionalOnWarDeployment the application is not deployed as a WAR file. (OnWarDeploymentCondition)

   TomcatWebServerConfiguration.TomcatWebSocketConfiguration matched:
      - @ConditionalOnClass found required class 'org.apache.tomcat.websocket.server.WsSci' (OnClassCondition)

   TransactionAutoConfiguration matched:
      - @ConditionalOnClass found required class 'org.springframework.transaction.PlatformTransactionManager' (OnClassCondition)

   TransactionAutoConfiguration.EnableTransactionManagementConfiguration matched:
      - @ConditionalOnBean (types: org.springframework.transaction.TransactionManager; SearchStrategy: all) found bean 'transactionManager'; @ConditionalOnMissingBean (types: org.springframework.transaction.annotation.AbstractTransactionManagementConfiguration; SearchStrategy: all) did not find any beans (OnBeanCondition)

   TransactionAutoConfiguration.EnableTransactionManagementConfiguration.CglibAutoProxyConfiguration matched:
      - @ConditionalOnBooleanProperty (spring.aop.proxy-target-class=true) matched (OnPropertyCondition)

   TransactionAutoConfiguration.TransactionTemplateConfiguration matched:
      - @ConditionalOnSingleCandidate (types: org.springframework.transaction.PlatformTransactionManager; SearchStrategy: all) found a single bean 'transactionManager' (OnBeanCondition)

   TransactionAutoConfiguration.TransactionTemplateConfiguration#transactionTemplate matched:
      - @ConditionalOnMissingBean (types: org.springframework.transaction.support.TransactionOperations; SearchStrategy: all) did not find any beans (OnBeanCondition)

   TransactionManagerCustomizationAutoConfiguration matched:
      - @ConditionalOnClass found required class 'org.springframework.transaction.PlatformTransactionManager' (OnClassCondition)

   TransactionManagerCustomizationAutoConfiguration#platformTransactionManagerCustomizers matched:
      - @ConditionalOnMissingBean (types: org.springframework.boot.transaction.autoconfigure.TransactionManagerCustomizers; SearchStrategy: all) did not find any beans (OnBeanCondition)

   WebMvcAutoConfiguration matched:
      - @ConditionalOnClass found required classes 'jakarta.servlet.Servlet', 'org.springframework.web.servlet.DispatcherServlet', 'org.springframework.web.servlet.config.annotation.WebMvcConfigurer' (OnClassCondition)
      - found 'session' scope (OnWebApplicationCondition)
      - @ConditionalOnMissingBean (types: org.springframework.web.servlet.config.annotation.WebMvcConfigurationSupport; SearchStrategy: all) did not find any beans (OnBeanCondition)

   WebMvcAutoConfiguration#formContentFilter matched:
      - @ConditionalOnBooleanProperty (spring.mvc.formcontent.filter.enabled=true) matched (OnPropertyCondition)
      - @ConditionalOnMissingBean (types: org.springframework.web.filter.FormContentFilter; SearchStrategy: all) did not find any beans (OnBeanCondition)

   WebMvcAutoConfiguration.EnableWebMvcConfiguration#flashMapManager matched:
      - @ConditionalOnMissingBean (names: flashMapManager; SearchStrategy: all) did not find any beans (OnBeanCondition)

   WebMvcAutoConfiguration.EnableWebMvcConfiguration#localeResolver matched:
      - @ConditionalOnMissingBean (names: localeResolver; SearchStrategy: all) did not find any beans (OnBeanCondition)

   WebMvcAutoConfiguration.EnableWebMvcConfiguration#viewNameTranslator matched:
      - @ConditionalOnMissingBean (names: viewNameTranslator; SearchStrategy: all) did not find any beans (OnBeanCondition)

   WebMvcAutoConfiguration.WebMvcAutoConfigurationAdapter#defaultViewResolver matched:
      - @ConditionalOnMissingBean (types: org.springframework.web.servlet.view.InternalResourceViewResolver; SearchStrategy: all) did not find any beans (OnBeanCondition)

   WebMvcAutoConfiguration.WebMvcAutoConfigurationAdapter#requestContextFilter matched:
      - @ConditionalOnMissingBean (types: org.springframework.web.context.request.RequestContextListener,org.springframework.web.filter.RequestContextFilter; SearchStrategy: all) did not find any beans (OnBeanCondition)

   WebMvcAutoConfiguration.WebMvcAutoConfigurationAdapter#viewResolver matched:
      - @ConditionalOnBean (types: org.springframework.web.servlet.ViewResolver; SearchStrategy: all) found beans 'defaultViewResolver', 'beanNameViewResolver', 'mvcViewResolver'; @ConditionalOnMissingBean (names: viewResolver types: org.springframework.web.servlet.view.ContentNegotiatingViewResolver; SearchStrategy: all) did not find any beans (OnBeanCondition)


Negative matches:
-----------------

   AopAutoConfiguration.AspectJAutoProxyingConfiguration.JdkDynamicAutoProxyConfiguration:
      Did not match:
         - @ConditionalOnBooleanProperty (spring.aop.proxy-target-class=false) did not find property 'spring.aop.proxy-target-class' (OnPropertyCondition)

   AopAutoConfiguration.ClassProxyingConfiguration:
      Did not match:
         - @ConditionalOnMissingClass found unwanted class 'org.aspectj.weaver.Advice' (OnClassCondition)

   DataJpaRepositoriesAutoConfiguration#entityManagerFactoryBootstrapExecutorCustomizer:
      Did not match:
         - AnyNestedCondition 0 matched 2 did not; NestedCondition on DataJpaRepositoriesAutoConfiguration.BootstrapExecutorCondition.LazyBootstrapMode @ConditionalOnProperty (spring.data.jpa.repositories.bootstrap-mode=lazy) did not find property 'spring.data.jpa.repositories.bootstrap-mode'; NestedCondition on DataJpaRepositoriesAutoConfiguration.BootstrapExecutorCondition.DeferredBootstrapMode @ConditionalOnProperty (spring.data.jpa.repositories.bootstrap-mode=deferred) did not find property 'spring.data.jpa.repositories.bootstrap-mode' (DataJpaRepositoriesAutoConfiguration.BootstrapExecutorCondition)

   DataRepositoryMetricsAutoConfiguration:
      Did not match:
         - @ConditionalOnBean did not find required type 'io.micrometer.core.instrument.MeterRegistry' (OnBeanCondition)

   DataSourceAutoConfiguration.EmbeddedDatabaseConfiguration:
      Did not match:
         - EmbeddedDataSource spring.datasource.url is set (DataSourceAutoConfiguration.EmbeddedDatabaseCondition)

   DataSourceCheckpointRestoreConfiguration:
      Did not match:
         - @ConditionalOnClass did not find required class 'org.crac.Resource' (OnClassCondition)

   DataSourceConfiguration.Dbcp2:
      Did not match:
         - @ConditionalOnClass did not find required class 'org.apache.commons.dbcp2.BasicDataSource' (OnClassCondition)

   DataSourceConfiguration.Generic:
      Did not match:
         - @ConditionalOnProperty (spring.datasource.type) did not find property 'spring.datasource.type' (OnPropertyCondition)

   DataSourceConfiguration.OracleUcp:
      Did not match:
         - @ConditionalOnClass did not find required classes 'oracle.ucp.jdbc.PoolDataSourceImpl', 'oracle.jdbc.OracleConnection' (OnClassCondition)

   DataSourceConfiguration.Tomcat:
      Did not match:
         - @ConditionalOnClass did not find required class 'org.apache.tomcat.jdbc.pool.DataSource' (OnClassCondition)

   DataSourceHealthContributorAutoConfiguration:
      Did not match:
         - @ConditionalOnClass did not find required class 'org.springframework.boot.health.autoconfigure.contributor.ConditionalOnEnabledHealthIndicator' (OnClassCondition)

   DataSourceJmxConfiguration.TomcatDataSourceJmxConfiguration:
      Did not match:
         - @ConditionalOnClass did not find required class 'org.apache.tomcat.jdbc.pool.DataSourceProxy' (OnClassCondition)

   DataSourcePoolMetadataProvidersConfiguration.CommonsDbcp2PoolDataSourceMetadataProviderConfiguration:
      Did not match:
         - @ConditionalOnClass did not find required class 'org.apache.commons.dbcp2.BasicDataSource' (OnClassCondition)

   DataSourcePoolMetadataProvidersConfiguration.OracleUcpPoolDataSourceMetadataProviderConfiguration:
      Did not match:
         - @ConditionalOnClass did not find required classes 'oracle.ucp.jdbc.PoolDataSource', 'oracle.jdbc.OracleConnection' (OnClassCondition)

   DataSourcePoolMetadataProvidersConfiguration.TomcatDataSourcePoolMetadataProviderConfiguration:
      Did not match:
         - @ConditionalOnClass did not find required class 'org.apache.tomcat.jdbc.pool.DataSource' (OnClassCondition)

   DataSourcePoolMetricsAutoConfiguration:
      Did not match:
         - @ConditionalOnClass did not find required class 'io.micrometer.core.instrument.MeterRegistry' (OnClassCondition)

   DataSourceTransactionManagerAutoConfiguration.JdbcTransactionManagerConfiguration#transactionManager:
      Did not match:
         - @ConditionalOnMissingBean (types: org.springframework.transaction.TransactionManager; SearchStrategy: all) found beans of type 'org.springframework.transaction.TransactionManager' transactionManager (OnBeanCondition)

   DispatcherServletAutoConfiguration.DispatcherServletConfiguration#multipartResolver:
      Did not match:
         - @ConditionalOnBean (types: org.springframework.web.multipart.MultipartResolver; SearchStrategy: all) did not find any beans of type org.springframework.web.multipart.MultipartResolver (OnBeanCondition)

   GsonHttpMessageConvertersConfiguration:
      Did not match:
         - @ConditionalOnClass did not find required class 'com.google.gson.Gson' (OnClassCondition)

   HibernateMetricsAutoConfiguration:
      Did not match:
         - @ConditionalOnClass did not find required class 'io.micrometer.core.instrument.MeterRegistry' (OnClassCondition)

   Jackson2HttpMessageConvertersConfiguration.MappingJackson2HttpMessageConverterConfiguration:
      Did not match:
         - @ConditionalOnClass did not find required class 'com.fasterxml.jackson.databind.ObjectMapper' (OnClassCondition)

   Jackson2HttpMessageConvertersConfiguration.MappingJackson2XmlHttpMessageConverterConfiguration:
      Did not match:
         - @ConditionalOnClass did not find required class 'com.fasterxml.jackson.dataformat.xml.XmlMapper' (OnClassCondition)

   JacksonAutoConfiguration.CborConfiguration:
      Did not match:
         - @ConditionalOnClass did not find required class 'tools.jackson.dataformat.cbor.CBORMapper' (OnClassCondition)

   JacksonAutoConfiguration.XmlConfiguration:
      Did not match:
         - @ConditionalOnClass did not find required class 'tools.jackson.dataformat.xml.XmlMapper' (OnClassCondition)

   JacksonHttpMessageConvertersConfiguration.JacksonXmlHttpMessageConverterConfiguration:
      Did not match:
         - @ConditionalOnClass did not find required class 'tools.jackson.dataformat.xml.XmlMapper' (OnClassCondition)

   JndiDataSourceAutoConfiguration:
      Did not match:
         - @ConditionalOnProperty (spring.datasource.jndi-name) did not find property 'spring.datasource.jndi-name' (OnPropertyCondition)
      Matched:
         - @ConditionalOnClass found required classes 'javax.sql.DataSource', 'org.springframework.jdbc.datasource.embedded.EmbeddedDatabaseType' (OnClassCondition)

   JndiJtaConfiguration:
      Did not match:
         - @ConditionalOnJndi JNDI environment is not available (OnJndiCondition)
      Matched:
         - @ConditionalOnClass found required class 'org.springframework.transaction.jta.JtaTransactionManager' (OnClassCondition)

   JsonbHttpMessageConvertersConfiguration:
      Did not match:
         - @ConditionalOnClass did not find required class 'jakarta.json.bind.Jsonb' (OnClassCondition)

   KotlinSerializationHttpMessageConvertersConfiguration:
      Did not match:
         - @ConditionalOnClass did not find required classes 'kotlinx.serialization.Serializable', 'kotlinx.serialization.json.Json' (OnClassCondition)

   MessageSourceAutoConfiguration:
      Did not match:
         - ResourceBundle did not find bundle with basename messages (MessageSourceAutoConfiguration.ResourceBundleCondition)

   MybatisLanguageDriverAutoConfiguration.FreeMarkerConfiguration:
      Did not match:
         - @ConditionalOnClass did not find required classes 'org.mybatis.scripting.freemarker.FreeMarkerLanguageDriver', 'org.mybatis.scripting.freemarker.FreeMarkerLanguageDriverConfig' (OnClassCondition)

   MybatisLanguageDriverAutoConfiguration.LegacyFreeMarkerConfiguration:
      Did not match:
         - @ConditionalOnClass did not find required class 'org.mybatis.scripting.freemarker.FreeMarkerLanguageDriver' (OnClassCondition)

   MybatisLanguageDriverAutoConfiguration.LegacyVelocityConfiguration:
      Did not match:
         - @ConditionalOnClass did not find required class 'org.mybatis.scripting.velocity.Driver' (OnClassCondition)

   MybatisLanguageDriverAutoConfiguration.ThymeleafConfiguration:
      Did not match:
         - @ConditionalOnClass did not find required class 'org.mybatis.scripting.thymeleaf.ThymeleafLanguageDriver' (OnClassCondition)

   MybatisLanguageDriverAutoConfiguration.VelocityConfiguration:
      Did not match:
         - @ConditionalOnClass did not find required classes 'org.mybatis.scripting.velocity.VelocityLanguageDriver', 'org.mybatis.scripting.velocity.VelocityLanguageDriverConfig' (OnClassCondition)

   ProjectInfoAutoConfiguration#buildProperties:
      Did not match:
         - @ConditionalOnResource did not find resource '${spring.info.build.location:classpath:META-INF/build-info.properties}' (OnResourceCondition)

   ProjectInfoAutoConfiguration#gitProperties:
      Did not match:
         - GitResource did not find git info at classpath:git.properties (ProjectInfoAutoConfiguration.GitResourceAvailableCondition)

   ServletHttpExchangesAutoConfiguration:
      Did not match:
         - @ConditionalOnBean did not find required type 'org.springframework.boot.actuate.web.exchanges.HttpExchangeRepository' (OnBeanCondition)

   ServletManagementContextAutoConfiguration:
      Did not match:
         - @ConditionalOnClass did not find required class 'org.springframework.boot.actuate.autoconfigure.endpoint.web.WebEndpointProperties' (OnClassCondition)

   ServletMappingsAutoConfiguration:
      Did not match:
         - @ConditionalOnClass did not find required class 'org.springframework.boot.actuate.autoconfigure.endpoint.condition.ConditionalOnAvailableEndpoint' (OnClassCondition)

   ServletWebServerConfiguration#forwardedHeaderFilter:
      Did not match:
         - @ConditionalOnProperty (server.forward-headers-strategy=framework) did not find property 'server.forward-headers-strategy' (OnPropertyCondition)

   TaskExecutorConfigurations.AsyncConfigurerWrapperConfiguration:
      Did not match:
         - @ConditionalOnBean (types: org.springframework.scheduling.annotation.AsyncConfigurer; SearchStrategy: all) did not find any beans of type org.springframework.scheduling.annotation.AsyncConfigurer (OnBeanCondition)

   TaskExecutorConfigurations.SimpleAsyncTaskExecutorBuilderConfiguration#simpleAsyncTaskExecutorBuilderVirtualThreads:
      Did not match:
         - @ConditionalOnMissingBean (types: org.springframework.boot.task.SimpleAsyncTaskExecutorBuilder; SearchStrategy: all) found beans of type 'org.springframework.boot.task.SimpleAsyncTaskExecutorBuilder' simpleAsyncTaskExecutorBuilder (OnBeanCondition)

   TaskExecutorConfigurations.TaskExecutorConfiguration#applicationTaskExecutorVirtualThreads:
      Did not match:
         - @ConditionalOnThreading did not find VIRTUAL (OnThreadingCondition)

   TaskSchedulingAutoConfiguration#scheduledBeanLazyInitializationExcludeFilter:
      Did not match:
         - @ConditionalOnBean (names: org.springframework.scheduling.config.internalScheduledAnnotationProcessor; SearchStrategy: all) did not find any beans named org.springframework.scheduling.config.internalScheduledAnnotationProcessor (OnBeanCondition)

   TaskSchedulingConfigurations.SimpleAsyncTaskSchedulerBuilderConfiguration#simpleAsyncTaskSchedulerBuilderVirtualThreads:
      Did not match:
         - @ConditionalOnMissingBean (types: org.springframework.boot.task.SimpleAsyncTaskSchedulerBuilder; SearchStrategy: all) found beans of type 'org.springframework.boot.task.SimpleAsyncTaskSchedulerBuilder' simpleAsyncTaskSchedulerBuilder (OnBeanCondition)

   TaskSchedulingConfigurations.TaskSchedulerConfiguration:
      Did not match:
         - @ConditionalOnBean (names: org.springframework.scheduling.config.internalScheduledAnnotationProcessor; SearchStrategy: all) did not find any beans named org.springframework.scheduling.config.internalScheduledAnnotationProcessor (OnBeanCondition)

   TomcatMetricsAutoConfiguration:
      Did not match:
         - @ConditionalOnClass did not find required class 'io.micrometer.core.instrument.binder.tomcat.TomcatMetrics' (OnClassCondition)

   TomcatReactiveManagementContextAutoConfiguration:
      Did not match:
         - @ConditionalOnClass did not find required class 'org.springframework.boot.actuate.autoconfigure.web.server.ManagementContextFactory' (OnClassCondition)

   TomcatReactiveWebServerAutoConfiguration:
      Did not match:
         - @ConditionalOnWebApplication did not find reactive web application classes (OnWebApplicationCondition)

   TomcatServletManagementContextAutoConfiguration:
      Did not match:
         - @ConditionalOnClass did not find required class 'org.springframework.boot.actuate.autoconfigure.web.server.ManagementContextFactory' (OnClassCondition)

   TomcatServletWebServerAutoConfiguration#tomcatForwardedHeaderFilterCustomizer:
      Did not match:
         - @ConditionalOnProperty (server.forward-headers-strategy=framework) did not find property 'server.forward-headers-strategy' (OnPropertyCondition)

   TomcatWebServerConfiguration#tomcatVirtualThreadsProtocolHandlerCustomizer:
      Did not match:
         - @ConditionalOnThreading did not find VIRTUAL (OnThreadingCondition)

   TransactionAutoConfiguration#transactionalOperator:
      Did not match:
         - @ConditionalOnSingleCandidate (types: org.springframework.transaction.ReactiveTransactionManager; SearchStrategy: all) did not find any beans (OnBeanCondition)

   TransactionAutoConfiguration.AspectJTransactionManagementConfiguration:
      Did not match:
         - @ConditionalOnBean (types: org.springframework.transaction.aspectj.AbstractTransactionAspect; SearchStrategy: all) did not find any beans of type org.springframework.transaction.aspectj.AbstractTransactionAspect (OnBeanCondition)

   TransactionAutoConfiguration.EnableTransactionManagementConfiguration.JdkDynamicAutoProxyConfiguration:
      Did not match:
         - @ConditionalOnBooleanProperty (spring.aop.proxy-target-class=false) did not find property 'spring.aop.proxy-target-class' (OnPropertyCondition)

   WebMvcAutoConfiguration#hiddenHttpMethodFilter:
      Did not match:
         - @ConditionalOnBooleanProperty (spring.mvc.hiddenmethod.filter.enabled=true) did not find property 'spring.mvc.hiddenmethod.filter.enabled' (OnPropertyCondition)

   WebMvcAutoConfiguration.ProblemDetailsErrorHandlingConfiguration:
      Did not match:
         - @ConditionalOnBooleanProperty (spring.mvc.problemdetails.enabled=true) did not find property 'spring.mvc.problemdetails.enabled' (OnPropertyCondition)

   WebMvcAutoConfiguration.ResourceChainCustomizerConfiguration:
      Did not match:
         - @ConditionalOnEnabledResourceChain did not find class org.webjars.WebJarVersionLocator (OnEnabledResourceChainCondition)

   WebMvcAutoConfiguration.WebMvcAutoConfigurationAdapter#beanNameViewResolver:
      Did not match:
         - @ConditionalOnMissingBean (types: org.springframework.web.servlet.view.BeanNameViewResolver; SearchStrategy: all) found beans of type 'org.springframework.web.servlet.view.BeanNameViewResolver' beanNameViewResolver (OnBeanCondition)

   WebMvcHealthEndpointExtensionAutoConfiguration:
      Did not match:
         - @ConditionalOnClass did not find required class 'org.springframework.boot.health.actuate.endpoint.HealthEndpoint' (OnClassCondition)

   WebMvcMappingsAutoConfiguration:
      Did not match:
         - @ConditionalOnClass did not find required class 'org.springframework.boot.actuate.autoconfigure.endpoint.condition.ConditionalOnAvailableEndpoint' (OnClassCondition)

   WebMvcObservationAutoConfiguration:
      Did not match:
         - @ConditionalOnClass did not find required class 'org.springframework.boot.micrometer.observation.autoconfigure.ObservationProperties' (OnClassCondition)

   XADataSourceAutoConfiguration:
      Did not match:
         - @ConditionalOnBean (types: org.springframework.boot.jdbc.XADataSourceWrapper; SearchStrategy: all) did not find any beans of type org.springframework.boot.jdbc.XADataSourceWrapper (OnBeanCondition)
      Matched:
         - @ConditionalOnClass found required classes 'javax.sql.DataSource', 'jakarta.transaction.TransactionManager', 'org.springframework.jdbc.datasource.embedded.EmbeddedDatabaseType' (OnClassCondition)


Exclusions:
-----------

    None


Unconditional classes:
----------------------

    org.springframework.boot.autoconfigure.context.ConfigurationPropertiesAutoConfiguration

    org.springframework.boot.autoconfigure.ssl.SslAutoConfiguration

    org.springframework.boot.autoconfigure.context.LifecycleAutoConfiguration

    org.springframework.boot.autoconfigure.context.PropertyPlaceholderAutoConfiguration

    org.springframework.boot.autoconfigure.availability.ApplicationAvailabilityAutoConfiguration

    org.springframework.boot.autoconfigure.info.ProjectInfoAutoConfiguration



2026-06-07 22:55:20 INFO  com.pup.taguig.app.OrderManagementApplication - Started OrderManagementApplication in 1.966 seconds (process running for 2.755)
2026-06-07 22:55:20 DEBUG org.springframework.boot.availability.ApplicationAvailabilityBean - Application availability state LivenessState changed to CORRECT
2026-06-07 22:55:20 DEBUG org.springframework.boot.availability.ApplicationAvailabilityBean - Application availability state ReadinessState changed to ACCEPTING_TRAFFIC
2026-06-07 22:55:20 DEBUG sun.rmi.transport.tcp - RMI TCP Connection(2)-127.0.0.1: (port 59264) op = 82
2026-06-07 22:55:20 DEBUG sun.rmi.transport.tcp - RMI TCP Connection(2)-127.0.0.1: (port 59264) op = 80
2026-06-07 22:55:20 DEBUG sun.rmi.loader - RMI TCP Connection(2)-127.0.0.1: name = "javax.management.ObjectName", codebase = ""
2026-06-07 22:55:20 DEBUG javax.management.remote.rmi - connectionId=rmi://127.0.0.1  1, name=org.springframework.boot:type=Admin,name=SpringApplication, attribute=Ready
2026-06-07 22:55:47 DEBUG sun.rmi.transport.tcp - RMI TCP Connection(2)-127.0.0.1: (port 59264) connection closed
2026-06-07 22:55:47 DEBUG sun.rmi.transport.tcp - RMI TCP Connection(1)-127.0.0.1: (port 59262) connection closed
2026-06-07 22:55:47 DEBUG sun.rmi.transport.tcp - RMI TCP Connection(1)-127.0.0.1: close connection, socket: Socket[addr=/127.0.0.1,port=59266,localport=59262]
2026-06-07 22:55:47 DEBUG sun.rmi.transport.tcp - RMI TCP Connection(2)-127.0.0.1: close connection, socket: Socket[addr=/127.0.0.1,port=59267,localport=59264]
2026-06-07 22:55:47 DEBUG sun.rmi.transport.tcp - RMI TCP Connection(1)-127.0.0.1: socket close: Socket[addr=/127.0.0.1,port=59266,localport=59262]
2026-06-07 22:55:47 DEBUG sun.rmi.transport.tcp - RMI TCP Connection(2)-127.0.0.1: socket close: Socket[addr=/127.0.0.1,port=59267,localport=59264]
2026-06-07 22:55:49 DEBUG com.zaxxer.hikari.pool.HikariPool - HikariPool-1 - Pool stats (total=10/10, idle=10/10, active=0, waiting=0)
2026-06-07 22:55:49 DEBUG com.zaxxer.hikari.pool.HikariPool - HikariPool-1 - Fill pool skipped, pool has sufficient level or currently being filled.
2026-06-07 22:56:17 DEBUG sun.rmi.transport.tcp - RMI TCP Connection(3)-127.0.0.1: accepted socket from [127.0.0.1:59279]
2026-06-07 22:56:17 DEBUG sun.rmi.transport.tcp - RMI TCP Connection(3)-127.0.0.1: (port 59264) op = 80
2026-06-07 22:56:17 DEBUG javax.management.remote.rmi - connectionId=rmi://127.0.0.1  1
2026-06-07 22:56:19 DEBUG com.zaxxer.hikari.pool.HikariPool - HikariPool-1 - Pool stats (total=10/10, idle=10/10, active=0, waiting=0)
2026-06-07 22:56:19 DEBUG com.zaxxer.hikari.pool.HikariPool - HikariPool-1 - Fill pool skipped, pool has sufficient level or currently being filled.
2026-06-07 22:56:32 DEBUG sun.rmi.transport.tcp - RMI TCP Connection(3)-127.0.0.1: (port 59264) connection closed
2026-06-07 22:56:32 DEBUG sun.rmi.transport.tcp - RMI TCP Connection(3)-127.0.0.1: close connection, socket: Socket[addr=/127.0.0.1,port=59279,localport=59264]
2026-06-07 22:56:32 DEBUG sun.rmi.transport.tcp - RMI TCP Connection(3)-127.0.0.1: socket close: Socket[addr=/127.0.0.1,port=59279,localport=59264]
2026-06-07 22:56:45 DEBUG sun.rmi.transport.tcp - RMI TCP Connection(4)-127.0.0.1: accepted socket from [127.0.0.1:59280]
2026-06-07 22:56:45 DEBUG sun.rmi.transport.tcp - RMI TCP Connection(4)-127.0.0.1: (port 59262) op = 80
2026-06-07 22:56:45 DEBUG sun.rmi.transport.tcp - RMI TCP Connection(4)-127.0.0.1: (port 59262) op = 84
2026-06-07 22:56:45 DEBUG sun.rmi.transport.tcp - RMI TCP Connection(5)-127.0.0.1: accepted socket from [127.0.0.1:59281]
2026-06-07 22:56:45 DEBUG sun.rmi.transport.tcp - RMI TCP Connection(5)-127.0.0.1: (port 59264) op = 80
2026-06-07 22:56:45 DEBUG sun.rmi.transport.tcp - RMI TCP Connection(5)-127.0.0.1: (port 59264) op = 80
2026-06-07 22:56:45 DEBUG sun.rmi.loader - RMI TCP Connection(5)-127.0.0.1: name = "[Ljava.rmi.server.ObjID;", codebase = "", defaultLoader = jdk.internal.loader.ClassLoaders$PlatformClassLoader@650ce99
2026-06-07 22:56:45 DEBUG sun.rmi.loader - RMI TCP Connection(5)-127.0.0.1: name = "java.rmi.server.ObjID", codebase = "", defaultLoader = jdk.internal.loader.ClassLoaders$PlatformClassLoader@650ce99
2026-06-07 22:56:45 DEBUG sun.rmi.loader - RMI TCP Connection(5)-127.0.0.1: name = "java.rmi.server.UID", codebase = "", defaultLoader = jdk.internal.loader.ClassLoaders$PlatformClassLoader@650ce99
2026-06-07 22:56:45 DEBUG sun.rmi.loader - RMI TCP Connection(5)-127.0.0.1: name = "java.rmi.dgc.Lease", codebase = "", defaultLoader = jdk.internal.loader.ClassLoaders$PlatformClassLoader@650ce99
2026-06-07 22:56:45 DEBUG sun.rmi.loader - RMI TCP Connection(5)-127.0.0.1: name = "java.rmi.dgc.VMID", codebase = "", defaultLoader = jdk.internal.loader.ClassLoaders$PlatformClassLoader@650ce99
2026-06-07 22:56:45 DEBUG sun.rmi.loader - RMI TCP Connection(5)-127.0.0.1: name = "[B", codebase = "", defaultLoader = jdk.internal.loader.ClassLoaders$PlatformClassLoader@650ce99
2026-06-07 22:56:45 DEBUG sun.rmi.transport.tcp - RMI TCP Connection(5)-127.0.0.1: (port 59264) op = 84
2026-06-07 22:56:45 DEBUG sun.rmi.transport.tcp - RMI TCP Connection(5)-127.0.0.1: (port 59264) op = 80
2026-06-07 22:56:45 DEBUG sun.rmi.transport.tcp - RMI TCP Connection(5)-127.0.0.1: (port 59264) op = 80
2026-06-07 22:56:45 DEBUG sun.rmi.loader - RMI TCP Connection(5)-127.0.0.1: name = "javax.management.ObjectName", codebase = ""
2026-06-07 22:56:45 DEBUG sun.rmi.loader - RMI TCP Connection(5)-127.0.0.1: name = "java.rmi.MarshalledObject", codebase = ""
2026-06-07 22:56:45 DEBUG javax.management.remote.rmi - connectionId=rmi://127.0.0.1  2 unwrapping params with MBean extended ClassLoader.
2026-06-07 22:56:45 DEBUG javax.management.remote.rmi - connectionId=rmi://127.0.0.1  2, name=org.springframework.boot:type=Admin,name=SpringApplication, operationName=shutdown, signature=null
2026-06-07 22:56:45 INFO  org.springframework.boot.admin.SpringApplicationAdminMXBeanRegistrar$SpringApplicationAdmin - Application shutdown requested.
2026-06-07 22:56:45 DEBUG org.springframework.boot.availability.ApplicationAvailabilityBean - Application availability state ReadinessState changed from ACCEPTING_TRAFFIC to REFUSING_TRAFFIC
2026-06-07 22:56:45 DEBUG org.springframework.boot.web.server.servlet.context.AnnotationConfigServletWebServerApplicationContext - Closing org.springframework.boot.web.server.servlet.context.AnnotationConfigServletWebServerApplicationContext@372b0d86, started on Sun Jun 07 22:55:18 PST 2026
2026-06-07 22:56:45 DEBUG org.springframework.context.support.DefaultLifecycleProcessor - Stopping beans in phase 2147482623
2026-06-07 22:56:45 INFO  org.springframework.boot.tomcat.GracefulShutdown - Commencing graceful shutdown. Waiting for active requests to complete
2026-06-07 22:56:45 INFO  org.apache.coyote.http11.Http11NioProtocol - Pausing ProtocolHandler ["http-nio-8080"]
2026-06-07 22:56:45 INFO  org.springframework.boot.tomcat.GracefulShutdown - Graceful shutdown complete
2026-06-07 22:56:45 DEBUG org.springframework.context.support.DefaultLifecycleProcessor - Stopping beans in phase 2147481599
2026-06-07 22:56:45 DEBUG org.springframework.context.support.DefaultLifecycleProcessor - Bean 'webServerGracefulShutdown' completed its stop procedure
2026-06-07 22:56:45 DEBUG org.apache.catalina.util.LifecycleBase - Setting state for [Connector["http-nio-8080"]] to [STOPPING_PREP]
2026-06-07 22:56:45 DEBUG org.apache.catalina.util.LifecycleBase - Setting state for [Connector["http-nio-8080"]] to [STOPPING]
2026-06-07 22:56:45 INFO  org.apache.coyote.http11.Http11NioProtocol - Stopping ProtocolHandler ["http-nio-8080"]
2026-06-07 22:56:45 DEBUG org.apache.catalina.util.LifecycleBase - Setting state for [Connector["http-nio-8080"]] to [STOPPED]
2026-06-07 22:56:45 DEBUG org.springframework.context.support.DefaultLifecycleProcessor - Bean 'webServerStartStop' completed its stop procedure
2026-06-07 22:56:45 DEBUG org.springframework.context.support.DefaultLifecycleProcessor - Stopping beans in phase 1073741823
2026-06-07 22:56:45 DEBUG org.springframework.context.support.DefaultLifecycleProcessor - Bean 'applicationTaskExecutor' completed its stop procedure
2026-06-07 22:56:45 DEBUG org.springframework.context.support.DefaultLifecycleProcessor - Stopping beans in phase -2147483647
2026-06-07 22:56:45 DEBUG org.springframework.context.support.DefaultLifecycleProcessor - Bean 'springBootLoggingLifecycle' completed its stop procedure
2026-06-07 22:56:45 DEBUG org.springframework.jmx.export.annotation.AnnotationMBeanExporter - Unregistering JMX-exposed beans on shutdown
2026-06-07 22:56:45 DEBUG org.springframework.jmx.export.annotation.AnnotationMBeanExporter - Unregistering JMX-exposed beans
2026-06-07 22:56:45 INFO  org.springframework.orm.jpa.LocalContainerEntityManagerFactoryBean - Closing JPA EntityManagerFactory for persistence unit 'default'
2026-06-07 22:56:45 DEBUG org.hibernate.orm.factory - HHH90020005: Closing factory [5074fde8-224c-4f8c-ad06-36a12630ff3f]
2026-06-07 22:56:45 INFO  com.zaxxer.hikari.HikariDataSource - HikariPool-1 - Shutdown initiated...
2026-06-07 22:56:45 DEBUG com.zaxxer.hikari.pool.HikariPool - HikariPool-1 - Before shutdown stats (total=10/10, idle=10/10, active=0, waiting=0)
2026-06-07 22:56:45 DEBUG com.zaxxer.hikari.pool.PoolBase - HikariPool-1 - Closing connection com.mysql.cj.jdbc.ConnectionImpl@134955bb: (connection evicted)
2026-06-07 22:56:45 DEBUG com.zaxxer.hikari.pool.PoolBase - HikariPool-1 - Closing connection com.mysql.cj.jdbc.ConnectionImpl@5d45ded8: (connection evicted)
2026-06-07 22:56:45 DEBUG com.zaxxer.hikari.pool.PoolBase - HikariPool-1 - Closing connection com.mysql.cj.jdbc.ConnectionImpl@1c78d4e3: (connection evicted)
2026-06-07 22:56:45 DEBUG com.zaxxer.hikari.pool.PoolBase - HikariPool-1 - Closing connection com.mysql.cj.jdbc.ConnectionImpl@2d2ecf55: (connection evicted)
2026-06-07 22:56:45 DEBUG com.zaxxer.hikari.pool.PoolBase - HikariPool-1 - Closing connection com.mysql.cj.jdbc.ConnectionImpl@51de1961: (connection evicted)
2026-06-07 22:56:45 DEBUG com.zaxxer.hikari.pool.PoolBase - HikariPool-1 - Closing connection com.mysql.cj.jdbc.ConnectionImpl@7819b352: (connection evicted)
2026-06-07 22:56:45 DEBUG com.zaxxer.hikari.pool.PoolBase - HikariPool-1 - Closing connection com.mysql.cj.jdbc.ConnectionImpl@5afc911c: (connection evicted)
2026-06-07 22:56:45 DEBUG com.zaxxer.hikari.pool.PoolBase - HikariPool-1 - Closing connection com.mysql.cj.jdbc.ConnectionImpl@65bed331: (connection evicted)
2026-06-07 22:56:45 DEBUG com.zaxxer.hikari.pool.PoolBase - HikariPool-1 - Closing connection com.mysql.cj.jdbc.ConnectionImpl@6f2c1c56: (connection evicted)
2026-06-07 22:56:45 DEBUG com.zaxxer.hikari.pool.PoolBase - HikariPool-1 - Closing connection com.mysql.cj.jdbc.ConnectionImpl@6f49d1f6: (connection evicted)
2026-06-07 22:56:45 DEBUG com.zaxxer.hikari.pool.HikariPool - HikariPool-1 - After  shutdown stats (total=0/10, idle=0/10, active=0, waiting=0)
2026-06-07 22:56:45 INFO  com.zaxxer.hikari.HikariDataSource - HikariPool-1 - Shutdown completed.
2026-06-07 22:56:45 DEBUG org.springframework.scheduling.concurrent.ThreadPoolTaskExecutor - Shutting down ExecutorService 'applicationTaskExecutor'
